{"type":"FeatureCollection","features":[
{"type":"Feature","properties":{"name":"Comuna 1","georefId":"02007","provinciaGeorefId":"02","tipo":"Comuna"},"geometry":{"type":"Polygon","coordinates":[[[-58.3739,-34.5787],[-58.3898,-34.5782],[-58.3837,-34.5875],[-58.3929,-34.5997],[-58.3911,-34.6273],[-58.3903,-34.6341],[-58.3801,-34.633],[-58.356,-34.6177],[-58.3453,-34.6187],[-58.3398,-34.6148],[-58.3468,-34.6024],[-58.3567,-34.5949],[-58.368,-34.5975],[-58.3616,-34.5812],[-58.3739,-34.5787]]]}},
{"type":"Feature","properties":{"name":"Comuna 2","georefId":"02014","provinciaGeorefId":"02","tipo":"Comuna"},"geometry":{"type":"Polygon","coordinates":[[[-58.3739,-34.5787],[-58.3814,-34.5683],[-58.3913,-34.5704],[-58.3834,-34.5762],[-58.3925,-34.5722],[-58.4001,-34.5694],[-58.3965,-34.5785],[-58.416,-34.5979],[-58.4119,-34.598],[-58.3929,-34.5997],[-58.3837,-34.5875],[-58.3898,-34.5782],[-58.3739,-34.5787]]]}},
{"type":"Feature","properties":{"name":"Comuna 3","georefId":"02021","provinciaGeorefId":"02","tipo":"Comuna"},"geometry":{"type":"Polygon","coordinates":[[[-58.3929,-34.5997],[-58.4119,-34.598],[-58.4117,-34.6304],[-58.3911,-34.6273],[-58.3929,-34.5997]]]}},
{"type":"Feature","properties":{"name":"Comuna 4","georefId":"02028","provinciaGeorefId":"02","tipo":"Comuna"},"geometry":{"type":"Polygon","coordinates":[[[-58.3453,-34.6187],[-58.356,-34.6177],[-58.3801,-34.633],[-58.3903,-34.6341],[-58.3911,-34.6273],[-58.4117,-34.6304],[-58.4112,-34.6381],[-58.4235,-34.6402],[-58.4323,-34.6418],[-58.4344,-34.6531],[-58.4238,-34.6623],[-58.4025,-34.66],[-58.3741,-34.6572],[-58.3419,-34.6311],[-58.3442,-34.6263],[-58.3352,-34.6265],[-58.3453,-34.6187]]]}},
{"type":"Feature","properties":{"name":"Comuna 5","georefId":"02035","provinciaGeorefId":"02","tipo":"Comuna"},"geometry":{"type":"Polygon","coordinates":[[[-58.416,-34.5979],[-58.4233,-34.5978],[-58.4333,-34.6027],[-58.4267,-34.627],[-58.4235,-34.6402],[-58.4112,-34.6381],[-58.4117,-34.6304],[-58.4119,-34.598],[-58.416,-34.5979]]]}},
{"type":"Feature","properties":{"name":"Comuna 6","georefId":"02042","provinciaGeorefId":"02","tipo":"Comuna"},"geometry":{"type":"Polygon","coordinates":[[[-58.4267,-34.627],[-58.4333,-34.6027],[-58.4584,-34.6045],[-58.4594,-34.6139],[-58.4515,-34.6307],[-58.4267,-34.627]]]}},
{"type":"Feature","properties":{"name":"Comuna 7","georefId":"02049","provinciaGeorefId":"02","tipo":"Comuna"},"geometry":{"type":"Polygon","coordinates":[[[-58.4267,-34.627],[-58.4515,-34.6307],[-58.4594,-34.6139],[-58.4778,-34.6224],[-58.4713,-34.6367],[-58.4604,-34.6568],[-58.4546,-34.6508],[-58.4344,-34.6531],[-58.4323,-34.6418],[-58.4235,-34.6402],[-58.4267,-34.627]]]}},
{"type":"Feature","properties":{"name":"Comuna 8","georefId":"02056","provinciaGeorefId":"02","tipo":"Comuna"},"geometry":{"type":"Polygon","coordinates":[[[-58.4344,-34.6531],[-58.4546,-34.6508],[-58.4604,-34.6568],[-58.4725,-34.6628],[-58.4788,-34.6579],[-58.5026,-34.6746],[-58.4617,-34.7051],[-58.4469,-34.6888],[-58.4238,-34.6623],[-58.4344,-34.6531]]]}},
{"type":"Feature","properties":{"name":"Comuna 9","georefId":"02063","provinciaGeorefId":"02","tipo":"Comuna"},"geometry":{"type":"Polygon","coordinates":[[[-58.4713,-34.6367],[-58.5023,-34.6458],[-58.5068,-34.6358],[-58.5304,-34.6348],[-58.5292,-34.6546],[-58.5026,-34.6746],[-58.4788,-34.6579],[-58.4725,-34.6628],[-58.4604,-34.6568],[-58.4713,-34.6367]]]}},
{"type":"Feature","properties":{"name":"Comuna 10","georefId":"02070","provinciaGeorefId":"02","tipo":"Comuna"},"geometry":{"type":"Polygon","coordinates":[[[-58.4778,-34.6224],[-58.5002,-34.6091],[-58.5169,-34.6202],[-58.5292,-34.6111],[-58.5304,-34.6348],[-58.5068,-34.6358],[-58.5023,-34.6458],[-58.4713,-34.6367],[-58.4778,-34.6224]]]}},
{"type":"Feature","properties":{"name":"Comuna 11","georefId":"02077","provinciaGeorefId":"02","tipo":"Comuna"},"geometry":{"type":"Polygon","coordinates":[[[-58.4584,-34.6045],[-58.5034,-34.594],[-58.5155,-34.5813],[-58.523,-34.5976],[-58.5292,-34.6111],[-58.5169,-34.6202],[-58.5002,-34.6091],[-58.4778,-34.6224],[-58.4594,-34.6139],[-58.4584,-34.6045]]]}},
{"type":"Feature","properties":{"name":"Comuna 12","georefId":"02084","provinciaGeorefId":"02","tipo":"Comuna"},"geometry":{"type":"Polygon","coordinates":[[[-58.5034,-34.594],[-58.468,-34.5729],[-58.4761,-34.5384],[-58.5008,-34.5495],[-58.51,-34.5692],[-58.5155,-34.5813],[-58.5034,-34.594]]]}},
{"type":"Feature","properties":{"name":"Comuna 13","georefId":"02091","provinciaGeorefId":"02","tipo":"Comuna"},"geometry":{"type":"Polygon","coordinates":[[[-58.4256,-34.5523],[-58.4596,-34.5278],[-58.4761,-34.5384],[-58.468,-34.5729],[-58.4444,-34.5832],[-58.4407,-34.5721],[-58.449,-34.5679],[-58.4256,-34.5523]]]}},
{"type":"Feature","properties":{"name":"Comuna 14","georefId":"02098","provinciaGeorefId":"02","tipo":"Comuna"},"geometry":{"type":"Polygon","coordinates":[[[-58.4256,-34.5523],[-58.449,-34.5679],[-58.4407,-34.5721],[-58.4444,-34.5832],[-58.4233,-34.5978],[-58.416,-34.5979],[-58.3965,-34.5785],[-58.4001,-34.5694],[-58.3925,-34.5722],[-58.4256,-34.5523]]]}},
{"type":"Feature","properties":{"name":"Comuna 15","georefId":"02105","provinciaGeorefId":"02","tipo":"Comuna"},"geometry":{"type":"Polygon","coordinates":[[[-58.4444,-34.5832],[-58.468,-34.5729],[-58.5034,-34.594],[-58.4584,-34.6045],[-58.4333,-34.6027],[-58.4233,-34.5978],[-58.4444,-34.5832]]]}},
{"type":"Feature","properties":{"name":"Adolfo Alsina","georefId":"06007","provinciaGeorefId":"06","tipo":"Partido"},"geometry":{"type":"Polygon","coordinates":[[[-63.2828,-36.6076],[-63.3854,-36.5249],[-63.3852,-36.7957],[-63.3852,-36.8078],[-63.3853,-36.8086],[-63.3853,-36.8763],[-63.3853,-37.2584],[-63.3853,-37.2589],[-63.3853,-37.2664],[-63.3855,-37.7076],[-63.3855,-37.7099],[-63.3857,-37.8088],[-63.3773,-37.8151],[-62.8132,-37.3739],[-62.6422,-37.5198],[-62.6299,-37.5102],[-62.4254,-37.3487],[-62.5388,-37.2574],[-62.5096,-37.2338],[-62.511,-37.196],[-62.5567,-37.15],[-62.595,-37.0964],[-62.6473,-37.123],[-62.97,-36.863],[-63.2828,-36.6076]]]}},
{"type":"Feature","properties":{"name":"Adolfo Gonzales Chaves","georefId":"06014","provinciaGeorefId":"06","tipo":"Partido"},"geometry":{"type":"Polygon","coordinates":[[[-59.6765,-37.9997],[-59.6737,-37.9795],[-59.7183,-37.956],[-59.7547,-37.9141],[-59.7939,-37.8984],[-59.9366,-37.7944],[-60.0182,-37.8607],[-60.0605,-37.8282],[-60.0891,-37.8517],[-60.1394,-37.812],[-60.1462,-37.8176],[-60.262,-37.7288],[-60.3234,-37.7764],[-60.4242,-37.6977],[-60.378,-37.6627],[-60.4527,-37.601],[-60.5808,-37.7008],[-60.5567,-37.7209],[-60.6448,-37.7892],[-60.6532,-37.7826],[-60.8457,-37.9358],[-60.7438,-38.0161],[-60.7595,-38.0285],[-60.6763,-38.0931],[-60.5496,-38.1921],[-60.4421,-38.107],[-60.4632,-38.0895],[-60.3707,-38.0167],[-60.0363,-38.2808],[-59.8867,-38.1573],[-59.8342,-38.2315],[-59.7936,-38.1973],[-59.7759,-38.2103],[-59.7539,-38.1912],[-59.7888,-38.165],[-59.7667,-38.1462],[-59.7779,-38.1376],[-59.6413,-38.0252],[-59.6765,-37.9997]]]}},
{"type":"Feature","properties":{"name":"Alberti","georefId":"06021","provinciaGeorefId":"06","tipo":"Partido"},"geometry":{"type":"Polygon","coordinates":[[[-60.2436,-34.83],[-60.2395,-34.8265],[-60.3225,-34.7615],[-60.3622,-34.7958],[-60.3726,-34.7876],[-60.4603,-34.8624],[-60.4487,-34.8793],[-60.4505,-34.918],[-60.4586,-34.9279],[-60.453,-34.9304],[-60.4746,-34.9399],[-60.4878,-34.9748],[-60.4739,-34.9976],[-60.4349,-35.0164],[-60.44,-35.0368],[-60.3887,-35.0882],[-60.3289,-35.1277],[-60.365,-35.1596],[-60.3385,-35.1797],[-60.3538,-35.1938],[-60.3158,-35.2231],[-60.3231,-35.2297],[-60.235,-35.2959],[-60.0211,-35.108],[-60.0376,-35.1048],[-60.0543,-35.0908],[-60.1149,-35.0906],[-60.1327,-35.0824],[-60.1512,-35.0656],[-60.1188,-35.0352],[-60.2277,-34.9531],[-60.2193,-34.9447],[-60.3041,-34.8811],[-60.2436,-34.83]]]}},
{"type":"Feature","properties":{"name":"Almirante Brown","georefId":"06028","provinciaGeorefId":"06","tipo":"Partido"},"geometry":{"type":"Polygon","coordinates":[[[-58.3098,-34.7934],[-58.3366,-34.7544],[-58.4305,-34.8172],[-58.4478,-34.826],[-58.413,-34.8736],[-58.4088,-34.8795],[-58.4159,-34.883],[-58.3964,-34.9099],[-58.3125,-34.8748],[-58.3171,-34.8682],[-58.2925,-34.8549],[-58.3328,-34.8057],[-58.3098,-34.7934]]]}},
{"type":"Feature","properties":{"name":"Avellaneda","georefId":"06035","provinciaGeorefId":"06","tipo":"Partido"},"geometry":{"type":"Polygon","coordinates":[[[-58.2796,-34.6786],[-58.3276,-34.6495],[-58.3419,-34.6311],[-58.3741,-34.6572],[-58.4025,-34.66],[-58.3919,-34.6798],[-58.3335,-34.727],[-58.2796,-34.6786]]]}},
{"type":"Feature","properties":{"name":"Ayacucho","georefId":"06042","provinciaGeorefId":"06","tipo":"Partido"},"geometry":{"type":"Polygon","coordinates":[[[-58.2131,-36.6155],[-58.4372,-36.4521],[-58.721,-36.7002],[-58.6669,-36.7429],[-58.6851,-36.74],[-58.72,-36.7526],[-58.734,-36.7682],[-58.7909,-36.7891],[-58.7952,-36.806],[-58.837,-36.8362],[-58.8505,-36.831],[-58.8668,-36.8384],[-58.8754,-36.8474],[-58.8731,-36.8608],[-58.881,-36.8587],[-58.9112,-36.8764],[-58.9116,-36.8968],[-58.9175,-36.9089],[-58.9311,-36.9123],[-58.9369,-36.936],[-59.0027,-36.9446],[-59.0215,-36.9601],[-59.0407,-37.0261],[-59.0616,-37.0443],[-59.0782,-37.0477],[-59.0901,-37.0628],[-58.9894,-37.1374],[-58.9821,-37.1322],[-58.6109,-37.4113],[-58.5771,-37.384],[-58.4264,-37.5012],[-58.3546,-37.4398],[-58.2827,-37.4921],[-58.1636,-37.3882],[-58.0945,-37.4374],[-57.769,-37.136],[-57.9445,-37.0076],[-58.0199,-37.076],[-58.2865,-36.881],[-58.1144,-36.7281],[-58.2262,-36.6277],[-58.2131,-36.6155]]]}},
{"type":"Feature","properties":{"name":"Azul","georefId":"06049","provinciaGeorefId":"06","tipo":"Partido"},"geometry":{"type":"Polygon","coordinates":[[[-59.2892,-36.3747],[-59.4882,-36.2271],[-59.6346,-36.3589],[-59.7272,-36.2882],[-59.8177,-36.3631],[-59.8239,-36.3585],[-59.8998,-36.4262],[-59.9312,-36.4666],[-59.9736,-36.5032],[-59.9825,-36.4965],[-60.0237,-36.5318],[-59.9189,-36.6148],[-60.0628,-36.7318],[-60.135,-36.6748],[-60.1614,-36.7197],[-60.0014,-36.8355],[-60.0212,-36.8526],[-60.0075,-36.8635],[-60.0281,-36.88],[-60.0126,-36.891],[-60.0329,-36.908],[-60.0234,-36.9156],[-60.06,-36.952],[-60.066,-36.9476],[-60.1067,-36.9808],[-60.0959,-36.9891],[-60.1161,-37.0066],[-60.1036,-37.0161],[-60.1229,-37.0343],[-60.113,-37.0416],[-60.1452,-37.0812],[-60.1264,-37.0968],[-60.2076,-37.1728],[-60.2006,-37.178],[-59.9867,-37.3399],[-60.0379,-37.3811],[-59.9533,-37.4475],[-59.8606,-37.3712],[-59.8803,-37.3559],[-59.8265,-37.3109],[-59.8116,-37.2563],[-59.7797,-37.2384],[-59.7362,-37.2339],[-59.6994,-37.2166],[-59.6684,-37.1819],[-59.6414,-37.1735],[-59.626,-37.1538],[-59.5866,-37.1325],[-59.5822,-37.1128],[-59.5676,-37.0978],[-59.5522,-37.0943],[-59.5421,-37.0808],[-59.5208,-37.0824],[-59.4798,-37.0367],[-59.4368,-37.0213],[-59.4335,-36.9995],[-59.3996,-36.9708],[-59.3597,-36.8972],[-59.3561,-36.8786],[-59.365,-36.8513],[-59.3593,-36.8451],[-59.3477,-36.817],[-59.2815,-36.7646],[-59.2798,-36.7436],[-59.2631,-36.714],[-59.2553,-36.6469],[-59.2266,-36.6169],[-59.2219,-36.5744],[-59.1955,-36.5909],[-59.1384,-36.5429],[-59.2028,-36.4932],[-59.1909,-36.4831],[-59.25,-36.4375],[-59.2297,-36.4208],[-59.2892,-36.3747]]]}},
{"type":"Feature","properties":{"name":"Bahía Blanca","georefId":"06056","provinciaGeorefId":"06","tipo":"Partido"},"geometry":{"type":"Polygon","coordinates":[[[-61.7816,-38.4599],[-61.8127,-38.4855],[-61.893,-38.4261],[-61.9254,-38.4535],[-61.9386,-38.4112],[-61.9886,-38.4525],[-62.0102,-38.4362],[-61.9986,-38.4268],[-62.0846,-38.3627],[-62.1963,-38.452],[-62.2207,-38.4334],[-62.2095,-38.4244],[-62.2277,-38.4106],[-62.2091,-38.3954],[-62.2398,-38.3609],[-62.3419,-38.4426],[-62.3878,-38.4085],[-62.6145,-38.5916],[-62.6112,-38.6112],[-62.5971,-38.6216],[-62.5195,-38.6407],[-62.4729,-38.6633],[-62.4563,-38.6922],[-62.4514,-38.73],[-62.4271,-38.7609],[-62.399,-38.7495],[-62.3549,-38.7557],[-62.2954,-38.7886],[-62.2591,-38.7891],[-62.2496,-38.7958],[-62.2363,-38.7892],[-62.2345,-38.8052],[-62.2231,-38.8096],[-62.2122,-38.7982],[-62.1883,-38.8053],[-62.182,-38.8171],[-62.061,-38.7199],[-62.062,-38.7123],[-62.0302,-38.7142],[-62.0122,-38.7068],[-61.9257,-38.7312],[-61.8479,-38.6654],[-61.8184,-38.6879],[-61.7424,-38.6272],[-61.7542,-38.6153],[-61.7476,-38.5969],[-61.7786,-38.5796],[-61.7837,-38.542],[-61.795,-38.5297],[-61.7851,-38.518],[-61.7904,-38.4869],[-61.7816,-38.4599]]]}},
{"type":"Feature","properties":{"name":"Balcarce","georefId":"06063","provinciaGeorefId":"06","tipo":"Partido"},"geometry":{"type":"Polygon","coordinates":[[[-58.0945,-37.4374],[-58.1636,-37.3882],[-58.2827,-37.4921],[-58.3546,-37.4398],[-58.4264,-37.5012],[-58.5771,-37.384],[-58.6109,-37.4113],[-58.8091,-37.5787],[-58.5073,-37.8057],[-58.5912,-37.878],[-58.3291,-38.0741],[-58.2559,-38.1309],[-58.0473,-37.9556],[-57.7358,-37.6996],[-58.0945,-37.4374]]]}},
{"type":"Feature","properties":{"name":"Baradero","georefId":"06070","provinciaGeorefId":"06","tipo":"Partido"},"geometry":{"type":"Polygon","coordinates":[[[-59.2227,-33.8134],[-59.2423,-33.8075],[-59.2548,-33.7939],[-59.2354,-33.74],[-59.247,-33.725],[-59.3777,-33.7365],[-59.437,-33.729],[-59.4678,-33.7043],[-59.4757,-33.6584],[-59.4891,-33.6433],[-59.5626,-33.7594],[-59.5101,-33.7788],[-59.5675,-33.7725],[-59.5802,-33.7907],[-59.5881,-33.7899],[-59.59,-33.8169],[-59.603,-33.8219],[-59.6044,-33.8659],[-59.6288,-33.8789],[-59.653,-33.9172],[-59.6789,-33.9213],[-59.6852,-33.9329],[-59.7139,-33.9453],[-59.7299,-33.9852],[-59.7474,-33.9977],[-59.7544,-34.0136],[-59.7404,-34.0485],[-59.7072,-34.0936],[-59.7063,-34.1091],[-59.7223,-34.1311],[-59.6761,-34.1667],[-59.6275,-34.1583],[-59.5946,-34.1717],[-59.5621,-34.168],[-59.5433,-34.1521],[-59.5109,-34.0994],[-59.4631,-34.135],[-59.3955,-34.0745],[-59.4065,-34.0609],[-59.3756,-34.0566],[-59.3344,-34.0386],[-59.3179,-34.0193],[-59.3239,-33.9963],[-59.3456,-33.9524],[-59.3409,-33.9254],[-59.3236,-33.9312],[-59.3087,-33.9243],[-59.2973,-33.9318],[-59.2714,-33.9327],[-59.2605,-33.9416],[-59.2521,-33.9305],[-59.2284,-33.925],[-59.2401,-33.8963],[-59.3027,-33.8529],[-59.293,-33.8293],[-59.2634,-33.8171],[-59.2227,-33.8134]]]}},
{"type":"Feature","properties":{"name":"Arrecifes","georefId":"06077","provinciaGeorefId":"06","tipo":"Partido"},"geometry":{"type":"Polygon","coordinates":[[[-60.0244,-33.8266],[-60.0486,-33.8271],[-60.0827,-33.8093],[-60.1074,-33.8169],[-60.1564,-33.7455],[-60.1966,-33.8246],[-60.2315,-33.8698],[-60.2375,-34.0111],[-60.2317,-34.0231],[-60.2046,-34.0358],[-60.1963,-34.0514],[-60.1667,-34.0615],[-60.1834,-34.0999],[-60.1846,-34.1355],[-60.2068,-34.1717],[-60.2029,-34.2039],[-60.0396,-34.2686],[-59.9948,-34.2235],[-59.9836,-34.1976],[-59.98,-34.1331],[-59.9903,-34.109],[-59.9848,-34.0846],[-59.922,-34.074],[-59.8963,-34.0782],[-59.8445,-34.0527],[-59.8121,-34.0152],[-59.7995,-34.0137],[-59.7921,-34.0204],[-59.7793,-34.0134],[-60.0244,-33.8266]]]}},
{"type":"Feature","properties":{"name":"Benito Juárez","georefId":"06084","provinciaGeorefId":"06","tipo":"Partido"},"geometry":{"type":"Polygon","coordinates":[[[-59.7797,-37.2384],[-59.8116,-37.2563],[-59.8265,-37.3109],[-59.8803,-37.3559],[-59.8606,-37.3712],[-59.9533,-37.4475],[-60.0379,-37.3811],[-59.9867,-37.3399],[-60.2006,-37.178],[-60.2823,-37.2459],[-60.2775,-37.2495],[-60.4372,-37.3768],[-60.4717,-37.3492],[-60.5027,-37.3735],[-60.3492,-37.496],[-60.4659,-37.5903],[-60.4527,-37.601],[-60.378,-37.6627],[-60.4242,-37.6977],[-60.3234,-37.7764],[-60.262,-37.7288],[-60.1462,-37.8176],[-60.1394,-37.812],[-60.0891,-37.8517],[-60.0605,-37.8282],[-60.0182,-37.8607],[-59.9366,-37.7944],[-59.7939,-37.8984],[-59.7547,-37.9141],[-59.7183,-37.956],[-59.6737,-37.9795],[-59.6765,-37.9997],[-59.4004,-37.7822],[-59.3833,-37.7586],[-59.3702,-37.7578],[-59.3407,-37.7335],[-59.307,-37.7203],[-59.226,-37.6508],[-59.7797,-37.2384]]]}},
{"type":"Feature","properties":{"name":"Berazategui","georefId":"06091","provinciaGeorefId":"06","tipo":"Partido"},"geometry":{"type":"Polygon","coordinates":[[[-58.0177,-34.7803],[-58.0538,-34.7766],[-58.113,-34.7517],[-58.1659,-34.7478],[-58.1946,-34.7357],[-58.2675,-34.7736],[-58.2385,-34.8004],[-58.1999,-34.8138],[-58.1799,-34.866],[-58.2474,-34.9236],[-58.2111,-34.9518],[-58.208,-34.942],[-58.0836,-34.8351],[-58.0177,-34.7803]]]}},
{"type":"Feature","properties":{"name":"Berisso","georefId":"06098","provinciaGeorefId":"06","tipo":"Partido"},"geometry":{"type":"Polygon","coordinates":[[[-57.7082,-34.9303],[-57.7718,-34.9026],[-57.877,-34.8277],[-57.9005,-34.8749],[-57.9318,-34.9035],[-57.8959,-34.9304],[-57.8617,-34.9377],[-57.8033,-34.9642],[-57.7708,-34.957],[-57.7524,-34.9707],[-57.7082,-34.9303]]]}},
{"type":"Feature","properties":{"name":"Bolívar","georefId":"06105","provinciaGeorefId":"06","tipo":"Partido"},"geometry":{"type":"Polygon","coordinates":[[[-60.5311,-36.0005],[-60.6381,-35.9211],[-60.6954,-35.9688],[-60.8679,-35.84],[-60.9697,-35.9266],[-61.0353,-35.8767],[-61.2698,-36.0711],[-61.4397,-36.2144],[-61.4061,-36.241],[-61.7247,-36.4943],[-61.6927,-36.52],[-61.6988,-36.5248],[-61.6856,-36.5359],[-61.677,-36.5301],[-61.6169,-36.5699],[-61.6641,-36.6069],[-61.4972,-36.7441],[-61.3688,-36.641],[-61.2548,-36.735],[-60.8962,-36.4513],[-60.9296,-36.4246],[-60.8661,-36.3722],[-60.906,-36.3416],[-60.8603,-36.3225],[-60.8246,-36.2766],[-60.8195,-36.2584],[-60.8061,-36.253],[-60.7991,-36.2316],[-60.8108,-36.2111],[-60.777,-36.1849],[-60.7798,-36.1753],[-60.7273,-36.1372],[-60.6989,-36.1358],[-60.6409,-36.1131],[-60.6283,-36.0977],[-60.6129,-36.0924],[-60.6153,-36.0806],[-60.5945,-36.0697],[-60.5752,-36.0456],[-60.5724,-36.0288],[-60.5311,-36.0005]]]}},
{"type":"Feature","properties":{"name":"Bragado","georefId":"06112","provinciaGeorefId":"06","tipo":"Partido"},"geometry":{"type":"Polygon","coordinates":[[[-60.4603,-34.8624],[-60.4947,-34.8385],[-60.5293,-34.8416],[-60.5279,-34.8298],[-60.5408,-34.8215],[-60.5583,-34.8296],[-60.5881,-34.8167],[-60.6105,-34.7713],[-60.6276,-34.7596],[-60.6258,-34.7434],[-60.6481,-34.7284],[-60.6577,-34.7093],[-60.6864,-34.7076],[-60.6853,-34.657],[-60.714,-34.6471],[-60.7955,-34.7175],[-60.7645,-34.741],[-60.8157,-34.7897],[-60.724,-34.8612],[-60.8477,-34.9681],[-60.7542,-35.0414],[-60.87,-35.1458],[-60.528,-35.4103],[-60.3231,-35.2297],[-60.3158,-35.2231],[-60.3538,-35.1938],[-60.3385,-35.1797],[-60.365,-35.1596],[-60.3289,-35.1277],[-60.3887,-35.0882],[-60.44,-35.0368],[-60.4349,-35.0164],[-60.4739,-34.9976],[-60.4878,-34.9748],[-60.4746,-34.9399],[-60.453,-34.9304],[-60.4586,-34.9279],[-60.4505,-34.918],[-60.4487,-34.8793],[-60.4603,-34.8624]]]}},
{"type":"Feature","properties":{"name":"Brandsen","georefId":"06119","provinciaGeorefId":"06","tipo":"Partido"},"geometry":{"type":"Polygon","coordinates":[[[-57.9681,-35.1597],[-58.0541,-35.2368],[-58.0775,-35.22],[-58.0181,-35.1681],[-58.1018,-35.1012],[-58.1101,-35.1084],[-58.1773,-35.0572],[-58.1204,-35.0044],[-58.1614,-34.9718],[-58.2466,-35.0483],[-58.2363,-35.0583],[-58.2734,-35.0929],[-58.3388,-35.1485],[-58.3527,-35.1379],[-58.443,-35.2162],[-58.2468,-35.3653],[-58.2596,-35.3771],[-58.2193,-35.408],[-58.1868,-35.3826],[-58.155,-35.4083],[-58.1386,-35.4204],[-58.0448,-35.3346],[-58.0358,-35.344],[-57.8901,-35.2221],[-57.9681,-35.1597]]]}},
{"type":"Feature","properties":{"name":"Campana","georefId":"06126","provinciaGeorefId":"06","tipo":"Partido"},"geometry":{"type":"Polygon","coordinates":[[[-58.6753,-34.0255],[-58.7637,-33.9453],[-58.8372,-33.9538],[-58.966,-33.9606],[-59.0095,-34.0991],[-58.9775,-34.1133],[-58.9733,-34.1291],[-59.1031,-34.2001],[-59.1058,-34.2139],[-59.0915,-34.2282],[-59.0782,-34.2245],[-59.0572,-34.2415],[-59.0616,-34.248],[-58.9197,-34.381],[-58.9212,-34.3715],[-58.9077,-34.3599],[-58.918,-34.3523],[-58.9169,-34.3259],[-58.9008,-34.3109],[-58.8807,-34.2978],[-58.8779,-34.2744],[-58.8639,-34.2772],[-58.8584,-34.262],[-58.809,-34.2812],[-58.7998,-34.2768],[-58.7764,-34.2857],[-58.7765,-34.2738],[-58.8033,-34.2363],[-58.7985,-34.2302],[-58.7122,-34.2489],[-58.7108,-34.2191],[-58.6944,-34.2006],[-58.6914,-34.1724],[-58.7467,-34.1655],[-58.7468,-34.1544],[-58.7646,-34.1441],[-58.7638,-34.1265],[-58.8047,-34.0819],[-58.6753,-34.0255]]]}},
{"type":"Feature","properties":{"name":"Cañuelas","georefId":"06134","provinciaGeorefId":"06","tipo":"Partido"},"geometry":{"type":"Polygon","coordinates":[[[-58.5563,-35.007],[-58.6202,-34.9607],[-58.5991,-34.943],[-58.6503,-34.8911],[-58.6941,-34.9122],[-58.7277,-34.9242],[-58.7641,-34.9585],[-58.7911,-34.9553],[-58.7775,-34.965],[-58.9341,-35.1035],[-58.869,-35.1536],[-58.8949,-35.1762],[-58.8118,-35.2424],[-58.7708,-35.274],[-58.7467,-35.2527],[-58.6783,-35.3045],[-58.7074,-35.3351],[-58.6742,-35.3604],[-58.6631,-35.355],[-58.5821,-35.4214],[-58.5251,-35.3666],[-58.5717,-35.3282],[-58.468,-35.2384],[-58.537,-35.1922],[-58.5779,-35.1517],[-58.5793,-35.0683],[-58.6004,-35.0524],[-58.5563,-35.007]]]}},
{"type":"Feature","properties":{"name":"Capitán Sarmiento","georefId":"06140","provinciaGeorefId":"06","tipo":"Partido"},"geometry":{"type":"Polygon","coordinates":[[[-59.6761,-34.1667],[-59.7223,-34.1311],[-59.7063,-34.1091],[-59.7072,-34.0936],[-59.7404,-34.0485],[-59.7544,-34.0136],[-59.7474,-33.9977],[-59.7793,-34.0134],[-59.7921,-34.0204],[-59.7995,-34.0137],[-59.8121,-34.0152],[-59.8445,-34.0527],[-59.8963,-34.0782],[-59.922,-34.074],[-59.9848,-34.0846],[-59.9903,-34.109],[-59.98,-34.1331],[-59.9836,-34.1976],[-59.9948,-34.2235],[-60.0396,-34.2686],[-59.9708,-34.2865],[-59.8952,-34.2364],[-59.8739,-34.2643],[-59.7816,-34.2193],[-59.6761,-34.1667]]]}},
{"type":"Feature","properties":{"name":"Carlos Casares","georefId":"06147","provinciaGeorefId":"06","tipo":"Partido"},"geometry":{"type":"Polygon","coordinates":[[[-61.5319,-35.3786],[-61.7247,-35.5374],[-61.6591,-35.5924],[-61.6489,-35.5839],[-61.5744,-35.6431],[-61.6012,-35.6645],[-61.5028,-35.7454],[-61.6361,-35.8527],[-61.5437,-35.929],[-61.56,-35.9428],[-61.4361,-36.0392],[-61.3934,-36.0718],[-61.3332,-36.0214],[-61.2698,-36.0711],[-61.0353,-35.8767],[-61.1017,-35.8248],[-61.0319,-35.7656],[-61.1968,-35.6355],[-61.1875,-35.6274],[-61.2726,-35.5601],[-61.288,-35.5728],[-61.5319,-35.3786]]]}},
{"type":"Feature","properties":{"name":"Carlos Tejedor","georefId":"06154","provinciaGeorefId":"06","tipo":"Partido"},"geometry":{"type":"Polygon","coordinates":[[[-62.2706,-35.1518],[-62.2852,-35.1638],[-62.4714,-35.0107],[-62.5486,-35.0739],[-62.6106,-35.0227],[-62.6883,-35.0851],[-62.6572,-35.1108],[-62.6769,-35.1266],[-62.7075,-35.1012],[-62.8996,-35.2593],[-62.8641,-35.2885],[-62.8932,-35.3113],[-62.8465,-35.3505],[-62.8731,-35.3716],[-62.8038,-35.4295],[-62.7777,-35.4087],[-62.6853,-35.4856],[-62.6939,-35.4926],[-62.6238,-35.5507],[-62.3386,-35.7841],[-62.0983,-35.5916],[-62.13,-35.5654],[-62.0502,-35.5012],[-61.9881,-35.5522],[-61.9063,-35.4856],[-62.1493,-35.2839],[-62.1451,-35.2806],[-62.225,-35.2141],[-62.21,-35.2019],[-62.2706,-35.1518]]]}},
{"type":"Feature","properties":{"name":"Carmen de Areco","georefId":"06161","provinciaGeorefId":"06","tipo":"Partido"},"geometry":{"type":"Polygon","coordinates":[[[-59.6753,-34.4041],[-59.6927,-34.2859],[-59.7816,-34.2193],[-59.8739,-34.2643],[-59.8952,-34.2364],[-59.9708,-34.2865],[-60.0121,-34.3229],[-60.0044,-34.3289],[-60.065,-34.3827],[-60.0841,-34.3675],[-60.1426,-34.4188],[-60.0836,-34.4698],[-60.098,-34.4829],[-60.0147,-34.5469],[-59.9747,-34.5104],[-59.9303,-34.5435],[-59.9093,-34.5612],[-59.9332,-34.5813],[-59.8846,-34.6194],[-59.7549,-34.5183],[-59.7684,-34.5073],[-59.7351,-34.4778],[-59.7676,-34.4528],[-59.6753,-34.4041]]]}},
{"type":"Feature","properties":{"name":"Castelli","georefId":"06168","provinciaGeorefId":"06","tipo":"Partido"},"geometry":{"type":"Polygon","coordinates":[[[-57.365,-35.746],[-57.3831,-35.7453],[-57.3867,-35.7367],[-57.3989,-35.7452],[-57.409,-35.7427],[-57.4021,-35.7575],[-57.4085,-35.769],[-57.4166,-35.7638],[-57.4284,-35.7763],[-57.4243,-35.7842],[-57.4556,-35.777],[-57.4586,-35.7891],[-57.4707,-35.7808],[-57.4896,-35.8115],[-57.489,-35.8263],[-57.5125,-35.8245],[-57.5296,-35.8417],[-57.5557,-35.8449],[-57.567,-35.857],[-57.588,-35.8307],[-57.6493,-35.837],[-57.6563,-35.8501],[-57.6822,-35.8316],[-57.7077,-35.8323],[-57.7123,-35.8727],[-57.7325,-35.8965],[-57.7261,-35.9198],[-57.7361,-35.9256],[-57.7638,-35.922],[-57.7755,-35.9343],[-57.8329,-35.9437],[-57.8464,-35.9615],[-57.9041,-35.9736],[-57.9142,-35.9938],[-57.9394,-35.993],[-57.9574,-36.0278],[-57.9833,-36.0287],[-57.9772,-36.0195],[-57.9837,-36.0173],[-58.0043,-36.0421],[-57.9668,-36.0646],[-58.0412,-36.1263],[-58.0522,-36.1187],[-58.0932,-36.1548],[-57.9597,-36.2529],[-57.9717,-36.264],[-57.8835,-36.3021],[-57.872,-36.2669],[-57.8159,-36.2784],[-57.7845,-36.1781],[-57.671,-36.2033],[-57.6451,-36.1071],[-57.4179,-36.1576],[-57.2092,-36.1962],[-57.2666,-36.1379],[-57.2792,-36.1376],[-57.3218,-36.053],[-57.3395,-36.027],[-57.3511,-36.0275],[-57.3545,-36.0202],[-57.3471,-36.0168],[-57.3709,-35.9701],[-57.3825,-35.9667],[-57.3814,-35.9567],[-57.3731,-35.9587],[-57.3688,-35.9511],[-57.3767,-35.9498],[-57.3814,-35.9251],[-57.3752,-35.9083],[-57.3811,-35.9121],[-57.3869,-35.9023],[-57.3897,-35.8532],[-57.365,-35.746]]]}},
{"type":"Feature","properties":{"name":"Colón","georefId":"06175","provinciaGeorefId":"06","tipo":"Partido"},"geometry":{"type":"Polygon","coordinates":[[[-60.9065,-33.8873],[-60.9428,-33.8569],[-60.8613,-33.781],[-60.901,-33.7494],[-60.8108,-33.6748],[-60.9111,-33.581],[-60.92,-33.5931],[-60.9219,-33.6371],[-60.934,-33.6547],[-61.1029,-33.8132],[-61.1251,-33.8339],[-61.1252,-33.834],[-61.3314,-34.0257],[-61.2099,-34.1256],[-61.1776,-34.0968],[-61.1221,-34.072],[-61.0515,-34.0302],[-61.0117,-33.9821],[-60.9065,-33.8873]]]}},
{"type":"Feature","properties":{"name":"Coronel de Marina Leonardo Rosales","georefId":"06182","provinciaGeorefId":"06","tipo":"Partido"},"geometry":{"type":"Polygon","coordinates":[[[-61.7285,-38.6571],[-61.7273,-38.6442],[-61.7424,-38.6272],[-61.8184,-38.6879],[-61.8479,-38.6654],[-61.9257,-38.7312],[-62.0122,-38.7068],[-62.0302,-38.7142],[-62.062,-38.7123],[-62.061,-38.7199],[-62.182,-38.8171],[-62.1659,-38.812],[-62.1264,-38.8417],[-62.105,-38.8706],[-62.1058,-38.8971],[-62.1005,-38.9043],[-62.0929,-38.8954],[-62.0945,-38.9006],[-62.0755,-38.9055],[-62.0734,-38.9251],[-62.0674,-38.9199],[-61.993,-38.9458],[-61.8981,-38.968],[-61.8665,-38.969],[-61.8588,-38.9795],[-61.813,-38.9924],[-61.7933,-38.993],[-61.75,-38.974],[-61.7067,-38.9655],[-61.6697,-38.9899],[-61.6129,-39.0036],[-61.4557,-38.9954],[-61.4532,-38.9397],[-61.4764,-38.9451],[-61.5797,-38.8889],[-61.6243,-38.8793],[-61.6384,-38.8642],[-61.6496,-38.8671],[-61.6631,-38.858],[-61.6735,-38.8348],[-61.6997,-38.8168],[-61.6917,-38.8068],[-61.6988,-38.7814],[-61.7241,-38.749],[-61.7155,-38.7143],[-61.7269,-38.6911],[-61.7285,-38.6571]]]}},
{"type":"Feature","properties":{"name":"Coronel Dorrego","georefId":"06189","provinciaGeorefId":"06","tipo":"Partido"},"geometry":{"type":"Polygon","coordinates":[[[-60.7406,-38.3307],[-60.8361,-38.4038],[-60.8787,-38.3697],[-60.9353,-38.3529],[-60.9908,-38.3106],[-61.0778,-38.2933],[-61.1358,-38.3055],[-61.1886,-38.2906],[-61.3192,-38.3931],[-61.3287,-38.3753],[-61.4647,-38.4831],[-61.4727,-38.476],[-61.5144,-38.5092],[-61.5257,-38.5007],[-61.5906,-38.5503],[-61.5959,-38.5462],[-61.7285,-38.6571],[-61.7269,-38.6911],[-61.7155,-38.7143],[-61.7241,-38.749],[-61.6988,-38.7814],[-61.6917,-38.8068],[-61.6997,-38.8168],[-61.6735,-38.8348],[-61.6631,-38.858],[-61.6496,-38.8671],[-61.6384,-38.8642],[-61.6243,-38.8793],[-61.5797,-38.8889],[-61.4764,-38.9451],[-61.4532,-38.9397],[-61.4527,-38.924],[-61.4412,-38.9184],[-61.4338,-38.924],[-61.4244,-38.9163],[-61.3899,-38.9151],[-61.3423,-38.9155],[-61.3149,-38.9463],[-61.292,-38.9477],[-61.2349,-38.9433],[-61.1662,-38.928],[-61.1378,-38.9294],[-61.1053,-38.9796],[-61.1195,-38.982],[-61.118,-38.9943],[-61.1102,-38.9959],[-61.0136,-38.9815],[-60.8521,-38.9797],[-60.6891,-38.9491],[-60.4973,-38.9289],[-60.5293,-38.9143],[-60.522,-38.8838],[-60.5368,-38.8223],[-60.5631,-38.7692],[-60.58,-38.692],[-60.6102,-38.6209],[-60.6125,-38.5869],[-60.5926,-38.5694],[-60.5915,-38.557],[-60.6196,-38.4713],[-60.6765,-38.4332],[-60.7386,-38.3756],[-60.745,-38.3648],[-60.734,-38.339],[-60.7406,-38.3307]]]}},
{"type":"Feature","properties":{"name":"Coronel Pringles","georefId":"06196","provinciaGeorefId":"06","tipo":"Partido"},"geometry":{"type":"Polygon","coordinates":[[[-60.8457,-37.9358],[-60.8519,-37.9408],[-61.178,-37.6808],[-61.5093,-37.938],[-61.6829,-38.0742],[-61.663,-38.0908],[-61.7674,-38.1725],[-61.7596,-38.192],[-61.7699,-38.1969],[-61.7373,-38.2183],[-61.7287,-38.2446],[-61.6969,-38.2858],[-61.7183,-38.2889],[-61.7171,-38.3096],[-61.7257,-38.3109],[-61.7379,-38.3558],[-61.7512,-38.3637],[-61.7566,-38.3835],[-61.7409,-38.4086],[-61.7654,-38.4233],[-61.7662,-38.4328],[-61.7819,-38.4375],[-61.7816,-38.4599],[-61.7904,-38.4869],[-61.7851,-38.518],[-61.795,-38.5297],[-61.7837,-38.542],[-61.7786,-38.5796],[-61.7476,-38.5969],[-61.7542,-38.6153],[-61.7424,-38.6272],[-61.7273,-38.6442],[-61.7285,-38.6571],[-61.5959,-38.5462],[-61.5906,-38.5503],[-61.5257,-38.5007],[-61.5144,-38.5092],[-61.4727,-38.476],[-61.4647,-38.4831],[-61.3287,-38.3753],[-61.3192,-38.3931],[-61.1886,-38.2906],[-61.1358,-38.3055],[-61.0778,-38.2933],[-60.9908,-38.3106],[-60.9353,-38.3529],[-60.8787,-38.3697],[-60.8361,-38.4038],[-60.7406,-38.3307],[-60.7341,-38.3001],[-60.7456,-38.271],[-60.7399,-38.2504],[-60.7469,-38.23],[-60.7402,-38.2235],[-60.7187,-38.2242],[-60.7293,-38.1967],[-60.721,-38.162],[-60.7292,-38.1302],[-60.7238,-38.1169],[-60.7014,-38.1151],[-60.6763,-38.0931],[-60.7595,-38.0285],[-60.7438,-38.0161],[-60.8457,-37.9358]]]}},
{"type":"Feature","properties":{"name":"Coronel Suárez","georefId":"06203","provinciaGeorefId":"06","tipo":"Partido"},"geometry":{"type":"Polygon","coordinates":[[[-61.6046,-36.9944],[-61.7078,-36.9072],[-61.76,-36.946],[-61.7782,-36.9304],[-61.8598,-36.9925],[-61.8921,-37.0225],[-61.8757,-37.0366],[-61.9163,-37.0671],[-61.9748,-37.0168],[-62.203,-37.1871],[-62.2118,-37.1803],[-62.4254,-37.3487],[-62.4081,-37.3829],[-62.3977,-37.3785],[-62.3839,-37.393],[-62.3984,-37.3994],[-62.3908,-37.4126],[-62.3732,-37.4041],[-62.322,-37.4679],[-62.2834,-37.4534],[-62.2335,-37.539],[-62.25,-37.545],[-62.2186,-37.5607],[-62.2274,-37.5724],[-62.2111,-37.5778],[-62.2206,-37.5908],[-62.1917,-37.5959],[-62.1248,-37.6335],[-62.1311,-37.6569],[-62.102,-37.6899],[-62.1054,-37.6959],[-62.0846,-37.7065],[-62.1003,-37.7255],[-62.0447,-37.7525],[-62.0989,-37.9355],[-62.0717,-37.9635],[-62.0496,-37.9715],[-62.0504,-37.9907],[-61.9516,-38.057],[-61.9298,-38.0391],[-61.9495,-38.0228],[-61.9307,-38.0085],[-61.9064,-38.0142],[-61.8838,-38.035],[-61.872,-38.0335],[-61.8574,-38.0576],[-61.8402,-38.0597],[-61.831,-38.0705],[-61.8271,-38.0654],[-61.8223,-38.0965],[-61.7997,-38.1096],[-61.7927,-38.1375],[-61.7759,-38.1407],[-61.7833,-38.1582],[-61.7674,-38.1725],[-61.663,-38.0908],[-61.6829,-38.0742],[-61.5093,-37.938],[-61.6055,-37.8615],[-61.442,-37.7349],[-61.5382,-37.6573],[-61.4884,-37.6189],[-61.5968,-37.5309],[-61.5367,-37.483],[-61.7501,-37.3035],[-61.7443,-37.2716],[-61.7342,-37.256],[-61.7177,-37.2483],[-61.7211,-37.2404],[-61.7028,-37.2166],[-61.725,-37.156],[-61.7166,-37.1353],[-61.7405,-37.1061],[-61.7354,-37.0935],[-61.6046,-36.9944]]]}},
{"type":"Feature","properties":{"name":"Chacabuco","georefId":"06210","provinciaGeorefId":"06","tipo":"Partido"},"geometry":{"type":"Polygon","coordinates":[[[-60.1426,-34.4188],[-60.1542,-34.4101],[-60.2112,-34.4596],[-60.2458,-34.4319],[-60.3191,-34.4972],[-60.3741,-34.4549],[-60.404,-34.48],[-60.489,-34.4151],[-60.5169,-34.4392],[-60.5598,-34.4064],[-60.6772,-34.5094],[-60.6467,-34.533],[-60.7584,-34.6308],[-60.7414,-34.6491],[-60.714,-34.6471],[-60.6853,-34.657],[-60.6864,-34.7076],[-60.6577,-34.7093],[-60.6481,-34.7284],[-60.6258,-34.7434],[-60.6276,-34.7596],[-60.6105,-34.7713],[-60.5881,-34.8167],[-60.5583,-34.8296],[-60.5408,-34.8215],[-60.5279,-34.8298],[-60.5293,-34.8416],[-60.4947,-34.8385],[-60.4603,-34.8624],[-60.3726,-34.7876],[-60.3622,-34.7958],[-60.3225,-34.7615],[-60.2395,-34.8265],[-60.2436,-34.83],[-60.173,-34.7702],[-60.1908,-34.7568],[-60.1741,-34.743],[-60.1918,-34.7287],[-60.1068,-34.6575],[-60.0635,-34.6911],[-60.0066,-34.641],[-59.99,-34.6631],[-59.993,-34.674],[-59.9819,-34.6755],[-59.9679,-34.6918],[-59.9447,-34.672],[-59.8846,-34.6194],[-59.9332,-34.5813],[-59.9093,-34.5612],[-59.9303,-34.5435],[-59.9747,-34.5104],[-60.0147,-34.5469],[-60.098,-34.4829],[-60.0836,-34.4698],[-60.1426,-34.4188]]]}},
{"type":"Feature","properties":{"name":"Chascomús","georefId":"06218","provinciaGeorefId":"06","tipo":"Partido"},"geometry":{"type":"Polygon","coordinates":[[[-57.7962,-35.4449],[-57.8145,-35.4419],[-57.8327,-35.4155],[-57.8528,-35.4123],[-57.8727,-35.3971],[-57.8739,-35.3859],[-57.8887,-35.392],[-57.8885,-35.3847],[-57.9129,-35.3818],[-57.9179,-35.3714],[-57.9472,-35.372],[-57.9527,-35.3594],[-57.9794,-35.3447],[-57.9854,-35.3285],[-58.0029,-35.3328],[-58.025,-35.3538],[-58.0358,-35.344],[-58.0448,-35.3346],[-58.1386,-35.4204],[-58.155,-35.4083],[-58.1939,-35.441],[-58.1524,-35.4724],[-58.2038,-35.5187],[-58.1991,-35.5225],[-58.4362,-35.7331],[-58.4517,-35.7412],[-58.4536,-35.7695],[-58.4333,-35.7741],[-58.4176,-35.7902],[-58.4135,-35.8147],[-58.3836,-35.8191],[-58.3712,-35.8333],[-58.3428,-35.8436],[-58.3369,-35.8628],[-58.3121,-35.8678],[-58.2963,-35.8534],[-58.2825,-35.8607],[-58.2711,-35.8579],[-58.2752,-35.8465],[-58.2638,-35.8231],[-58.2493,-35.8188],[-58.2291,-35.8268],[-58.2224,-35.8194],[-58.2043,-35.8257],[-58.2043,-35.8387],[-58.1852,-35.8635],[-58.165,-35.8676],[-58.1639,-35.8489],[-58.1376,-35.8254],[-58.1459,-35.8193],[-58.0969,-35.775],[-58.08,-35.7869],[-58.0736,-35.7751],[-58.0453,-35.7564],[-58.0361,-35.7617],[-58.0116,-35.7397],[-57.9803,-35.7573],[-57.8982,-35.6915],[-57.8874,-35.6999],[-57.861,-35.6858],[-57.7414,-35.7691],[-57.6873,-35.7786],[-57.6158,-35.7765],[-57.5438,-35.8056],[-57.4896,-35.8115],[-57.4707,-35.7808],[-57.4586,-35.7891],[-57.4556,-35.777],[-57.4243,-35.7842],[-57.4284,-35.7763],[-57.4166,-35.7638],[-57.4085,-35.769],[-57.4021,-35.7575],[-57.409,-35.7427],[-57.3989,-35.7452],[-57.3867,-35.7367],[-57.3831,-35.7453],[-57.365,-35.746],[-57.347,-35.7162],[-57.3642,-35.7086],[-57.3809,-35.7128],[-57.383,-35.6942],[-57.3659,-35.6774],[-57.3834,-35.6797],[-57.3875,-35.6702],[-57.411,-35.6642],[-57.4166,-35.6446],[-57.4388,-35.6363],[-57.4264,-35.6158],[-57.4637,-35.5953],[-57.4525,-35.5639],[-57.4585,-35.5568],[-57.4508,-35.5547],[-57.4535,-35.5445],[-57.4353,-35.5182],[-57.4399,-35.5105],[-57.4699,-35.5006],[-57.4617,-35.4941],[-57.4809,-35.4875],[-57.4866,-35.4612],[-57.4932,-35.4721],[-57.5026,-35.4664],[-57.5218,-35.4731],[-57.5508,-35.4697],[-57.5574,-35.4562],[-57.6086,-35.4584],[-57.63,-35.4695],[-57.6707,-35.4635],[-57.6879,-35.4847],[-57.7454,-35.4735],[-57.7553,-35.4602],[-57.7663,-35.4637],[-57.7706,-35.4398],[-57.7962,-35.4449]]]}},
{"type":"Feature","properties":{"name":"Chivilcoy","georefId":"06224","provinciaGeorefId":"06","tipo":"Partido"},"geometry":{"type":"Polygon","coordinates":[[[-59.9447,-34.672],[-59.9679,-34.6918],[-59.9819,-34.6755],[-59.993,-34.674],[-59.99,-34.6631],[-60.0066,-34.641],[-60.0635,-34.6911],[-60.1068,-34.6575],[-60.1918,-34.7287],[-60.1741,-34.743],[-60.1908,-34.7568],[-60.173,-34.7702],[-60.2436,-34.83],[-60.3041,-34.8811],[-60.2193,-34.9447],[-60.2277,-34.9531],[-60.1188,-35.0352],[-60.1512,-35.0656],[-60.1327,-35.0824],[-60.1149,-35.0906],[-60.0543,-35.0908],[-60.0376,-35.1048],[-60.0211,-35.108],[-59.991,-35.1294],[-59.9736,-35.1328],[-59.9483,-35.1195],[-59.9056,-35.1149],[-59.8786,-35.1317],[-59.8704,-35.1526],[-59.8357,-35.1578],[-59.8222,-35.1768],[-59.6052,-34.9977],[-59.6354,-34.958],[-59.6725,-34.9309],[-59.6982,-34.8977],[-59.7502,-34.8743],[-59.7713,-34.8434],[-59.7981,-34.8257],[-59.8091,-34.8054],[-59.7901,-34.7885],[-59.9447,-34.672]]]}},
{"type":"Feature","properties":{"name":"Daireaux","georefId":"06231","provinciaGeorefId":"06","tipo":"Partido"},"geometry":{"type":"Polygon","coordinates":[[[-62.0482,-36.3259],[-62.1443,-36.2455],[-62.1789,-36.2719],[-62.2055,-36.2496],[-62.4733,-36.4572],[-62.4115,-36.5092],[-62.3847,-36.4884],[-62.224,-36.6226],[-62.249,-36.646],[-62.2018,-36.6846],[-62.1755,-36.6633],[-62.0001,-36.8116],[-61.9835,-36.8047],[-61.9969,-36.8113],[-61.9962,-36.8205],[-62.0166,-36.8223],[-62.007,-36.847],[-61.9933,-36.8542],[-62.0066,-36.8576],[-62.0197,-36.8497],[-61.8598,-36.9925],[-61.7782,-36.9304],[-61.76,-36.946],[-61.7078,-36.9072],[-61.6046,-36.9944],[-61.599,-36.999],[-61.4235,-36.8646],[-61.2548,-36.735],[-61.3688,-36.641],[-61.4972,-36.7441],[-61.6641,-36.6069],[-61.6169,-36.5699],[-61.677,-36.5301],[-61.6856,-36.5359],[-61.6988,-36.5248],[-61.6927,-36.52],[-61.7247,-36.4943],[-61.7634,-36.5249],[-61.8696,-36.4363],[-61.86,-36.4285],[-61.9121,-36.3858],[-61.9286,-36.3988],[-61.9379,-36.3911],[-61.9545,-36.4041],[-62.0482,-36.3259]]]}},
{"type":"Feature","properties":{"name":"Dolores","georefId":"06238","provinciaGeorefId":"06","tipo":"Partido"},"geometry":{"type":"Polygon","coordinates":[[[-57.4179,-36.1576],[-57.6451,-36.1071],[-57.671,-36.2033],[-57.7845,-36.1781],[-57.8159,-36.2784],[-57.872,-36.2669],[-57.8835,-36.3021],[-57.9717,-36.264],[-57.9873,-36.2774],[-57.7755,-36.4376],[-57.8098,-36.467],[-57.7779,-36.4929],[-57.8485,-36.5552],[-57.7635,-36.6239],[-57.7764,-36.6345],[-57.6606,-36.7231],[-57.654,-36.7281],[-57.4937,-36.5814],[-57.4644,-36.5709],[-57.3992,-36.5131],[-57.4437,-36.4794],[-57.4201,-36.4601],[-57.3993,-36.4158],[-57.343,-36.3662],[-57.4733,-36.3403],[-57.4179,-36.1576]]]}},
{"type":"Feature","properties":{"name":"Ensenada","georefId":"06245","provinciaGeorefId":"06","tipo":"Partido"},"geometry":{"type":"Polygon","coordinates":[[[-57.877,-34.8277],[-57.9473,-34.8335],[-58.0177,-34.7803],[-58.0836,-34.8351],[-57.9909,-34.8797],[-57.9746,-34.8724],[-57.9318,-34.9035],[-57.9005,-34.8749],[-57.877,-34.8277]]]}},
{"type":"Feature","properties":{"name":"Escobar","georefId":"06252","provinciaGeorefId":"06","tipo":"Partido"},"geometry":{"type":"Polygon","coordinates":[[[-58.7122,-34.2489],[-58.7985,-34.2302],[-58.8033,-34.2363],[-58.7765,-34.2738],[-58.7764,-34.2857],[-58.7998,-34.2768],[-58.809,-34.2812],[-58.8584,-34.262],[-58.8639,-34.2772],[-58.8779,-34.2744],[-58.8807,-34.2978],[-58.9008,-34.3109],[-58.817,-34.4154],[-58.7883,-34.3997],[-58.7777,-34.4043],[-58.7373,-34.4564],[-58.7056,-34.4393],[-58.7346,-34.4025],[-58.7159,-34.3925],[-58.7214,-34.3901],[-58.7053,-34.373],[-58.7206,-34.3633],[-58.6798,-34.3457],[-58.6495,-34.2666],[-58.7122,-34.2489]]]}},
{"type":"Feature","properties":{"name":"Esteban Echeverría","georefId":"06260","provinciaGeorefId":"06","tipo":"Partido"},"geometry":{"type":"Polygon","coordinates":[[[-58.5008,-34.723],[-58.5205,-34.7411],[-58.5245,-34.78],[-58.5029,-34.855],[-58.5103,-34.9017],[-58.4919,-34.9276],[-58.4224,-34.8862],[-58.413,-34.8736],[-58.4478,-34.826],[-58.4305,-34.8172],[-58.5008,-34.723]]]}},
{"type":"Feature","properties":{"name":"Exaltación de la Cruz","georefId":"06266","provinciaGeorefId":"06","tipo":"Partido"},"geometry":{"type":"Polygon","coordinates":[[[-59.1031,-34.2001],[-59.2388,-34.1797],[-59.2372,-34.1718],[-59.3123,-34.161],[-59.3247,-34.1637],[-59.3666,-34.1989],[-59.3781,-34.2261],[-59.3748,-34.2387],[-59.2987,-34.2643],[-59.3108,-34.2889],[-59.2746,-34.3049],[-59.1926,-34.3705],[-59.1967,-34.3737],[-59.1296,-34.4206],[-59.0977,-34.4643],[-59.0772,-34.4512],[-59.0759,-34.4353],[-59.0563,-34.4282],[-59.0251,-34.402],[-59.0286,-34.3977],[-58.993,-34.3793],[-58.984,-34.369],[-58.9932,-34.3581],[-58.9803,-34.3506],[-58.9239,-34.4171],[-58.9197,-34.381],[-59.0616,-34.248],[-59.0572,-34.2415],[-59.0782,-34.2245],[-59.0915,-34.2282],[-59.1058,-34.2139],[-59.1031,-34.2001]]]}},
{"type":"Feature","properties":{"name":"Ezeiza","georefId":"06270","provinciaGeorefId":"06","tipo":"Partido"},"geometry":{"type":"Polygon","coordinates":[[[-58.5205,-34.7411],[-58.5387,-34.7468],[-58.5375,-34.757],[-58.5459,-34.7589],[-58.5518,-34.7509],[-58.5682,-34.7588],[-58.5722,-34.7752],[-58.5863,-34.7804],[-58.5945,-34.8056],[-58.6155,-34.8185],[-58.6503,-34.8911],[-58.5991,-34.943],[-58.6202,-34.9607],[-58.5563,-35.007],[-58.5532,-34.9763],[-58.4919,-34.9302],[-58.4919,-34.9276],[-58.5103,-34.9017],[-58.5029,-34.855],[-58.5245,-34.78],[-58.5205,-34.7411]]]}},
{"type":"Feature","properties":{"name":"Florencio Varela","georefId":"06274","provinciaGeorefId":"06","tipo":"Partido"},"geometry":{"type":"Polygon","coordinates":[[[-58.2675,-34.7736],[-58.2716,-34.7688],[-58.2985,-34.7834],[-58.3041,-34.8012],[-58.3098,-34.7934],[-58.3328,-34.8057],[-58.2925,-34.8549],[-58.3171,-34.8682],[-58.3125,-34.8748],[-58.2746,-34.9171],[-58.2941,-34.9153],[-58.3163,-34.9263],[-58.2882,-34.965],[-58.3008,-34.9717],[-58.2772,-35.0094],[-58.2111,-34.9518],[-58.2474,-34.9236],[-58.1799,-34.866],[-58.1999,-34.8138],[-58.2385,-34.8004],[-58.2675,-34.7736]]]}},
{"type":"Feature","properties":{"name":"Florentino Ameghino","georefId":"06277","provinciaGeorefId":"06","tipo":"Partido"},"geometry":{"type":"Polygon","coordinates":[[[-62.3482,-34.6538],[-62.5848,-34.6107],[-62.5947,-34.6502],[-62.6222,-34.6325],[-62.6067,-34.9967],[-62.6422,-34.997],[-62.6106,-35.0227],[-62.5486,-35.0739],[-62.4714,-35.0107],[-62.2852,-35.1638],[-62.2706,-35.1518],[-62.1662,-35.0671],[-62.1854,-35.0507],[-62.1046,-34.9847],[-62.1852,-34.9178],[-62.2056,-34.8901],[-62.2207,-34.8913],[-62.2226,-34.8548],[-62.2831,-34.8568],[-62.2856,-34.8135],[-62.3051,-34.8128],[-62.2402,-34.762],[-62.2638,-34.7431],[-62.1882,-34.6827],[-62.3482,-34.6538]]]}},
{"type":"Feature","properties":{"name":"General Alvarado","georefId":"06280","provinciaGeorefId":"06","tipo":"Partido"},"geometry":{"type":"Polygon","coordinates":[[[-57.7768,-38.2455],[-57.7819,-38.2062],[-57.805,-38.1707],[-57.8212,-38.1205],[-57.8132,-38.0929],[-57.8189,-38.0838],[-57.838,-38.0815],[-57.8358,-38.0724],[-57.8465,-38.0616],[-57.8295,-38.0492],[-57.8528,-38.0319],[-57.8817,-38.0554],[-57.9426,-38.0089],[-57.959,-38.0227],[-58.0473,-37.9556],[-58.2559,-38.1309],[-58.3291,-38.0741],[-58.3391,-38.1066],[-58.3322,-38.127],[-58.3436,-38.1596],[-58.3236,-38.2234],[-58.3382,-38.2509],[-58.3259,-38.2732],[-58.3111,-38.274],[-58.3023,-38.3002],[-58.2831,-38.3158],[-58.2695,-38.354],[-58.2849,-38.3856],[-58.2563,-38.4227],[-58.2565,-38.4359],[-58.2381,-38.4458],[-58.056,-38.3801],[-57.9541,-38.3305],[-57.8527,-38.2964],[-57.8221,-38.2681],[-57.7768,-38.2455]]]}},
{"type":"Feature","properties":{"name":"General Alvear","georefId":"06287","provinciaGeorefId":"06","tipo":"Partido"},"geometry":{"type":"Polygon","coordinates":[[[-59.7001,-35.8317],[-59.7523,-35.8345],[-59.7743,-35.8472],[-59.792,-35.841],[-59.8146,-35.8543],[-59.8354,-35.8493],[-59.8723,-35.8767],[-59.8712,-35.8993],[-59.8856,-35.9126],[-60.0561,-35.7805],[-60.118,-35.8337],[-60.2139,-35.7562],[-60.376,-35.8927],[-60.3855,-35.89],[-60.4171,-35.9282],[-60.4616,-35.9493],[-60.4596,-35.9682],[-60.471,-35.9811],[-60.4954,-35.9951],[-60.5186,-35.9856],[-60.5311,-36.0005],[-60.5724,-36.0288],[-60.5752,-36.0456],[-60.5945,-36.0697],[-60.6153,-36.0806],[-60.6129,-36.0924],[-60.6283,-36.0977],[-60.6409,-36.1131],[-60.6989,-36.1358],[-60.5652,-36.2362],[-60.5235,-36.214],[-60.3597,-36.3264],[-60.2969,-36.2671],[-60.2459,-36.3034],[-60.0902,-36.1613],[-59.9669,-36.2486],[-59.9638,-36.2232],[-59.9475,-36.2021],[-59.8387,-36.1113],[-59.8587,-36.0957],[-59.7971,-36.0437],[-59.7181,-36.1059],[-59.6139,-36.0239],[-59.5924,-36.0405],[-59.5532,-36.0068],[-59.5165,-35.976],[-59.7001,-35.8317]]]}},
{"type":"Feature","properties":{"name":"General Arenales","georefId":"06294","provinciaGeorefId":"06","tipo":"Partido"},"geometry":{"type":"Polygon","coordinates":[[[-61.1221,-34.072],[-61.1776,-34.0968],[-61.2099,-34.1256],[-61.3314,-34.0257],[-61.6484,-34.3195],[-61.6108,-34.3527],[-61.5491,-34.3034],[-61.5089,-34.3368],[-61.4717,-34.3074],[-61.3954,-34.3735],[-61.417,-34.3923],[-61.3767,-34.4253],[-61.3691,-34.4195],[-61.3292,-34.4531],[-61.2697,-34.406],[-61.2736,-34.4009],[-61.238,-34.4037],[-61.2342,-34.4334],[-61.2269,-34.4366],[-61.1963,-34.4243],[-61.1934,-34.365],[-61.1766,-34.3662],[-61.1684,-34.3594],[-61.1288,-34.3255],[-61.1383,-34.3178],[-61.0981,-34.2845],[-61.0701,-34.3072],[-61.0416,-34.2833],[-61.0591,-34.269],[-61.0139,-34.2316],[-60.9583,-34.2767],[-60.9172,-34.2416],[-61.1221,-34.072]]]}},
{"type":"Feature","properties":{"name":"General Belgrano","georefId":"06301","provinciaGeorefId":"06","tipo":"Partido"},"geometry":{"type":"Polygon","coordinates":[[[-59.0344,-35.5649],[-59.0254,-35.5803],[-59.0361,-35.6117],[-59.0466,-35.6134],[-59.0599,-35.6044],[-59.08,-35.6068],[-59.0815,-35.6163],[-59.143,-35.6256],[-59.149,-35.6354],[-59.1398,-35.6662],[-59.0959,-35.6967],[-59.1034,-35.7031],[-58.9744,-35.8169],[-58.9567,-35.8032],[-58.9006,-35.8475],[-58.8918,-35.8402],[-58.7292,-35.9675],[-58.749,-35.9847],[-58.7075,-36.0173],[-58.5719,-36.121],[-58.2825,-35.8607],[-58.2963,-35.8534],[-58.3121,-35.8678],[-58.3369,-35.8628],[-58.3428,-35.8436],[-58.3712,-35.8333],[-58.3836,-35.8191],[-58.4135,-35.8147],[-58.4176,-35.7902],[-58.4333,-35.7741],[-58.4536,-35.7695],[-58.4517,-35.7412],[-58.4362,-35.7331],[-58.4414,-35.7029],[-58.4626,-35.6866],[-58.4744,-35.7059],[-58.4865,-35.7069],[-58.4943,-35.7453],[-58.5041,-35.7538],[-58.5245,-35.7225],[-58.5368,-35.7257],[-58.5414,-35.7463],[-58.5951,-35.7501],[-58.6086,-35.7411],[-58.6291,-35.7511],[-58.6356,-35.7431],[-58.6581,-35.7442],[-58.6617,-35.7246],[-58.686,-35.7297],[-58.716,-35.7217],[-58.738,-35.7311],[-58.7476,-35.7507],[-58.7617,-35.7566],[-58.788,-35.701],[-58.805,-35.6897],[-58.8431,-35.6819],[-58.8351,-35.666],[-58.8392,-35.6563],[-58.8766,-35.6401],[-58.8883,-35.6211],[-58.8781,-35.6044],[-58.8819,-35.5931],[-58.9076,-35.5941],[-58.9038,-35.6055],[-58.9317,-35.6228],[-58.9474,-35.623],[-58.9739,-35.59],[-59.003,-35.5949],[-59.0344,-35.5649]]]}},
{"type":"Feature","properties":{"name":"General Guido","georefId":"06308","provinciaGeorefId":"06","tipo":"Partido"},"geometry":{"type":"Polygon","coordinates":[[[-57.6606,-36.7231],[-57.7764,-36.6345],[-57.7635,-36.6239],[-57.8485,-36.5552],[-57.7779,-36.4929],[-57.8098,-36.467],[-57.7755,-36.4376],[-57.9873,-36.2774],[-58.1894,-36.4524],[-58.1015,-36.5213],[-58.2131,-36.6155],[-58.2262,-36.6277],[-58.1144,-36.7281],[-58.2865,-36.881],[-58.0199,-37.076],[-57.9445,-37.0076],[-58.0107,-36.9587],[-57.9439,-36.8988],[-57.9724,-36.8778],[-57.9196,-36.8332],[-57.8916,-36.8545],[-57.7457,-36.7343],[-57.7071,-36.763],[-57.6606,-36.7231]]]}},
{"type":"Feature","properties":{"name":"General Juan Madariaga","georefId":"06315","provinciaGeorefId":"06","tipo":"Partido"},"geometry":{"type":"Polygon","coordinates":[[[-56.8195,-37.0252],[-56.9005,-37.0001],[-56.947,-36.9951],[-56.9549,-36.9891],[-56.9401,-36.9594],[-56.9852,-36.9495],[-56.9794,-36.9034],[-56.9938,-36.9011],[-57.0059,-36.9097],[-56.9915,-36.8895],[-56.9972,-36.8618],[-57.0897,-36.8295],[-57.1062,-36.8359],[-57.1758,-36.7844],[-57.2335,-36.7885],[-57.2239,-36.9086],[-57.3217,-36.9106],[-57.3049,-37.0039],[-57.4934,-37.0171],[-57.4869,-37.105],[-57.5664,-37.1053],[-57.6748,-37.2029],[-57.2111,-37.533],[-57.1634,-37.4857],[-57.1056,-37.3781],[-56.9958,-37.2488],[-56.9936,-37.2413],[-57.0425,-37.2315],[-56.992,-37.2371],[-56.9495,-37.1846],[-56.8195,-37.0252]]]}},
{"type":"Feature","properties":{"name":"General La Madrid","georefId":"06322","provinciaGeorefId":"06","tipo":"Partido"},"geometry":{"type":"Polygon","coordinates":[[[-61.011,-37.2035],[-61.4235,-36.8646],[-61.599,-36.999],[-61.6046,-36.9944],[-61.7354,-37.0935],[-61.7405,-37.1061],[-61.7166,-37.1353],[-61.725,-37.156],[-61.7028,-37.2166],[-61.7211,-37.2404],[-61.7177,-37.2483],[-61.7342,-37.256],[-61.7443,-37.2716],[-61.7501,-37.3035],[-61.5367,-37.483],[-61.5968,-37.5309],[-61.4884,-37.6189],[-61.5382,-37.6573],[-61.442,-37.7349],[-61.6055,-37.8615],[-61.5093,-37.938],[-61.178,-37.6808],[-60.8785,-37.4515],[-60.9755,-37.3681],[-60.8913,-37.3024],[-61.011,-37.2035]]]}},
{"type":"Feature","properties":{"name":"General Las Heras","georefId":"06329","provinciaGeorefId":"06","tipo":"Partido"},"geometry":{"type":"Polygon","coordinates":[[[-59.0317,-34.7638],[-59.0912,-34.7192],[-59.165,-34.8035],[-59.2187,-34.8526],[-59.0711,-34.9613],[-58.9926,-35.0214],[-59.0148,-35.0413],[-58.9341,-35.1035],[-58.7775,-34.965],[-58.7911,-34.9553],[-58.8591,-34.9041],[-58.8453,-34.8917],[-58.9251,-34.8263],[-58.9362,-34.8178],[-58.9515,-34.8312],[-59.0317,-34.7638]]]}},
{"type":"Feature","properties":{"name":"General Lavalle","georefId":"06336","provinciaGeorefId":"06","tipo":"Partido"},"geometry":{"type":"Polygon","coordinates":[[[-56.7741,-36.3214],[-56.816,-36.335],[-56.8755,-36.329],[-56.9048,-36.3382],[-57.0142,-36.3276],[-57.0155,-36.3416],[-57.0647,-36.3856],[-57.0429,-36.4131],[-57.0403,-36.4292],[-57.0744,-36.4387],[-57.0825,-36.4537],[-57.0987,-36.4421],[-57.1762,-36.5128],[-57.1648,-36.521],[-57.3288,-36.6692],[-57.1758,-36.7844],[-57.1062,-36.8359],[-57.0897,-36.8295],[-56.9972,-36.8618],[-56.9915,-36.8895],[-57.0059,-36.9097],[-56.9938,-36.9011],[-56.9794,-36.9034],[-56.9852,-36.9495],[-56.9401,-36.9594],[-56.9549,-36.9891],[-56.947,-36.9951],[-56.9005,-37.0001],[-56.8195,-37.0252],[-56.8193,-37.0249],[-56.6979,-36.8539],[-56.7124,-36.8206],[-56.7007,-36.7055],[-56.7156,-36.5602],[-56.7419,-36.5314],[-56.715,-36.5332],[-56.7106,-36.4328],[-56.7394,-36.3886],[-56.7273,-36.3665],[-56.7415,-36.3645],[-56.7759,-36.3383],[-56.7621,-36.3381],[-56.7635,-36.3318],[-56.7528,-36.338],[-56.7741,-36.3214]]]}},
{"type":"Feature","properties":{"name":"General Paz","georefId":"06343","provinciaGeorefId":"06","tipo":"Partido"},"geometry":{"type":"Polygon","coordinates":[[[-58.155,-35.4083],[-58.1868,-35.3826],[-58.2193,-35.408],[-58.2596,-35.3771],[-58.2468,-35.3653],[-58.443,-35.2162],[-58.468,-35.2384],[-58.5717,-35.3282],[-58.5251,-35.3666],[-58.5821,-35.4214],[-58.4705,-35.5119],[-58.5687,-35.5959],[-58.4994,-35.6451],[-58.5064,-35.6505],[-58.4865,-35.7069],[-58.4744,-35.7059],[-58.4626,-35.6866],[-58.4414,-35.7029],[-58.4362,-35.7331],[-58.1991,-35.5225],[-58.2038,-35.5187],[-58.1524,-35.4724],[-58.1939,-35.441],[-58.155,-35.4083]]]}},
{"type":"Feature","properties":{"name":"General Pinto","georefId":"06351","provinciaGeorefId":"06","tipo":"Partido"},"geometry":{"type":"Polygon","coordinates":[[[-61.7116,-34.628],[-61.7696,-34.5764],[-61.8454,-34.6374],[-61.9839,-34.5182],[-61.8161,-34.3856],[-62.2691,-34.3858],[-62.3164,-34.5697],[-62.3256,-34.5693],[-62.3482,-34.6538],[-62.1882,-34.6827],[-62.2638,-34.7431],[-62.2402,-34.762],[-62.3051,-34.8128],[-62.2856,-34.8135],[-62.2831,-34.8568],[-62.2226,-34.8548],[-62.2207,-34.8913],[-62.2056,-34.8901],[-62.1852,-34.9178],[-62.1046,-34.9847],[-61.9832,-34.886],[-61.9027,-34.9528],[-61.6735,-34.761],[-61.7729,-34.6764],[-61.7116,-34.628]]]}},
{"type":"Feature","properties":{"name":"General Pueyrredón","georefId":"06357","provinciaGeorefId":"06","tipo":"Partido"},"geometry":{"type":"Polygon","coordinates":[[[-57.5197,-37.8895],[-57.6981,-37.7543],[-57.6732,-37.745],[-57.7358,-37.6996],[-58.0473,-37.9556],[-57.959,-38.0227],[-57.9426,-38.0089],[-57.8817,-38.0554],[-57.8528,-38.0319],[-57.8295,-38.0492],[-57.8465,-38.0616],[-57.8358,-38.0724],[-57.838,-38.0815],[-57.8189,-38.0838],[-57.8132,-38.0929],[-57.8212,-38.1205],[-57.805,-38.1707],[-57.7819,-38.2062],[-57.7768,-38.2455],[-57.6834,-38.2059],[-57.6365,-38.1732],[-57.5932,-38.1189],[-57.5442,-38.0998],[-57.5355,-38.0813],[-57.5397,-38.0642],[-57.5178,-38.039],[-57.5403,-38.0485],[-57.5333,-38.032],[-57.5224,-38.0371],[-57.5315,-38.0315],[-57.524,-38.0166],[-57.5443,-37.99],[-57.5197,-37.8895]]]}},
{"type":"Feature","properties":{"name":"General Rodríguez","georefId":"06364","provinciaGeorefId":"06","tipo":"Partido"},"geometry":{"type":"Polygon","coordinates":[[[-58.8851,-34.5771],[-58.9284,-34.5162],[-58.9619,-34.5337],[-58.9542,-34.5437],[-58.9872,-34.5599],[-58.9926,-34.5686],[-58.9866,-34.5774],[-59.0255,-34.5928],[-59.0393,-34.5886],[-59.0701,-34.6039],[-59.0564,-34.6165],[-59.1361,-34.6589],[-59.0912,-34.7192],[-59.0317,-34.7638],[-59.0218,-34.7583],[-58.9983,-34.7628],[-58.9353,-34.7037],[-58.8878,-34.6965],[-58.8637,-34.6834],[-58.8845,-34.6688],[-58.8843,-34.6272],[-58.8641,-34.6169],[-58.891,-34.5798],[-58.8851,-34.5771]]]}},
{"type":"Feature","properties":{"name":"General San Martín","georefId":"06371","provinciaGeorefId":"06","tipo":"Partido"},"geometry":{"type":"Polygon","coordinates":[[[-58.5538,-34.5302],[-58.6003,-34.4904],[-58.6064,-34.5345],[-58.6192,-34.5467],[-58.5623,-34.5914],[-58.523,-34.5976],[-58.5155,-34.5813],[-58.51,-34.5692],[-58.5298,-34.5373],[-58.5378,-34.5442],[-58.5538,-34.5302]]]}},
{"type":"Feature","properties":{"name":"General Viamonte","georefId":"06385","provinciaGeorefId":"06","tipo":"Partido"},"geometry":{"type":"Polygon","coordinates":[[[-60.8157,-34.7897],[-60.8492,-34.763],[-60.904,-34.8108],[-61.0482,-34.6929],[-61.1512,-34.7772],[-61.1824,-34.8022],[-61.1277,-34.8474],[-61.4197,-35.0879],[-61.3009,-35.1852],[-61.2782,-35.1659],[-61.155,-35.2642],[-61.0625,-35.1868],[-60.9846,-35.2466],[-60.87,-35.1458],[-60.7542,-35.0414],[-60.8477,-34.9681],[-60.724,-34.8612],[-60.8157,-34.7897]]]}},
{"type":"Feature","properties":{"name":"General Villegas","georefId":"06392","provinciaGeorefId":"06","tipo":"Partido"},"geometry":{"type":"Polygon","coordinates":[[[-62.8839,-34.3865],[-63.3851,-34.3858],[-63.3853,-34.5296],[-63.3857,-35.0022],[-63.3857,-35.3697],[-63.3295,-35.3232],[-63.3472,-35.3],[-63.31,-35.2678],[-63.2851,-35.2885],[-63.2112,-35.229],[-63.2355,-35.2086],[-63.1391,-35.1284],[-63.0904,-35.1683],[-63.1154,-35.1889],[-62.9646,-35.3119],[-62.8996,-35.2593],[-62.7075,-35.1012],[-62.6769,-35.1266],[-62.6572,-35.1108],[-62.6883,-35.0851],[-62.6106,-35.0227],[-62.6422,-34.997],[-62.6067,-34.9967],[-62.6222,-34.6325],[-62.5947,-34.6502],[-62.5848,-34.6107],[-62.3482,-34.6538],[-62.3256,-34.5693],[-62.3164,-34.5697],[-62.2691,-34.3858],[-62.8839,-34.3865]]]}},
{"type":"Feature","properties":{"name":"Guaminí","georefId":"06399","provinciaGeorefId":"06","tipo":"Partido"},"geometry":{"type":"Polygon","coordinates":[[[-62.4733,-36.4572],[-62.6076,-36.5614],[-62.8159,-36.7318],[-62.97,-36.863],[-62.6473,-37.123],[-62.595,-37.0964],[-62.5567,-37.15],[-62.511,-37.196],[-62.5096,-37.2338],[-62.5388,-37.2574],[-62.4254,-37.3487],[-62.2118,-37.1803],[-62.203,-37.1871],[-61.9748,-37.0168],[-61.9163,-37.0671],[-61.8757,-37.0366],[-61.8921,-37.0225],[-61.8598,-36.9925],[-62.0197,-36.8497],[-62.0066,-36.8576],[-61.9933,-36.8542],[-62.007,-36.847],[-62.0166,-36.8223],[-61.9962,-36.8205],[-61.9969,-36.8113],[-61.9835,-36.8047],[-62.0001,-36.8116],[-62.1755,-36.6633],[-62.2018,-36.6846],[-62.249,-36.646],[-62.224,-36.6226],[-62.3847,-36.4884],[-62.4115,-36.5092],[-62.4733,-36.4572]]]}},
{"type":"Feature","properties":{"name":"Hipólito Yrigoyen","georefId":"06406","provinciaGeorefId":"06","tipo":"Partido"},"geometry":{"type":"Polygon","coordinates":[[[-61.4361,-36.0392],[-61.4504,-36.0514],[-61.4915,-36.0191],[-61.5967,-36.1073],[-61.6164,-36.0916],[-61.6891,-36.1403],[-61.7026,-36.1293],[-61.7424,-36.1621],[-61.7726,-36.1386],[-61.9448,-36.2686],[-61.9212,-36.2884],[-61.9446,-36.3064],[-61.9443,-36.3149],[-61.9495,-36.3106],[-61.9744,-36.3336],[-62.015,-36.3006],[-62.0482,-36.3259],[-61.9545,-36.4041],[-61.9379,-36.3911],[-61.9286,-36.3988],[-61.9121,-36.3858],[-61.86,-36.4285],[-61.8696,-36.4363],[-61.7634,-36.5249],[-61.7247,-36.4943],[-61.4061,-36.241],[-61.4397,-36.2144],[-61.2698,-36.0711],[-61.3332,-36.0214],[-61.3934,-36.0718],[-61.4361,-36.0392]]]}},
{"type":"Feature","properties":{"name":"Hurlingham","georefId":"06408","provinciaGeorefId":"06","tipo":"Partido"},"geometry":{"type":"Polygon","coordinates":[[[-58.616,-34.5887],[-58.6463,-34.5629],[-58.6709,-34.5728],[-58.6939,-34.5937],[-58.6535,-34.6316],[-58.6218,-34.6332],[-58.616,-34.5887]]]}},
{"type":"Feature","properties":{"name":"Ituzaingó","georefId":"06410","provinciaGeorefId":"06","tipo":"Partido"},"geometry":{"type":"Polygon","coordinates":[[[-58.6535,-34.6316],[-58.6939,-34.5937],[-58.7134,-34.6056],[-58.729,-34.6348],[-58.6674,-34.686],[-58.6535,-34.6316]]]}},
{"type":"Feature","properties":{"name":"José C. Paz","georefId":"06412","provinciaGeorefId":"06","tipo":"Partido"},"geometry":{"type":"Polygon","coordinates":[[[-58.7845,-34.4761],[-58.8217,-34.452],[-58.8112,-34.4857],[-58.8236,-34.5082],[-58.776,-34.5571],[-58.7532,-34.5489],[-58.7209,-34.5182],[-58.7845,-34.4761]]]}},
{"type":"Feature","properties":{"name":"Junín","georefId":"06413","provinciaGeorefId":"06","tipo":"Partido"},"geometry":{"type":"Polygon","coordinates":[[[-60.6772,-34.5094],[-60.7587,-34.4447],[-60.7533,-34.4394],[-60.9027,-34.3261],[-60.923,-34.3361],[-60.9522,-34.3338],[-60.9664,-34.3458],[-61.0416,-34.2833],[-61.0701,-34.3072],[-61.0981,-34.2845],[-61.1383,-34.3178],[-61.1288,-34.3255],[-61.1684,-34.3594],[-61.1766,-34.3662],[-61.1934,-34.365],[-61.1963,-34.4243],[-61.2269,-34.4366],[-61.2342,-34.4334],[-61.238,-34.4037],[-61.2736,-34.4009],[-61.2697,-34.406],[-61.3292,-34.4531],[-61.3555,-34.4739],[-61.2752,-34.5412],[-61.3385,-34.5922],[-61.2047,-34.7025],[-61.2226,-34.7174],[-61.1512,-34.7772],[-61.0482,-34.6929],[-60.904,-34.8108],[-60.8492,-34.763],[-60.8157,-34.7897],[-60.7645,-34.741],[-60.7955,-34.7175],[-60.714,-34.6471],[-60.7414,-34.6491],[-60.7584,-34.6308],[-60.6467,-34.533],[-60.6772,-34.5094]]]}},
{"type":"Feature","properties":{"name":"La Costa","georefId":"06420","provinciaGeorefId":"06","tipo":"Partido"},"geometry":{"type":"Polygon","coordinates":[[[-56.7902,-37.0341],[-56.685,-36.9072],[-56.665,-36.8715],[-56.6754,-36.8207],[-56.6737,-36.7096],[-56.7002,-36.4122],[-56.7317,-36.326],[-56.7503,-36.3044],[-56.7768,-36.2931],[-56.7741,-36.3214],[-56.7528,-36.338],[-56.7635,-36.3318],[-56.7621,-36.3381],[-56.7759,-36.3383],[-56.7415,-36.3645],[-56.7273,-36.3665],[-56.7394,-36.3886],[-56.7106,-36.4328],[-56.715,-36.5332],[-56.7419,-36.5314],[-56.7156,-36.5602],[-56.7007,-36.7055],[-56.7124,-36.8206],[-56.6979,-36.8539],[-56.8193,-37.0249],[-56.7902,-37.0341]]]}},
{"type":"Feature","properties":{"name":"La Matanza","georefId":"06427","provinciaGeorefId":"06","tipo":"Partido"},"geometry":{"type":"Polygon","coordinates":[[[-58.5292,-34.6546],[-58.5561,-34.6347],[-58.5819,-34.6432],[-58.5807,-34.6494],[-58.641,-34.7045],[-58.6362,-34.715],[-58.6755,-34.7393],[-58.6579,-34.7533],[-58.6736,-34.7663],[-58.6819,-34.7595],[-58.7039,-34.7787],[-58.7284,-34.7593],[-58.7502,-34.7776],[-58.7071,-34.8113],[-58.7445,-34.8253],[-58.7732,-34.8276],[-58.7499,-34.8474],[-58.7625,-34.8584],[-58.6941,-34.9122],[-58.6503,-34.8911],[-58.6155,-34.8185],[-58.5945,-34.8056],[-58.5863,-34.7804],[-58.5722,-34.7752],[-58.5682,-34.7588],[-58.5518,-34.7509],[-58.5459,-34.7589],[-58.5375,-34.757],[-58.5387,-34.7468],[-58.5205,-34.7411],[-58.5008,-34.723],[-58.4843,-34.7323],[-58.4617,-34.7051],[-58.5026,-34.6746],[-58.5292,-34.6546]]]}},
{"type":"Feature","properties":{"name":"Lanús","georefId":"06434","provinciaGeorefId":"06","tipo":"Partido"},"geometry":{"type":"Polygon","coordinates":[[[-58.4025,-34.66],[-58.4238,-34.6623],[-58.4469,-34.6888],[-58.4133,-34.7329],[-58.3667,-34.7456],[-58.347,-34.7393],[-58.3335,-34.727],[-58.3919,-34.6798],[-58.4025,-34.66]]]}},
{"type":"Feature","properties":{"name":"La Plata","georefId":"06441","provinciaGeorefId":"06","tipo":"Partido"},"geometry":{"type":"MultiPolygon","coordinates":[[[[-57.9318,-34.9035],[-57.9746,-34.8724],[-57.9909,-34.8797],[-58.0836,-34.8351],[-58.208,-34.942],[-58.2111,-34.9518],[-58.2772,-35.0094],[-58.2884,-35.0173],[-58.2466,-35.0483],[-58.1614,-34.9718],[-58.1204,-35.0044],[-58.1773,-35.0572],[-58.1101,-35.1084],[-58.1018,-35.1012],[-58.0181,-35.1681],[-58.0775,-35.22],[-58.0541,-35.2368],[-57.9681,-35.1597],[-57.7524,-34.9707],[-57.7708,-34.957],[-57.8033,-34.9642],[-57.8617,-34.9377],[-57.8959,-34.9304],[-57.9318,-34.9035]]],[[[-58.248,-34.1749],[-58.2583,-34.1817],[-58.2523,-34.1913],[-58.2431,-34.1869],[-58.248,-34.1749]]]]}},
{"type":"Feature","properties":{"name":"Laprida","georefId":"06448","provinciaGeorefId":"06","tipo":"Partido"},"geometry":{"type":"Polygon","coordinates":[[[-60.4717,-37.3492],[-60.5753,-37.2731],[-60.7317,-37.1402],[-60.716,-37.1283],[-60.8145,-37.0512],[-61.011,-37.2035],[-60.8913,-37.3024],[-60.9755,-37.3681],[-60.8785,-37.4515],[-61.178,-37.6808],[-60.8519,-37.9408],[-60.8457,-37.9358],[-60.6532,-37.7826],[-60.6448,-37.7892],[-60.5567,-37.7209],[-60.5808,-37.7008],[-60.4527,-37.601],[-60.4659,-37.5903],[-60.3492,-37.496],[-60.5027,-37.3735],[-60.4717,-37.3492]]]}},
{"type":"Feature","properties":{"name":"Las Flores","georefId":"06455","provinciaGeorefId":"06","tipo":"Partido"},"geometry":{"type":"Polygon","coordinates":[[[-58.7075,-36.0173],[-58.749,-35.9847],[-58.7292,-35.9675],[-58.8918,-35.8402],[-58.9006,-35.8475],[-58.9567,-35.8032],[-58.9744,-35.8169],[-59.1034,-35.7031],[-59.0959,-35.6967],[-59.1398,-35.6662],[-59.1311,-35.6982],[-59.1556,-35.7113],[-59.1666,-35.7062],[-59.1749,-35.712],[-59.1814,-35.7555],[-59.1833,-35.7629],[-59.2291,-35.7814],[-59.2409,-35.7932],[-59.303,-35.795],[-59.3185,-35.8094],[-59.3291,-35.8025],[-59.3392,-35.8077],[-59.3473,-35.8036],[-59.3794,-35.8174],[-59.3897,-35.8069],[-59.4164,-35.8022],[-59.4588,-35.8142],[-59.4795,-35.8109],[-59.4814,-35.8202],[-59.5057,-35.817],[-59.5694,-35.8538],[-59.6172,-35.8532],[-59.6471,-35.8616],[-59.6747,-35.8437],[-59.6761,-35.8333],[-59.6919,-35.8276],[-59.7001,-35.8317],[-59.5165,-35.976],[-59.5532,-36.0068],[-59.3825,-36.1354],[-59.4882,-36.2271],[-59.2892,-36.3747],[-59.2184,-36.3212],[-59.1916,-36.3133],[-59.1565,-36.2894],[-59.106,-36.2748],[-59.0992,-36.2677],[-59.1031,-36.247],[-59.081,-36.2395],[-59.071,-36.2216],[-59.0287,-36.2168],[-58.915,-36.1716],[-58.9021,-36.159],[-58.8413,-36.1414],[-58.8289,-36.1108],[-58.8092,-36.1057],[-58.7075,-36.0173]]]}},
{"type":"Feature","properties":{"name":"Leandro N. Alem","georefId":"06462","provinciaGeorefId":"06","tipo":"Partido"},"geometry":{"type":"Polygon","coordinates":[[[-61.3292,-34.4531],[-61.3691,-34.4195],[-61.3767,-34.4253],[-61.417,-34.3923],[-61.3954,-34.3735],[-61.4717,-34.3074],[-61.5089,-34.3368],[-61.5491,-34.3034],[-61.6108,-34.3527],[-61.6484,-34.3195],[-61.7198,-34.3856],[-61.8161,-34.3856],[-61.9839,-34.5182],[-61.8454,-34.6374],[-61.7696,-34.5764],[-61.7116,-34.628],[-61.6446,-34.6837],[-61.6116,-34.6567],[-61.5976,-34.6687],[-61.5164,-34.6032],[-61.4364,-34.6712],[-61.3385,-34.5922],[-61.2752,-34.5412],[-61.3555,-34.4739],[-61.3292,-34.4531]]]}},
{"type":"Feature","properties":{"name":"Lezama","georefId":"06466","provinciaGeorefId":"06","tipo":"Partido"},"geometry":{"type":"Polygon","coordinates":[[[-57.4896,-35.8115],[-57.5438,-35.8056],[-57.6158,-35.7765],[-57.6873,-35.7786],[-57.7414,-35.7691],[-57.861,-35.6858],[-57.8874,-35.6999],[-57.8982,-35.6915],[-57.9803,-35.7573],[-58.0116,-35.7397],[-58.0361,-35.7617],[-58.0453,-35.7564],[-58.0736,-35.7751],[-58.08,-35.7869],[-58.0969,-35.775],[-58.1459,-35.8193],[-58.1376,-35.8254],[-58.1639,-35.8489],[-58.165,-35.8676],[-58.1472,-35.8666],[-58.1485,-35.886],[-58.1355,-35.896],[-58.1375,-35.9055],[-58.1209,-35.9189],[-58.1025,-35.9217],[-58.1112,-35.9334],[-58.0907,-35.9392],[-58.0921,-35.9499],[-58.0695,-35.9532],[-58.0402,-35.9453],[-58.0245,-35.9505],[-58.0162,-35.9454],[-58.0081,-35.9605],[-58.0347,-36.0023],[-58.0254,-36.032],[-58.0043,-36.0421],[-57.9837,-36.0173],[-57.9772,-36.0195],[-57.9833,-36.0287],[-57.9574,-36.0278],[-57.9394,-35.993],[-57.9142,-35.9938],[-57.9041,-35.9736],[-57.8464,-35.9615],[-57.8329,-35.9437],[-57.7755,-35.9343],[-57.7638,-35.922],[-57.7361,-35.9256],[-57.7261,-35.9198],[-57.7325,-35.8965],[-57.7123,-35.8727],[-57.7077,-35.8323],[-57.6822,-35.8316],[-57.6563,-35.8501],[-57.6493,-35.837],[-57.588,-35.8307],[-57.567,-35.857],[-57.5557,-35.8449],[-57.5296,-35.8417],[-57.5125,-35.8245],[-57.489,-35.8263],[-57.4896,-35.8115]]]}},
{"type":"Feature","properties":{"name":"Lincoln","georefId":"06469","provinciaGeorefId":"06","tipo":"Partido"},"geometry":{"type":"Polygon","coordinates":[[[-61.1512,-34.7772],[-61.2226,-34.7174],[-61.2047,-34.7025],[-61.3385,-34.5922],[-61.4364,-34.6712],[-61.5164,-34.6032],[-61.5976,-34.6687],[-61.6116,-34.6567],[-61.6446,-34.6837],[-61.7116,-34.628],[-61.7729,-34.6764],[-61.6735,-34.761],[-61.9027,-34.9528],[-61.9832,-34.886],[-62.1046,-34.9847],[-62.1854,-35.0507],[-62.1662,-35.0671],[-62.2706,-35.1518],[-62.21,-35.2019],[-62.225,-35.2141],[-62.1451,-35.2806],[-62.1493,-35.2839],[-61.9063,-35.4856],[-61.7833,-35.5854],[-61.7247,-35.5374],[-61.5319,-35.3786],[-61.3009,-35.1852],[-61.4197,-35.0879],[-61.1277,-34.8474],[-61.1824,-34.8022],[-61.1512,-34.7772]]]}},
{"type":"Feature","properties":{"name":"Lobería","georefId":"06476","provinciaGeorefId":"06","tipo":"Partido"},"geometry":{"type":"Polygon","coordinates":[[[-58.3291,-38.0741],[-58.5912,-37.878],[-58.5073,-37.8057],[-58.8091,-37.5787],[-59.1102,-37.8262],[-59.1135,-37.8428],[-59.1282,-37.8471],[-59.1311,-37.8595],[-59.1654,-37.8806],[-59.1679,-37.9367],[-59.1485,-37.9614],[-59.1277,-37.9736],[-59.1248,-37.9956],[-59.0785,-38.0204],[-59.0536,-38.0471],[-59.0384,-38.087],[-58.9543,-38.1551],[-58.9511,-38.1827],[-58.9401,-38.1808],[-58.9128,-38.202],[-58.9002,-38.24],[-58.9066,-38.2452],[-58.8782,-38.2683],[-58.8809,-38.2759],[-58.8672,-38.2921],[-58.8438,-38.2985],[-58.809,-38.3288],[-58.8132,-38.34],[-58.7823,-38.378],[-58.7875,-38.4007],[-58.7687,-38.4298],[-58.7742,-38.4358],[-58.7578,-38.4539],[-58.7571,-38.4725],[-58.7401,-38.4806],[-58.752,-38.4887],[-58.734,-38.5082],[-58.7402,-38.515],[-58.708,-38.495],[-58.6195,-38.5619],[-58.4976,-38.5375],[-58.2381,-38.4458],[-58.2565,-38.4359],[-58.2563,-38.4227],[-58.2849,-38.3856],[-58.2695,-38.354],[-58.2831,-38.3158],[-58.3023,-38.3002],[-58.3111,-38.274],[-58.3259,-38.2732],[-58.3382,-38.2509],[-58.3236,-38.2234],[-58.3436,-38.1596],[-58.3322,-38.127],[-58.3391,-38.1066],[-58.3291,-38.0741]]]}},
{"type":"Feature","properties":{"name":"Lobos","georefId":"06483","provinciaGeorefId":"06","tipo":"Partido"},"geometry":{"type":"Polygon","coordinates":[[[-58.9341,-35.1035],[-59.0148,-35.0413],[-58.9926,-35.0214],[-59.0711,-34.9613],[-59.2213,-35.0851],[-59.2477,-35.0648],[-59.2515,-35.0983],[-59.5525,-35.2549],[-59.5357,-35.2819],[-59.5061,-35.2893],[-59.4808,-35.2871],[-59.4685,-35.3074],[-59.4624,-35.2987],[-59.4418,-35.3081],[-59.3934,-35.2909],[-59.3785,-35.3139],[-59.3801,-35.3334],[-59.3602,-35.3509],[-59.349,-35.3442],[-59.3427,-35.3556],[-59.3221,-35.3592],[-59.3225,-35.3747],[-59.2926,-35.3654],[-59.2629,-35.3907],[-59.2354,-35.3875],[-59.2045,-35.395],[-59.185,-35.4014],[-59.1825,-35.409],[-59.1666,-35.4062],[-59.1646,-35.4206],[-59.154,-35.4197],[-59.1283,-35.4364],[-59.1203,-35.4308],[-59.0254,-35.3523],[-59.0058,-35.3669],[-58.9795,-35.3423],[-58.9358,-35.3341],[-58.9251,-35.3417],[-58.8118,-35.2424],[-58.8949,-35.1762],[-58.869,-35.1536],[-58.9341,-35.1035]]]}},
{"type":"Feature","properties":{"name":"Lomas de Zamora","georefId":"06490","provinciaGeorefId":"06","tipo":"Partido"},"geometry":{"type":"Polygon","coordinates":[[[-58.347,-34.7393],[-58.3667,-34.7456],[-58.4133,-34.7329],[-58.4469,-34.6888],[-58.4617,-34.7051],[-58.4843,-34.7323],[-58.5008,-34.723],[-58.4305,-34.8172],[-58.3366,-34.7544],[-58.347,-34.7393]]]}},
{"type":"Feature","properties":{"name":"Luján","georefId":"06497","provinciaGeorefId":"06","tipo":"Partido"},"geometry":{"type":"Polygon","coordinates":[[[-59.0563,-34.4282],[-59.0759,-34.4353],[-59.0772,-34.4512],[-59.0977,-34.4643],[-59.1296,-34.4206],[-59.1967,-34.3737],[-59.2061,-34.3899],[-59.2393,-34.4137],[-59.2177,-34.4466],[-59.3385,-34.5085],[-59.2624,-34.6201],[-59.2812,-34.6258],[-59.2413,-34.6773],[-59.2559,-34.6856],[-59.1681,-34.7994],[-59.165,-34.8035],[-59.0912,-34.7192],[-59.1361,-34.6589],[-59.0564,-34.6165],[-59.0701,-34.6039],[-59.0393,-34.5886],[-59.0255,-34.5928],[-58.9866,-34.5774],[-58.9926,-34.5686],[-58.9872,-34.5599],[-58.9542,-34.5437],[-58.9619,-34.5337],[-59.0007,-34.4834],[-59.0105,-34.4883],[-59.0563,-34.4282]]]}},
{"type":"Feature","properties":{"name":"Magdalena","georefId":"06505","provinciaGeorefId":"06","tipo":"Partido"},"geometry":{"type":"Polygon","coordinates":[[[-57.3037,-35.1972],[-57.3539,-35.1461],[-57.5085,-35.0247],[-57.5933,-34.994],[-57.6748,-34.9362],[-57.7082,-34.9303],[-57.7524,-34.9707],[-57.9681,-35.1597],[-57.8901,-35.2221],[-58.0358,-35.344],[-58.025,-35.3538],[-58.0029,-35.3328],[-57.9854,-35.3285],[-57.9794,-35.3447],[-57.9527,-35.3594],[-57.9472,-35.372],[-57.9179,-35.3714],[-57.9129,-35.3818],[-57.8885,-35.3847],[-57.8887,-35.392],[-57.8739,-35.3859],[-57.8727,-35.3971],[-57.8528,-35.4123],[-57.8327,-35.4155],[-57.8145,-35.4419],[-57.7962,-35.4449],[-57.7587,-35.4053],[-57.7268,-35.3493],[-57.6827,-35.3768],[-57.6708,-35.3663],[-57.6821,-35.3579],[-57.6646,-35.3423],[-57.6401,-35.3556],[-57.6134,-35.3331],[-57.6314,-35.3196],[-57.6371,-35.3248],[-57.6351,-35.3169],[-57.6676,-35.2933],[-57.633,-35.2609],[-57.6029,-35.2692],[-57.6079,-35.274],[-57.5814,-35.2941],[-57.6022,-35.3617],[-57.5889,-35.35],[-57.5713,-35.3634],[-57.5032,-35.302],[-57.5494,-35.2962],[-57.4929,-35.2436],[-57.4601,-35.2668],[-57.4256,-35.2346],[-57.4039,-35.2505],[-57.3037,-35.1972]]]}},
{"type":"Feature","properties":{"name":"Maipú","georefId":"06511","provinciaGeorefId":"06","tipo":"Partido"},"geometry":{"type":"Polygon","coordinates":[[[-57.3288,-36.6692],[-57.4644,-36.5709],[-57.4937,-36.5814],[-57.654,-36.7281],[-57.6606,-36.7231],[-57.7071,-36.763],[-57.7457,-36.7343],[-57.8916,-36.8545],[-57.9196,-36.8332],[-57.9724,-36.8778],[-57.9439,-36.8988],[-58.0107,-36.9587],[-57.9445,-37.0076],[-57.769,-37.136],[-57.6748,-37.2029],[-57.5664,-37.1053],[-57.4869,-37.105],[-57.4934,-37.0171],[-57.3049,-37.0039],[-57.3217,-36.9106],[-57.2239,-36.9086],[-57.2335,-36.7885],[-57.1758,-36.7844],[-57.3288,-36.6692]]]}},
{"type":"Feature","properties":{"name":"Malvinas Argentinas","georefId":"06515","provinciaGeorefId":"06","tipo":"Partido"},"geometry":{"type":"Polygon","coordinates":[[[-58.6466,-34.5014],[-58.7056,-34.4393],[-58.7373,-34.4564],[-58.752,-34.4678],[-58.7562,-34.4624],[-58.7702,-34.4648],[-58.7845,-34.4761],[-58.7209,-34.5182],[-58.7013,-34.5327],[-58.6945,-34.5263],[-58.6891,-34.5302],[-58.6466,-34.5014]]]}},
{"type":"Feature","properties":{"name":"Mar Chiquita","georefId":"06518","provinciaGeorefId":"06","tipo":"Partido"},"geometry":{"type":"Polygon","coordinates":[[[-57.6748,-37.2029],[-57.769,-37.136],[-58.0945,-37.4374],[-57.7358,-37.6996],[-57.6732,-37.745],[-57.6981,-37.7543],[-57.5197,-37.8895],[-57.4916,-37.8282],[-57.4116,-37.7352],[-57.1876,-37.5498],[-57.2111,-37.533],[-57.6748,-37.2029]]]}},
{"type":"Feature","properties":{"name":"Marcos Paz","georefId":"06525","provinciaGeorefId":"06","tipo":"Partido"},"geometry":{"type":"Polygon","coordinates":[[[-58.8603,-34.6852],[-58.8637,-34.6834],[-58.8878,-34.6965],[-58.9353,-34.7037],[-58.9983,-34.7628],[-59.0218,-34.7583],[-59.0317,-34.7638],[-58.9515,-34.8312],[-58.9362,-34.8178],[-58.9251,-34.8263],[-58.8453,-34.8917],[-58.8591,-34.9041],[-58.7911,-34.9553],[-58.7641,-34.9585],[-58.7277,-34.9242],[-58.6941,-34.9122],[-58.7625,-34.8584],[-58.7499,-34.8474],[-58.7732,-34.8276],[-58.7445,-34.8253],[-58.7071,-34.8113],[-58.7502,-34.7776],[-58.8609,-34.7013],[-58.8603,-34.6852]]]}},
{"type":"Feature","properties":{"name":"Mercedes","georefId":"06532","provinciaGeorefId":"06","tipo":"Partido"},"geometry":{"type":"Polygon","coordinates":[[[-59.1681,-34.7994],[-59.2559,-34.6856],[-59.2413,-34.6773],[-59.2812,-34.6258],[-59.2624,-34.6201],[-59.3385,-34.5085],[-59.4722,-34.5772],[-59.4828,-34.5707],[-59.5237,-34.5969],[-59.5688,-34.5606],[-59.6324,-34.615],[-59.673,-34.5826],[-59.7164,-34.62],[-59.5259,-34.7648],[-59.532,-34.7699],[-59.4913,-34.8029],[-59.5226,-34.8288],[-59.4665,-34.8726],[-59.4087,-34.8424],[-59.3732,-34.8911],[-59.3166,-34.8426],[-59.3205,-34.8369],[-59.2894,-34.8217],[-59.2787,-34.8343],[-59.2045,-34.7962],[-59.1922,-34.8121],[-59.1681,-34.7994]]]}},
{"type":"Feature","properties":{"name":"Merlo","georefId":"06539","provinciaGeorefId":"06","tipo":"Partido"},"geometry":{"type":"Polygon","coordinates":[[[-58.6674,-34.686],[-58.729,-34.6348],[-58.7575,-34.6605],[-58.818,-34.6855],[-58.8603,-34.6852],[-58.8609,-34.7013],[-58.7502,-34.7776],[-58.7284,-34.7593],[-58.7039,-34.7787],[-58.6819,-34.7595],[-58.6736,-34.7663],[-58.6579,-34.7533],[-58.6755,-34.7393],[-58.6362,-34.715],[-58.641,-34.7045],[-58.6674,-34.686]]]}},
{"type":"Feature","properties":{"name":"Monte","georefId":"06547","provinciaGeorefId":"06","tipo":"Partido"},"geometry":{"type":"Polygon","coordinates":[[[-58.5821,-35.4214],[-58.6631,-35.355],[-58.6742,-35.3604],[-58.7074,-35.3351],[-58.6783,-35.3045],[-58.7467,-35.2527],[-58.7708,-35.274],[-58.8118,-35.2424],[-58.9251,-35.3417],[-58.9358,-35.3341],[-58.9795,-35.3423],[-59.0058,-35.3669],[-59.0254,-35.3523],[-59.1203,-35.4308],[-59.1054,-35.4267],[-59.0847,-35.4471],[-59.0344,-35.4604],[-59.0305,-35.4722],[-59.0186,-35.468],[-59.0093,-35.4797],[-59.0172,-35.4997],[-59.0118,-35.5113],[-59.0478,-35.5292],[-59.0494,-35.5516],[-59.0367,-35.5516],[-59.0344,-35.5649],[-59.003,-35.5949],[-58.9739,-35.59],[-58.9474,-35.623],[-58.9317,-35.6228],[-58.9038,-35.6055],[-58.9076,-35.5941],[-58.8819,-35.5931],[-58.8781,-35.6044],[-58.8883,-35.6211],[-58.8766,-35.6401],[-58.8392,-35.6563],[-58.8351,-35.666],[-58.8431,-35.6819],[-58.805,-35.6897],[-58.788,-35.701],[-58.7617,-35.7566],[-58.7476,-35.7507],[-58.738,-35.7311],[-58.716,-35.7217],[-58.686,-35.7297],[-58.6617,-35.7246],[-58.6581,-35.7442],[-58.6356,-35.7431],[-58.6291,-35.7511],[-58.6086,-35.7411],[-58.5951,-35.7501],[-58.5414,-35.7463],[-58.5368,-35.7257],[-58.5245,-35.7225],[-58.5041,-35.7538],[-58.4943,-35.7453],[-58.4865,-35.7069],[-58.5064,-35.6505],[-58.4994,-35.6451],[-58.5687,-35.5959],[-58.4705,-35.5119],[-58.5821,-35.4214]]]}},
{"type":"Feature","properties":{"name":"Monte Hermoso","georefId":"06553","provinciaGeorefId":"06","tipo":"Partido"},"geometry":{"type":"Polygon","coordinates":[[[-61.1102,-38.9959],[-61.118,-38.9943],[-61.1195,-38.982],[-61.1053,-38.9796],[-61.1378,-38.9294],[-61.1662,-38.928],[-61.2349,-38.9433],[-61.292,-38.9477],[-61.3149,-38.9463],[-61.3423,-38.9155],[-61.3899,-38.9151],[-61.4244,-38.9163],[-61.4338,-38.924],[-61.4412,-38.9184],[-61.4527,-38.924],[-61.4532,-38.9397],[-61.4557,-38.9954],[-61.3775,-38.9883],[-61.1746,-39.0004],[-61.1102,-38.9959]]]}},
{"type":"Feature","properties":{"name":"Moreno","georefId":"06560","provinciaGeorefId":"06","tipo":"Partido"},"geometry":{"type":"Polygon","coordinates":[[[-58.776,-34.5571],[-58.8236,-34.5082],[-58.8475,-34.5492],[-58.8851,-34.5771],[-58.891,-34.5798],[-58.8641,-34.6169],[-58.8843,-34.6272],[-58.8845,-34.6688],[-58.8637,-34.6834],[-58.8603,-34.6852],[-58.818,-34.6855],[-58.7575,-34.6605],[-58.729,-34.6348],[-58.7134,-34.6056],[-58.776,-34.5571]]]}},
{"type":"Feature","properties":{"name":"Morón","georefId":"06568","provinciaGeorefId":"06","tipo":"Partido"},"geometry":{"type":"Polygon","coordinates":[[[-58.616,-34.5887],[-58.6218,-34.6332],[-58.6535,-34.6316],[-58.6674,-34.686],[-58.641,-34.7045],[-58.5807,-34.6494],[-58.5819,-34.6432],[-58.5561,-34.6347],[-58.5722,-34.6287],[-58.5888,-34.6061],[-58.616,-34.5887]]]}},
{"type":"Feature","properties":{"name":"Navarro","georefId":"06574","provinciaGeorefId":"06","tipo":"Partido"},"geometry":{"type":"Polygon","coordinates":[[[-59.1681,-34.7994],[-59.1922,-34.8121],[-59.2045,-34.7962],[-59.2787,-34.8343],[-59.2894,-34.8217],[-59.3205,-34.8369],[-59.3166,-34.8426],[-59.3732,-34.8911],[-59.4087,-34.8424],[-59.4665,-34.8726],[-59.6354,-34.958],[-59.6052,-34.9977],[-59.8222,-35.1768],[-59.7923,-35.1827],[-59.7753,-35.1734],[-59.759,-35.1891],[-59.7614,-35.1971],[-59.7464,-35.196],[-59.7214,-35.2227],[-59.6991,-35.2109],[-59.6704,-35.2231],[-59.6639,-35.21],[-59.6447,-35.2081],[-59.6323,-35.1972],[-59.6211,-35.2006],[-59.5752,-35.1776],[-59.543,-35.2043],[-59.549,-35.2134],[-59.5401,-35.2213],[-59.5552,-35.2432],[-59.5525,-35.2549],[-59.2515,-35.0983],[-59.2477,-35.0648],[-59.2213,-35.0851],[-59.0711,-34.9613],[-59.2187,-34.8526],[-59.165,-34.8035],[-59.1681,-34.7994]]]}},
{"type":"Feature","properties":{"name":"Necochea","georefId":"06581","provinciaGeorefId":"06","tipo":"Partido"},"geometry":{"type":"Polygon","coordinates":[[[-59.1102,-37.8262],[-59.1149,-37.7901],[-59.1282,-37.7792],[-59.1336,-37.7575],[-59.1662,-37.7365],[-59.1708,-37.7006],[-59.153,-37.659],[-59.159,-37.637],[-59.1855,-37.6168],[-59.226,-37.6508],[-59.307,-37.7203],[-59.3407,-37.7335],[-59.3702,-37.7578],[-59.3833,-37.7586],[-59.4004,-37.7822],[-59.6765,-37.9997],[-59.6413,-38.0252],[-59.6226,-38.0449],[-59.5475,-38.0607],[-59.5381,-38.0573],[-59.5088,-38.0791],[-59.4149,-38.1137],[-59.3554,-38.1146],[-59.2976,-38.1424],[-59.2532,-38.1469],[-59.2462,-38.1531],[-59.3138,-38.207],[-59.325,-38.253],[-59.3542,-38.3034],[-59.3357,-38.3215],[-59.3402,-38.3364],[-59.316,-38.3839],[-59.4059,-38.4571],[-59.3465,-38.5016],[-59.3356,-38.5014],[-59.3403,-38.5478],[-59.3797,-38.5685],[-59.4447,-38.5885],[-59.4315,-38.6044],[-59.4078,-38.594],[-59.4113,-38.623],[-59.3974,-38.6275],[-59.3868,-38.6557],[-59.3711,-38.6594],[-59.3522,-38.7012],[-59.356,-38.7086],[-59.3313,-38.72],[-59.3328,-38.7367],[-59.0122,-38.6785],[-58.735,-38.5873],[-58.7022,-38.581],[-58.698,-38.5838],[-58.6895,-38.5879],[-58.6977,-38.5837],[-58.6964,-38.5818],[-58.6967,-38.5799],[-58.6957,-38.5785],[-58.6909,-38.575],[-58.6195,-38.5619],[-58.708,-38.495],[-58.7402,-38.515],[-58.734,-38.5082],[-58.752,-38.4887],[-58.7401,-38.4806],[-58.7571,-38.4725],[-58.7578,-38.4539],[-58.7742,-38.4358],[-58.7687,-38.4298],[-58.7875,-38.4007],[-58.7823,-38.378],[-58.8132,-38.34],[-58.809,-38.3288],[-58.8438,-38.2985],[-58.8672,-38.2921],[-58.8809,-38.2759],[-58.8782,-38.2683],[-58.9066,-38.2452],[-58.9002,-38.24],[-58.9128,-38.202],[-58.9401,-38.1808],[-58.9511,-38.1827],[-58.9543,-38.1551],[-59.0384,-38.087],[-59.0536,-38.0471],[-59.0785,-38.0204],[-59.1248,-37.9956],[-59.1277,-37.9736],[-59.1485,-37.9614],[-59.1679,-37.9367],[-59.1654,-37.8806],[-59.1311,-37.8595],[-59.1282,-37.8471],[-59.1135,-37.8428],[-59.1102,-37.8262]]]}},
{"type":"Feature","properties":{"name":"9 de Julio","georefId":"06588","provinciaGeorefId":"06","tipo":"Partido"},"geometry":{"type":"Polygon","coordinates":[[[-60.528,-35.4103],[-60.87,-35.1458],[-60.9846,-35.2466],[-61.0625,-35.1868],[-61.155,-35.2642],[-61.2782,-35.1659],[-61.3009,-35.1852],[-61.5319,-35.3786],[-61.288,-35.5728],[-61.2726,-35.5601],[-61.1875,-35.6274],[-61.1968,-35.6355],[-61.0319,-35.7656],[-61.1017,-35.8248],[-61.0353,-35.8767],[-60.9697,-35.9266],[-60.8679,-35.84],[-60.4449,-35.4733],[-60.528,-35.4103]]]}},
{"type":"Feature","properties":{"name":"Olavarría","georefId":"06595","provinciaGeorefId":"06","tipo":"Partido"},"geometry":{"type":"Polygon","coordinates":[[[-60.1614,-36.7197],[-60.2856,-36.6199],[-60.3265,-36.6525],[-60.4781,-36.5297],[-60.4384,-36.4978],[-60.5381,-36.4177],[-60.5322,-36.4125],[-60.563,-36.3917],[-60.5693,-36.3976],[-60.65,-36.3429],[-60.7288,-36.4027],[-60.7628,-36.3786],[-60.8754,-36.4678],[-60.8962,-36.4513],[-61.2548,-36.735],[-61.4235,-36.8646],[-61.011,-37.2035],[-60.8145,-37.0512],[-60.716,-37.1283],[-60.7317,-37.1402],[-60.5753,-37.2731],[-60.4717,-37.3492],[-60.4372,-37.3768],[-60.2775,-37.2495],[-60.2823,-37.2459],[-60.2006,-37.178],[-60.2076,-37.1728],[-60.1264,-37.0968],[-60.1452,-37.0812],[-60.113,-37.0416],[-60.1229,-37.0343],[-60.1036,-37.0161],[-60.1161,-37.0066],[-60.0959,-36.9891],[-60.1067,-36.9808],[-60.066,-36.9476],[-60.06,-36.952],[-60.0234,-36.9156],[-60.0329,-36.908],[-60.0126,-36.891],[-60.0281,-36.88],[-60.0075,-36.8635],[-60.0212,-36.8526],[-60.0014,-36.8355],[-60.1614,-36.7197]]]}},
{"type":"Feature","properties":{"name":"Patagones","georefId":"06602","provinciaGeorefId":"06","tipo":"Partido"},"geometry":{"type":"MultiPolygon","coordinates":[[[[-62.7897,-41.0242],[-62.7446,-41.0376],[-62.7104,-41.0377],[-62.6599,-41.0061],[-62.553,-40.9592],[-62.4133,-40.9202],[-62.3125,-40.8711],[-62.2323,-40.6879],[-62.1745,-40.6375],[-62.1694,-40.6003],[-62.1819,-40.5768],[-62.2551,-40.5391],[-62.3185,-40.5264],[-62.3163,-40.5354],[-62.2537,-40.5524],[-62.2551,-40.5771],[-62.2617,-40.5785],[-62.2622,-40.563],[-62.2825,-40.5715],[-62.2976,-40.5427],[-62.3207,-40.5353],[-62.3204,-40.5049],[-62.3447,-40.4926],[-62.3745,-40.4911],[-62.4189,-40.4637],[-62.4258,-40.4519],[-62.421,-40.4286],[-62.4469,-40.4079],[-62.4512,-40.3814],[-62.4894,-40.3171],[-62.4879,-40.3003],[-62.453,-40.2698],[-62.4458,-40.2502],[-62.4244,-40.2356],[-62.3894,-40.2284],[-62.3449,-40.1972],[-62.3277,-40.1575],[-62.3519,-40.07],[-62.3424,-40.0638],[-62.3439,-40.0363],[-62.3304,-39.9988],[-62.329,-39.9751],[-62.3414,-39.9601],[-62.3301,-39.9562],[-62.3238,-39.9404],[-62.3261,-39.905],[-62.3137,-39.9008],[-62.3203,-39.8689],[-62.3015,-39.8639],[-62.3009,-39.8752],[-62.2857,-39.8794],[-62.2644,-39.8599],[-62.2676,-39.8512],[-62.2795,-39.8487],[-62.2701,-39.8494],[-62.264,-39.8537],[-62.2633,-39.8604],[-62.2722,-39.8696],[-62.2699,-39.8722],[-62.2603,-39.8585],[-62.1906,-39.8624],[-62.1798,-39.8535],[-62.1615,-39.8603],[-62.1563,-39.8708],[-62.1415,-39.8719],[-62.1468,-39.8567],[-62.1665,-39.8302],[-62.215,-39.8399],[-62.2335,-39.8162],[-62.2614,-39.8153],[-62.2997,-39.7972],[-62.3378,-39.8023],[-62.3708,-39.7757],[-62.3901,-39.7801],[-62.3911,-39.7689],[-62.3751,-39.764],[-62.3976,-39.7536],[-62.3924,-39.7439],[-62.4089,-39.725],[-62.431,-39.7248],[-62.4764,-39.6937],[-62.4866,-39.6656],[-62.4749,-39.6531],[-62.4751,-39.6282],[-62.4914,-39.6198],[-62.4903,-39.6075],[-62.5195,-39.5949],[-62.537,-39.5752],[-62.5701,-39.5707],[-62.6011,-39.5499],[-62.6168,-39.5481],[-62.6266,-39.5299],[-62.6394,-39.5366],[-62.6452,-39.5279],[-62.6772,-39.5264],[-62.6916,-39.5348],[-62.7202,-39.528],[-62.7341,-39.5115],[-62.7544,-39.5062],[-62.7704,-39.5134],[-62.809,-39.5113],[-62.858,-39.5305],[-62.8833,-39.5116],[-62.9087,-39.5051],[-62.9588,-39.5176],[-62.9732,-39.5037],[-63.0134,-39.5033],[-63.017,-39.4857],[-63.0283,-39.4949],[-63.0327,-39.481],[-63.0468,-39.4865],[-63.0722,-39.4781],[-63.066,-39.4602],[-63.0835,-39.4618],[-63.0924,-39.4729],[-63.0997,-39.4682],[-63.0917,-39.4516],[-63.1074,-39.4567],[-63.1131,-39.4518],[-63.1018,-39.4244],[-63.1367,-39.3937],[-63.1735,-39.413],[-63.1989,-39.3877],[-63.2191,-39.3867],[-63.2393,-39.3663],[-63.3231,-39.3357],[-63.3833,-39.3285],[-63.3824,-39.8719],[-63.3808,-40.4086],[-63.3793,-40.7104],[-63.3668,-40.7017],[-63.366,-40.6892],[-63.3572,-40.7003],[-63.3001,-40.7111],[-63.2971,-40.7237],[-63.2853,-40.7294],[-63.2722,-40.7227],[-63.2055,-40.7232],[-63.1921,-40.7167],[-63.1136,-40.7474],[-63.0967,-40.7628],[-63.0472,-40.7732],[-63.0311,-40.7944],[-62.9972,-40.7985],[-62.9804,-40.8155],[-62.9576,-40.8181],[-62.9422,-40.8427],[-62.879,-40.8948],[-62.802,-40.9826],[-62.7897,-41.0242]]],[[[-62.1518,-40.3793],[-62.1675,-40.3623],[-62.1953,-40.4056],[-62.1966,-40.4376],[-62.1711,-40.4388],[-62.1434,-40.4205],[-62.1318,-40.3918],[-62.1428,-40.393],[-62.1395,-40.4022],[-62.1523,-40.3964],[-62.1417,-40.3866],[-62.1455,-40.3775],[-62.1518,-40.3793]]],[[[-62.1804,-40.4609],[-62.1999,-40.4456],[-62.202,-40.4692],[-62.2349,-40.508],[-62.2171,-40.5235],[-62.1969,-40.5152],[-62.2012,-40.5107],[-62.1882,-40.5054],[-62.1566,-40.4577],[-62.1747,-40.4681],[-62.1804,-40.4609]]],[[[-62.1121,-40.176],[-62.1103,-40.125],[-62.1245,-40.1446],[-62.1315,-40.178],[-62.1088,-40.22],[-62.093,-40.2064],[-62.0978,-40.1996],[-62.1092,-40.2016],[-62.1132,-40.1888],[-62.1037,-40.1837],[-62.1121,-40.176]]],[[[-62.3288,-40.2865],[-62.3434,-40.2857],[-62.3485,-40.3177],[-62.3475,-40.3385],[-62.3323,-40.3434],[-62.329,-40.3217],[-62.3166,-40.3148],[-62.321,-40.3047],[-62.3112,-40.2979],[-62.3288,-40.2865]]],[[[-62.2877,-40.2995],[-62.2959,-40.3198],[-62.3167,-40.3353],[-62.3121,-40.3429],[-62.2946,-40.3425],[-62.267,-40.3151],[-62.2649,-40.2994],[-62.2877,-40.2995]]],[[[-62.2508,-39.8656],[-62.2565,-39.8642],[-62.2485,-39.8742],[-62.2225,-39.8811],[-62.1898,-39.873],[-62.1993,-39.8633],[-62.2184,-39.8703],[-62.2508,-39.8656]]],[[[-62.1597,-40.0199],[-62.1688,-40.0273],[-62.1556,-40.0369],[-62.1285,-40.0362],[-62.1198,-40.0277],[-62.1497,-40.0349],[-62.1643,-40.0288],[-62.1597,-40.0199]]],[[[-62.3693,-40.256],[-62.3571,-40.251],[-62.3571,-40.2339],[-62.3747,-40.2374],[-62.3693,-40.256]]],[[[-62.3536,-40.2231],[-62.333,-40.2127],[-62.3192,-40.1944],[-62.3536,-40.2231]]],[[[-62.1534,-40.4515],[-62.1578,-40.4468],[-62.1767,-40.4544],[-62.1534,-40.4515]]],[[[-62.1181,-40.4011],[-62.1213,-40.3955],[-62.1331,-40.399],[-62.1266,-40.4064],[-62.1181,-40.4011]]]]}},
{"type":"Feature","properties":{"name":"Pehuajó","georefId":"06609","provinciaGeorefId":"06","tipo":"Partido"},"geometry":{"type":"Polygon","coordinates":[[[-61.7247,-35.5374],[-61.7833,-35.5854],[-61.9063,-35.4856],[-61.9881,-35.5522],[-62.0502,-35.5012],[-62.13,-35.5654],[-62.0983,-35.5916],[-62.3386,-35.7841],[-62.4311,-35.8588],[-62.0824,-36.1523],[-62.2055,-36.2496],[-62.1789,-36.2719],[-62.1443,-36.2455],[-62.0482,-36.3259],[-62.015,-36.3006],[-61.9744,-36.3336],[-61.9495,-36.3106],[-61.9443,-36.3149],[-61.9446,-36.3064],[-61.9212,-36.2884],[-61.9448,-36.2686],[-61.7726,-36.1386],[-61.7424,-36.1621],[-61.7026,-36.1293],[-61.6891,-36.1403],[-61.6164,-36.0916],[-61.5967,-36.1073],[-61.4915,-36.0191],[-61.4504,-36.0514],[-61.4361,-36.0392],[-61.56,-35.9428],[-61.5437,-35.929],[-61.6361,-35.8527],[-61.5028,-35.7454],[-61.6012,-35.6645],[-61.5744,-35.6431],[-61.6489,-35.5839],[-61.6591,-35.5924],[-61.7247,-35.5374]]]}},
{"type":"Feature","properties":{"name":"Pellegrini","georefId":"06616","provinciaGeorefId":"06","tipo":"Partido"},"geometry":{"type":"Polygon","coordinates":[[[-63.2037,-36.0331],[-63.3855,-35.8837],[-63.3854,-35.9055],[-63.3854,-35.9184],[-63.3855,-36.3381],[-63.3856,-36.3563],[-63.3856,-36.3569],[-63.3856,-36.357],[-63.3856,-36.3618],[-63.3854,-36.5249],[-63.2828,-36.6076],[-63.1276,-36.4795],[-63.0486,-36.4154],[-63.068,-36.3995],[-63.0284,-36.3688],[-63.0399,-36.3591],[-62.9593,-36.2961],[-62.9789,-36.2801],[-62.9397,-36.2488],[-63.2037,-36.0331]]]}},
{"type":"Feature","properties":{"name":"Pergamino","georefId":"06623","provinciaGeorefId":"06","tipo":"Partido"},"geometry":{"type":"Polygon","coordinates":[[[-60.4575,-33.5983],[-60.4634,-33.6346],[-60.5283,-33.6489],[-60.5569,-33.6466],[-60.6018,-33.6274],[-60.6192,-33.6287],[-60.6648,-33.5923],[-60.6846,-33.5852],[-60.7556,-33.588],[-60.782,-33.579],[-60.8182,-33.5403],[-60.8671,-33.5483],[-60.9111,-33.581],[-60.8108,-33.6748],[-60.901,-33.7494],[-60.8613,-33.781],[-60.9428,-33.8569],[-60.9065,-33.8873],[-60.9,-33.8829],[-60.8079,-33.9523],[-60.7981,-33.9519],[-60.7054,-34.0251],[-60.7154,-34.0357],[-60.6747,-34.0643],[-60.6553,-34.0931],[-60.6374,-34.0963],[-60.6245,-34.1122],[-60.5784,-34.1164],[-60.5155,-34.1438],[-60.5022,-34.1555],[-60.4964,-34.1765],[-60.3124,-34.0015],[-60.2375,-34.0111],[-60.2315,-33.8698],[-60.1966,-33.8246],[-60.1564,-33.7455],[-60.1388,-33.7111],[-60.1412,-33.6931],[-60.1598,-33.69],[-60.1751,-33.6737],[-60.1722,-33.6619],[-60.2425,-33.6488],[-60.2394,-33.6645],[-60.3132,-33.6511],[-60.3268,-33.6833],[-60.3875,-33.6366],[-60.3934,-33.642],[-60.4575,-33.5983]]]}},
{"type":"Feature","properties":{"name":"Pila","georefId":"06630","provinciaGeorefId":"06","tipo":"Partido"},"geometry":{"type":"Polygon","coordinates":[[[-58.165,-35.8676],[-58.1852,-35.8635],[-58.2043,-35.8387],[-58.2043,-35.8257],[-58.2224,-35.8194],[-58.2291,-35.8268],[-58.2493,-35.8188],[-58.2638,-35.8231],[-58.2752,-35.8465],[-58.2711,-35.8579],[-58.2825,-35.8607],[-58.5719,-36.121],[-58.7075,-36.0173],[-58.8092,-36.1057],[-58.8289,-36.1108],[-58.8413,-36.1414],[-58.7631,-36.2083],[-58.7815,-36.2269],[-58.5975,-36.3637],[-58.5791,-36.3474],[-58.4372,-36.4521],[-58.2131,-36.6155],[-58.1015,-36.5213],[-58.1894,-36.4524],[-57.9873,-36.2774],[-57.9717,-36.264],[-57.9597,-36.2529],[-58.0932,-36.1548],[-58.0522,-36.1187],[-58.0412,-36.1263],[-57.9668,-36.0646],[-58.0043,-36.0421],[-58.0254,-36.032],[-58.0347,-36.0023],[-58.0081,-35.9605],[-58.0162,-35.9454],[-58.0245,-35.9505],[-58.0402,-35.9453],[-58.0695,-35.9532],[-58.0921,-35.9499],[-58.0907,-35.9392],[-58.1112,-35.9334],[-58.1025,-35.9217],[-58.1209,-35.9189],[-58.1375,-35.9055],[-58.1355,-35.896],[-58.1485,-35.886],[-58.1472,-35.8666],[-58.165,-35.8676]]]}},
{"type":"Feature","properties":{"name":"Pilar","georefId":"06638","provinciaGeorefId":"06","tipo":"Partido"},"geometry":{"type":"Polygon","coordinates":[[[-58.9008,-34.3109],[-58.9169,-34.3259],[-58.918,-34.3523],[-58.9077,-34.3599],[-58.9212,-34.3715],[-58.9197,-34.381],[-58.9239,-34.4171],[-58.9803,-34.3506],[-58.9932,-34.3581],[-58.984,-34.369],[-58.993,-34.3793],[-59.0286,-34.3977],[-59.0251,-34.402],[-59.0563,-34.4282],[-59.0105,-34.4883],[-59.0007,-34.4834],[-58.9619,-34.5337],[-58.9284,-34.5162],[-58.8851,-34.5771],[-58.8475,-34.5492],[-58.8236,-34.5082],[-58.8112,-34.4857],[-58.8217,-34.452],[-58.7845,-34.4761],[-58.7702,-34.4648],[-58.7562,-34.4624],[-58.752,-34.4678],[-58.7373,-34.4564],[-58.7777,-34.4043],[-58.7883,-34.3997],[-58.817,-34.4154],[-58.9008,-34.3109]]]}},
{"type":"Feature","properties":{"name":"Pinamar","georefId":"06644","provinciaGeorefId":"06","tipo":"Partido"},"geometry":{"type":"Polygon","coordinates":[[[-56.8193,-37.0249],[-56.8195,-37.0252],[-56.9495,-37.1846],[-56.9091,-37.189],[-56.7902,-37.0341],[-56.8193,-37.0249]]]}},
{"type":"Feature","properties":{"name":"Presidente Perón","georefId":"06648","provinciaGeorefId":"06","tipo":"Partido"},"geometry":{"type":"Polygon","coordinates":[[[-58.3125,-34.8748],[-58.3964,-34.9099],[-58.4159,-34.883],[-58.4088,-34.8795],[-58.413,-34.8736],[-58.4224,-34.8862],[-58.4919,-34.9276],[-58.4919,-34.9302],[-58.4631,-34.9515],[-58.4687,-35.0113],[-58.4304,-34.9781],[-58.4083,-34.9779],[-58.3899,-34.9654],[-58.3946,-34.9589],[-58.3163,-34.9263],[-58.2941,-34.9153],[-58.2746,-34.9171],[-58.3125,-34.8748]]]}},
{"type":"Feature","properties":{"name":"Puán","georefId":"06651","provinciaGeorefId":"06","tipo":"Partido"},"geometry":{"type":"Polygon","coordinates":[[[-62.6299,-37.5102],[-62.6422,-37.5198],[-62.8132,-37.3739],[-63.3773,-37.8151],[-63.3857,-37.8088],[-63.3853,-38.2529],[-63.3842,-38.8292],[-62.8997,-38.4567],[-62.655,-38.267],[-62.7359,-38.2025],[-62.6547,-38.1391],[-62.8144,-38.0107],[-62.7344,-37.9487],[-62.8956,-37.8192],[-62.7308,-37.6905],[-62.7355,-37.6718],[-62.5814,-37.5492],[-62.6299,-37.5102]]]}},
{"type":"Feature","properties":{"name":"Punta Indio","georefId":"06655","provinciaGeorefId":"06","tipo":"Partido"},"geometry":{"type":"Polygon","coordinates":[[[-57.347,-35.7162],[-57.2344,-35.5759],[-57.1525,-35.4951],[-57.1278,-35.4448],[-57.147,-35.3898],[-57.2231,-35.2731],[-57.3037,-35.1972],[-57.4039,-35.2505],[-57.4256,-35.2346],[-57.4601,-35.2668],[-57.4929,-35.2436],[-57.5494,-35.2962],[-57.5032,-35.302],[-57.5713,-35.3634],[-57.5889,-35.35],[-57.6022,-35.3617],[-57.5814,-35.2941],[-57.6079,-35.274],[-57.6029,-35.2692],[-57.633,-35.2609],[-57.6676,-35.2933],[-57.6351,-35.3169],[-57.6371,-35.3248],[-57.6314,-35.3196],[-57.6134,-35.3331],[-57.6401,-35.3556],[-57.6646,-35.3423],[-57.6821,-35.3579],[-57.6708,-35.3663],[-57.6827,-35.3768],[-57.7268,-35.3493],[-57.7587,-35.4053],[-57.7962,-35.4449],[-57.7706,-35.4398],[-57.7663,-35.4637],[-57.7553,-35.4602],[-57.7454,-35.4735],[-57.6879,-35.4847],[-57.6707,-35.4635],[-57.63,-35.4695],[-57.6086,-35.4584],[-57.5574,-35.4562],[-57.5508,-35.4697],[-57.5218,-35.4731],[-57.5026,-35.4664],[-57.4932,-35.4721],[-57.4866,-35.4612],[-57.4809,-35.4875],[-57.4617,-35.4941],[-57.4699,-35.5006],[-57.4399,-35.5105],[-57.4353,-35.5182],[-57.4535,-35.5445],[-57.4508,-35.5547],[-57.4585,-35.5568],[-57.4525,-35.5639],[-57.4637,-35.5953],[-57.4264,-35.6158],[-57.4388,-35.6363],[-57.4166,-35.6446],[-57.411,-35.6642],[-57.3875,-35.6702],[-57.3834,-35.6797],[-57.3659,-35.6774],[-57.383,-35.6942],[-57.3809,-35.7128],[-57.3642,-35.7086],[-57.347,-35.7162]]]}},
{"type":"Feature","properties":{"name":"Quilmes","georefId":"06658","provinciaGeorefId":"06","tipo":"Partido"},"geometry":{"type":"Polygon","coordinates":[[[-58.1946,-34.7357],[-58.2302,-34.7014],[-58.2796,-34.6786],[-58.3335,-34.727],[-58.347,-34.7393],[-58.3366,-34.7544],[-58.3098,-34.7934],[-58.3041,-34.8012],[-58.2985,-34.7834],[-58.2716,-34.7688],[-58.2675,-34.7736],[-58.1946,-34.7357]]]}},
{"type":"Feature","properties":{"name":"Ramallo","georefId":"06665","provinciaGeorefId":"06","tipo":"Partido"},"geometry":{"type":"Polygon","coordinates":[[[-59.8106,-33.5858],[-59.8095,-33.5517],[-59.8287,-33.5246],[-59.8947,-33.5103],[-59.933,-33.4749],[-59.9994,-33.4701],[-60.0353,-33.4525],[-60.0722,-33.4247],[-60.0871,-33.3944],[-60.1111,-33.373],[-60.1656,-33.3508],[-60.1717,-33.3876],[-60.1898,-33.4088],[-60.1851,-33.4271],[-60.1945,-33.4448],[-60.1869,-33.4592],[-60.16,-33.4738],[-60.1656,-33.4993],[-60.199,-33.5345],[-60.2152,-33.5786],[-60.2306,-33.5863],[-60.2444,-33.6157],[-60.2809,-33.6205],[-60.3132,-33.6511],[-60.2394,-33.6645],[-60.2425,-33.6488],[-60.1722,-33.6619],[-60.1751,-33.6737],[-60.1598,-33.69],[-60.1412,-33.6931],[-60.1388,-33.7111],[-60.1564,-33.7455],[-60.1074,-33.8169],[-60.0827,-33.8093],[-60.0486,-33.8271],[-60.0244,-33.8266],[-60.0168,-33.8264],[-60.0727,-33.7789],[-60.0517,-33.7613],[-60.0411,-33.7688],[-59.8314,-33.5798],[-59.814,-33.593],[-59.8106,-33.5858]]]}},
{"type":"Feature","properties":{"name":"Rauch","georefId":"06672","provinciaGeorefId":"06","tipo":"Partido"},"geometry":{"type":"Polygon","coordinates":[[[-58.4372,-36.4521],[-58.5791,-36.3474],[-58.5975,-36.3637],[-58.7815,-36.2269],[-58.7631,-36.2083],[-58.8413,-36.1414],[-58.9021,-36.159],[-58.915,-36.1716],[-59.0287,-36.2168],[-59.071,-36.2216],[-59.081,-36.2395],[-59.1031,-36.247],[-59.0992,-36.2677],[-59.106,-36.2748],[-59.1565,-36.2894],[-59.1916,-36.3133],[-59.2184,-36.3212],[-59.2892,-36.3747],[-59.2297,-36.4208],[-59.25,-36.4375],[-59.1909,-36.4831],[-59.2028,-36.4932],[-59.1384,-36.5429],[-59.1955,-36.5909],[-59.2219,-36.5744],[-59.2266,-36.6169],[-59.2553,-36.6469],[-59.2631,-36.714],[-59.2798,-36.7436],[-59.2815,-36.7646],[-59.3477,-36.817],[-59.3593,-36.8451],[-59.2107,-36.9564],[-59.2195,-36.9639],[-59.0901,-37.0628],[-59.0782,-37.0477],[-59.0616,-37.0443],[-59.0407,-37.0261],[-59.0215,-36.9601],[-59.0027,-36.9446],[-58.9369,-36.936],[-58.9311,-36.9123],[-58.9175,-36.9089],[-58.9116,-36.8968],[-58.9112,-36.8764],[-58.881,-36.8587],[-58.8731,-36.8608],[-58.8754,-36.8474],[-58.8668,-36.8384],[-58.8505,-36.831],[-58.837,-36.8362],[-58.7952,-36.806],[-58.7909,-36.7891],[-58.734,-36.7682],[-58.72,-36.7526],[-58.6851,-36.74],[-58.6669,-36.7429],[-58.721,-36.7002],[-58.4372,-36.4521]]]}},
{"type":"Feature","properties":{"name":"Rivadavia","georefId":"06679","provinciaGeorefId":"06","tipo":"Partido"},"geometry":{"type":"Polygon","coordinates":[[[-63.3856,-35.4555],[-63.3855,-35.8837],[-63.2037,-36.0331],[-62.9236,-35.8052],[-62.9325,-35.7983],[-62.6238,-35.5507],[-62.6939,-35.4926],[-62.6853,-35.4856],[-62.7777,-35.4087],[-62.8038,-35.4295],[-62.8731,-35.3716],[-62.8465,-35.3505],[-62.8932,-35.3113],[-62.8641,-35.2885],[-62.8996,-35.2593],[-62.9646,-35.3119],[-63.1154,-35.1889],[-63.0904,-35.1683],[-63.1391,-35.1284],[-63.2355,-35.2086],[-63.2112,-35.229],[-63.2851,-35.2885],[-63.31,-35.2678],[-63.3472,-35.3],[-63.3295,-35.3232],[-63.3857,-35.3697],[-63.3856,-35.4541],[-63.3856,-35.4553],[-63.3856,-35.4555]]]}},
{"type":"Feature","properties":{"name":"Rojas","georefId":"06686","provinciaGeorefId":"06","tipo":"Partido"},"geometry":{"type":"Polygon","coordinates":[[[-60.4964,-34.1765],[-60.5022,-34.1555],[-60.5155,-34.1438],[-60.5784,-34.1164],[-60.6245,-34.1122],[-60.6374,-34.0963],[-60.6553,-34.0931],[-60.6747,-34.0643],[-60.7154,-34.0357],[-60.7054,-34.0251],[-60.7981,-33.9519],[-60.8079,-33.9523],[-60.9,-33.8829],[-60.9065,-33.8873],[-61.0117,-33.9821],[-61.0515,-34.0302],[-61.1221,-34.072],[-60.9172,-34.2416],[-60.9583,-34.2767],[-61.0139,-34.2316],[-61.0591,-34.269],[-61.0416,-34.2833],[-60.9664,-34.3458],[-60.9522,-34.3338],[-60.923,-34.3361],[-60.9027,-34.3261],[-60.7533,-34.4394],[-60.7587,-34.4447],[-60.6772,-34.5094],[-60.5598,-34.4064],[-60.5783,-34.3922],[-60.5388,-34.3493],[-60.5492,-34.2757],[-60.536,-34.2558],[-60.4906,-34.2312],[-60.49,-34.2196],[-60.4699,-34.1999],[-60.4964,-34.1765]]]}},
{"type":"Feature","properties":{"name":"Roque Pérez","georefId":"06693","provinciaGeorefId":"06","tipo":"Partido"},"geometry":{"type":"Polygon","coordinates":[[[-59.1203,-35.4308],[-59.1283,-35.4364],[-59.154,-35.4197],[-59.1646,-35.4206],[-59.1666,-35.4062],[-59.1825,-35.409],[-59.185,-35.4014],[-59.2045,-35.395],[-59.2354,-35.3875],[-59.2629,-35.3907],[-59.2926,-35.3654],[-59.3225,-35.3747],[-59.3221,-35.3592],[-59.3427,-35.3556],[-59.349,-35.3442],[-59.3602,-35.3509],[-59.3801,-35.3334],[-59.3785,-35.3139],[-59.3934,-35.2909],[-59.4418,-35.3081],[-59.4624,-35.2987],[-59.4685,-35.3074],[-59.4808,-35.2871],[-59.5061,-35.2893],[-59.5858,-35.36],[-59.6425,-35.3166],[-59.7129,-35.3788],[-59.7555,-35.3467],[-59.8254,-35.4074],[-59.7687,-35.451],[-59.775,-35.4785],[-59.6477,-35.4692],[-59.6289,-35.4631],[-59.6205,-35.4514],[-59.5998,-35.4627],[-59.5892,-35.4569],[-59.551,-35.4622],[-59.5245,-35.4564],[-59.4955,-35.4931],[-59.4709,-35.4935],[-59.377,-35.5369],[-59.3497,-35.5294],[-59.4126,-35.5861],[-59.3308,-35.6463],[-59.3266,-35.6427],[-59.1814,-35.7555],[-59.1749,-35.712],[-59.1666,-35.7062],[-59.1556,-35.7113],[-59.1311,-35.6982],[-59.1398,-35.6662],[-59.149,-35.6354],[-59.143,-35.6256],[-59.0815,-35.6163],[-59.08,-35.6068],[-59.0599,-35.6044],[-59.0466,-35.6134],[-59.0361,-35.6117],[-59.0254,-35.5803],[-59.0344,-35.5649],[-59.0367,-35.5516],[-59.0494,-35.5516],[-59.0478,-35.5292],[-59.0118,-35.5113],[-59.0172,-35.4997],[-59.0093,-35.4797],[-59.0186,-35.468],[-59.0305,-35.4722],[-59.0344,-35.4604],[-59.0847,-35.4471],[-59.1054,-35.4267],[-59.1203,-35.4308]]]}},
{"type":"Feature","properties":{"name":"Saavedra","georefId":"06700","provinciaGeorefId":"06","tipo":"Partido"},"geometry":{"type":"Polygon","coordinates":[[[-62.0989,-37.9355],[-62.0447,-37.7525],[-62.1003,-37.7255],[-62.0846,-37.7065],[-62.1054,-37.6959],[-62.102,-37.6899],[-62.1311,-37.6569],[-62.1248,-37.6335],[-62.1917,-37.5959],[-62.2206,-37.5908],[-62.2111,-37.5778],[-62.2274,-37.5724],[-62.2186,-37.5607],[-62.25,-37.545],[-62.2335,-37.539],[-62.2834,-37.4534],[-62.322,-37.4679],[-62.3732,-37.4041],[-62.3908,-37.4126],[-62.3984,-37.3994],[-62.3839,-37.393],[-62.3977,-37.3785],[-62.4081,-37.3829],[-62.4254,-37.3487],[-62.6299,-37.5102],[-62.5814,-37.5492],[-62.7355,-37.6718],[-62.7308,-37.6905],[-62.8956,-37.8192],[-62.7344,-37.9487],[-62.5753,-38.0752],[-62.4897,-38.0082],[-62.4631,-38.072],[-62.4423,-38.0558],[-62.3461,-38.1363],[-62.331,-38.108],[-62.3049,-38.0923],[-62.2824,-38.0902],[-62.2448,-38.0417],[-62.2086,-38.0264],[-62.1994,-38.0122],[-62.1779,-38.0021],[-62.158,-37.9666],[-62.0989,-37.9355]]]}},
{"type":"Feature","properties":{"name":"Saladillo","georefId":"06707","provinciaGeorefId":"06","tipo":"Partido"},"geometry":{"type":"Polygon","coordinates":[[[-59.1814,-35.7555],[-59.3266,-35.6427],[-59.3308,-35.6463],[-59.4126,-35.5861],[-59.3497,-35.5294],[-59.377,-35.5369],[-59.4709,-35.4935],[-59.4955,-35.4931],[-59.5245,-35.4564],[-59.551,-35.4622],[-59.5892,-35.4569],[-59.5998,-35.4627],[-59.6205,-35.4514],[-59.6289,-35.4631],[-59.6477,-35.4692],[-59.775,-35.4785],[-59.8303,-35.4969],[-59.906,-35.4809],[-59.9301,-35.4882],[-59.9956,-35.5303],[-60.0049,-35.5289],[-60.0287,-35.5553],[-60.0098,-35.5757],[-60.0106,-35.5971],[-60.031,-35.6244],[-60.04,-35.6242],[-60.0302,-35.6383],[-60.034,-35.6562],[-60.0176,-35.6535],[-60.0054,-35.6617],[-60.0258,-35.6724],[-60.021,-35.6818],[-60.0309,-35.683],[-60.023,-35.6858],[-60.0244,-35.6956],[-60.0439,-35.6969],[-60.0592,-35.7095],[-60.1167,-35.6644],[-60.2186,-35.7523],[-60.2139,-35.7562],[-60.118,-35.8337],[-60.0561,-35.7805],[-59.8856,-35.9126],[-59.8712,-35.8993],[-59.8723,-35.8767],[-59.8354,-35.8493],[-59.8146,-35.8543],[-59.792,-35.841],[-59.7743,-35.8472],[-59.7523,-35.8345],[-59.7001,-35.8317],[-59.6919,-35.8276],[-59.6761,-35.8333],[-59.6747,-35.8437],[-59.6471,-35.8616],[-59.6172,-35.8532],[-59.5694,-35.8538],[-59.5057,-35.817],[-59.4814,-35.8202],[-59.4795,-35.8109],[-59.4588,-35.8142],[-59.4164,-35.8022],[-59.3897,-35.8069],[-59.3794,-35.8174],[-59.3473,-35.8036],[-59.3392,-35.8077],[-59.3291,-35.8025],[-59.3185,-35.8094],[-59.303,-35.795],[-59.2409,-35.7932],[-59.2291,-35.7814],[-59.1833,-35.7629],[-59.1814,-35.7555]]]}},
{"type":"Feature","properties":{"name":"Salto","georefId":"06714","provinciaGeorefId":"06","tipo":"Partido"},"geometry":{"type":"Polygon","coordinates":[[[-60.2375,-34.0111],[-60.3124,-34.0015],[-60.4964,-34.1765],[-60.4699,-34.1999],[-60.49,-34.2196],[-60.4906,-34.2312],[-60.536,-34.2558],[-60.5492,-34.2757],[-60.5388,-34.3493],[-60.5783,-34.3922],[-60.5598,-34.4064],[-60.5169,-34.4392],[-60.489,-34.4151],[-60.404,-34.48],[-60.3741,-34.4549],[-60.3191,-34.4972],[-60.2458,-34.4319],[-60.2112,-34.4596],[-60.1542,-34.4101],[-60.1426,-34.4188],[-60.0841,-34.3675],[-60.065,-34.3827],[-60.0044,-34.3289],[-60.0121,-34.3229],[-59.9708,-34.2865],[-60.0396,-34.2686],[-60.2029,-34.2039],[-60.2068,-34.1717],[-60.1846,-34.1355],[-60.1834,-34.0999],[-60.1667,-34.0615],[-60.1963,-34.0514],[-60.2046,-34.0358],[-60.2317,-34.0231],[-60.2375,-34.0111]]]}},
{"type":"Feature","properties":{"name":"Salliqueló","georefId":"06721","provinciaGeorefId":"06","tipo":"Partido"},"geometry":{"type":"Polygon","coordinates":[[[-62.8159,-36.7318],[-63.1276,-36.4795],[-63.2828,-36.6076],[-62.97,-36.863],[-62.8159,-36.7318]]]}},
{"type":"Feature","properties":{"name":"San Andrés de Giles","georefId":"06728","provinciaGeorefId":"06","tipo":"Partido"},"geometry":{"type":"Polygon","coordinates":[[[-59.1967,-34.3737],[-59.1926,-34.3705],[-59.2746,-34.3049],[-59.3108,-34.2889],[-59.2987,-34.2643],[-59.3748,-34.2387],[-59.3962,-34.2629],[-59.4195,-34.2686],[-59.4119,-34.2763],[-59.4226,-34.2826],[-59.4158,-34.2909],[-59.4273,-34.297],[-59.4238,-34.3026],[-59.432,-34.3067],[-59.4378,-34.2991],[-59.4907,-34.3189],[-59.5427,-34.3505],[-59.6066,-34.4061],[-59.6188,-34.3966],[-59.6446,-34.4175],[-59.6705,-34.3979],[-59.6753,-34.4041],[-59.7676,-34.4528],[-59.7351,-34.4778],[-59.7684,-34.5073],[-59.7549,-34.5183],[-59.673,-34.5826],[-59.6324,-34.615],[-59.5688,-34.5606],[-59.5237,-34.5969],[-59.4828,-34.5707],[-59.4722,-34.5772],[-59.3385,-34.5085],[-59.2177,-34.4466],[-59.2393,-34.4137],[-59.2061,-34.3899],[-59.1967,-34.3737]]]}},
{"type":"Feature","properties":{"name":"San Antonio de Areco","georefId":"06735","provinciaGeorefId":"06","tipo":"Partido"},"geometry":{"type":"Polygon","coordinates":[[[-59.3123,-34.161],[-59.2796,-34.146],[-59.2662,-34.0918],[-59.2998,-34.0685],[-59.3085,-34.0193],[-59.3239,-33.9963],[-59.3179,-34.0193],[-59.3344,-34.0386],[-59.3756,-34.0566],[-59.4065,-34.0609],[-59.3955,-34.0745],[-59.4631,-34.135],[-59.5109,-34.0994],[-59.5433,-34.1521],[-59.5621,-34.168],[-59.5946,-34.1717],[-59.6275,-34.1583],[-59.6761,-34.1667],[-59.7816,-34.2193],[-59.6927,-34.2859],[-59.6753,-34.4041],[-59.6705,-34.3979],[-59.6446,-34.4175],[-59.6188,-34.3966],[-59.6066,-34.4061],[-59.5427,-34.3505],[-59.4907,-34.3189],[-59.4378,-34.2991],[-59.432,-34.3067],[-59.4238,-34.3026],[-59.4273,-34.297],[-59.4158,-34.2909],[-59.4226,-34.2826],[-59.4119,-34.2763],[-59.4195,-34.2686],[-59.3962,-34.2629],[-59.3748,-34.2387],[-59.3781,-34.2261],[-59.3666,-34.1989],[-59.3247,-34.1637],[-59.3123,-34.161]]]}},
{"type":"Feature","properties":{"name":"San Cayetano","georefId":"06742","provinciaGeorefId":"06","tipo":"Partido"},"geometry":{"type":"Polygon","coordinates":[[[-59.3328,-38.7367],[-59.3313,-38.72],[-59.356,-38.7086],[-59.3522,-38.7012],[-59.3711,-38.6594],[-59.3868,-38.6557],[-59.3974,-38.6275],[-59.4113,-38.623],[-59.4078,-38.594],[-59.4315,-38.6044],[-59.4447,-38.5885],[-59.3797,-38.5685],[-59.3403,-38.5478],[-59.3356,-38.5014],[-59.3465,-38.5016],[-59.4059,-38.4571],[-59.316,-38.3839],[-59.3402,-38.3364],[-59.3357,-38.3215],[-59.3542,-38.3034],[-59.325,-38.253],[-59.3138,-38.207],[-59.2462,-38.1531],[-59.2532,-38.1469],[-59.2976,-38.1424],[-59.3554,-38.1146],[-59.4149,-38.1137],[-59.5088,-38.0791],[-59.5381,-38.0573],[-59.5475,-38.0607],[-59.6226,-38.0449],[-59.6413,-38.0252],[-59.7779,-38.1376],[-59.7667,-38.1462],[-59.7888,-38.165],[-59.7539,-38.1912],[-59.7759,-38.2103],[-59.7936,-38.1973],[-59.8342,-38.2315],[-59.8335,-38.2422],[-59.99,-38.3714],[-59.9427,-38.407],[-59.9295,-38.3965],[-59.8741,-38.44],[-59.9367,-38.4914],[-59.8864,-38.5293],[-59.8215,-38.4754],[-59.7671,-38.5159],[-59.7337,-38.4889],[-59.7336,-38.5334],[-59.6906,-38.637],[-59.7033,-38.6541],[-59.6914,-38.6621],[-59.6866,-38.6806],[-59.654,-38.7002],[-59.6476,-38.736],[-59.6259,-38.7429],[-59.6357,-38.763],[-59.6268,-38.77],[-59.6273,-38.7858],[-59.3933,-38.7521],[-59.3328,-38.7367]]]}},
{"type":"Feature","properties":{"name":"San Fernando","georefId":"06749","provinciaGeorefId":"06","tipo":"Partido"},"geometry":{"type":"MultiPolygon","coordinates":[[[[-58.345,-34.0384],[-58.3789,-34.0122],[-58.4632,-34.0019],[-58.6072,-34.0379],[-58.6379,-34.0393],[-58.6753,-34.0255],[-58.8047,-34.0819],[-58.7638,-34.1265],[-58.7646,-34.1441],[-58.7468,-34.1544],[-58.7467,-34.1655],[-58.6914,-34.1724],[-58.6944,-34.2006],[-58.7108,-34.2191],[-58.7122,-34.2489],[-58.6495,-34.2666],[-58.5627,-34.2911],[-58.5491,-34.2971],[-58.5397,-34.2984],[-58.5097,-34.2962],[-58.4873,-34.2805],[-58.4999,-34.2675],[-58.4696,-34.2745],[-58.4527,-34.2633],[-58.4208,-34.2652],[-58.4027,-34.2586],[-58.3887,-34.242],[-58.4009,-34.228],[-58.3804,-34.2244],[-58.3854,-34.2099],[-58.3685,-34.2141],[-58.354,-34.2046],[-58.3537,-34.1856],[-58.3711,-34.1717],[-58.3733,-34.1581],[-58.3687,-34.1519],[-58.3711,-34.1448],[-58.3668,-34.1324],[-58.3596,-34.1207],[-58.366,-34.0647],[-58.3509,-34.0568],[-58.345,-34.0384]]],[[[-58.5162,-34.4433],[-58.5579,-34.4241],[-58.5795,-34.4445],[-58.5952,-34.4483],[-58.6065,-34.4804],[-58.6003,-34.4904],[-58.5162,-34.4433]]],[[[-58.2856,-34.2263],[-58.2763,-34.2187],[-58.28,-34.2106],[-58.3116,-34.188],[-58.3217,-34.1906],[-58.3334,-34.2087],[-58.3288,-34.24],[-58.3115,-34.2451],[-58.3051,-34.2287],[-58.3008,-34.24],[-58.2856,-34.2263]]],[[[-58.2428,-34.2487],[-58.268,-34.2257],[-58.2782,-34.268],[-58.2615,-34.269],[-58.266,-34.249],[-58.252,-34.2644],[-58.2428,-34.2487]]],[[[-58.4769,-34.3034],[-58.5003,-34.2949],[-58.5087,-34.3008],[-58.4747,-34.3215],[-58.4679,-34.3167],[-58.4791,-34.3118],[-58.4769,-34.3034]]],[[[-58.332,-34.2317],[-58.3384,-34.213],[-58.3503,-34.2226],[-58.3523,-34.237],[-58.333,-34.2515],[-58.332,-34.2317]]],[[[-58.32,-34.1765],[-58.3268,-34.1605],[-58.3363,-34.1759],[-58.3345,-34.1953],[-58.3171,-34.1813],[-58.32,-34.1765]]],[[[-58.2536,-34.2049],[-58.2673,-34.2109],[-58.2533,-34.2299],[-58.2536,-34.2049]]],[[[-58.2911,-34.2699],[-58.2823,-34.2373],[-58.2964,-34.2557],[-58.2911,-34.2699]]],[[[-58.2827,-34.2356],[-58.2773,-34.2217],[-58.2995,-34.2409],[-58.3002,-34.2516],[-58.2827,-34.2356]]],[[[-58.4767,-34.2853],[-58.4913,-34.2842],[-58.501,-34.2934],[-58.4868,-34.2976],[-58.4838,-34.2885],[-58.4659,-34.2868],[-58.4767,-34.2853]]],[[[-58.3311,-34.1518],[-58.3333,-34.1463],[-58.3421,-34.1513],[-58.3359,-34.1742],[-58.326,-34.1578],[-58.3311,-34.1518]]],[[[-58.3568,-34.1199],[-58.3669,-34.1352],[-58.3635,-34.1323],[-58.3582,-34.1429],[-58.3568,-34.1199]]],[[[-58.2332,-34.2537],[-58.2408,-34.248],[-58.2497,-34.267],[-58.2434,-34.2682],[-58.2332,-34.2537]]],[[[-58.3686,-34.2171],[-58.3836,-34.2122],[-58.377,-34.2254],[-58.3686,-34.2171]]],[[[-58.3167,-34.2474],[-58.3308,-34.2402],[-58.3327,-34.2461],[-58.3155,-34.2555],[-58.3167,-34.2474]]],[[[-58.4669,-34.2969],[-58.4818,-34.2981],[-58.4703,-34.3057],[-58.4669,-34.2969]]],[[[-58.3434,-34.2662],[-58.3499,-34.2543],[-58.3478,-34.2764],[-58.3434,-34.2662]]]]}},
{"type":"Feature","properties":{"name":"San Isidro","georefId":"06756","provinciaGeorefId":"06","tipo":"Partido"},"geometry":{"type":"Polygon","coordinates":[[[-58.5142,-34.4435],[-58.5162,-34.4433],[-58.6003,-34.4904],[-58.5538,-34.5302],[-58.4794,-34.4898],[-58.5142,-34.4435]]]}},
{"type":"Feature","properties":{"name":"San Miguel","georefId":"06760","provinciaGeorefId":"06","tipo":"Partido"},"geometry":{"type":"Polygon","coordinates":[[[-58.6064,-34.5345],[-58.6466,-34.5014],[-58.6891,-34.5302],[-58.6945,-34.5263],[-58.7013,-34.5327],[-58.7209,-34.5182],[-58.7532,-34.5489],[-58.776,-34.5571],[-58.7134,-34.6056],[-58.6939,-34.5937],[-58.6709,-34.5728],[-58.6463,-34.5629],[-58.6192,-34.5467],[-58.6064,-34.5345]]]}},
{"type":"Feature","properties":{"name":"San Nicolás","georefId":"06763","provinciaGeorefId":"06","tipo":"Partido"},"geometry":{"type":"Polygon","coordinates":[[[-60.1656,-33.3508],[-60.2007,-33.2922],[-60.2595,-33.2619],[-60.2524,-33.2754],[-60.2724,-33.2635],[-60.2646,-33.2813],[-60.2761,-33.2907],[-60.2829,-33.3137],[-60.324,-33.3508],[-60.3217,-33.3737],[-60.3353,-33.4121],[-60.4102,-33.4679],[-60.4238,-33.5284],[-60.4138,-33.5448],[-60.4185,-33.5585],[-60.4574,-33.5824],[-60.4575,-33.5983],[-60.3934,-33.642],[-60.3875,-33.6366],[-60.3268,-33.6833],[-60.3132,-33.6511],[-60.2809,-33.6205],[-60.2444,-33.6157],[-60.2306,-33.5863],[-60.2152,-33.5786],[-60.199,-33.5345],[-60.1656,-33.4993],[-60.16,-33.4738],[-60.1869,-33.4592],[-60.1945,-33.4448],[-60.1851,-33.4271],[-60.1898,-33.4088],[-60.1717,-33.3876],[-60.1656,-33.3508]]]}},
{"type":"Feature","properties":{"name":"San Pedro","georefId":"06770","provinciaGeorefId":"06","tipo":"Partido"},"geometry":{"type":"Polygon","coordinates":[[[-59.8106,-33.5858],[-59.814,-33.593],[-59.8314,-33.5798],[-60.0411,-33.7688],[-60.0517,-33.7613],[-60.0727,-33.7789],[-60.0168,-33.8264],[-60.0244,-33.8266],[-59.7793,-34.0134],[-59.7474,-33.9977],[-59.7299,-33.9852],[-59.7139,-33.9453],[-59.6852,-33.9329],[-59.6789,-33.9213],[-59.653,-33.9172],[-59.6288,-33.8789],[-59.6044,-33.8659],[-59.603,-33.8219],[-59.59,-33.8169],[-59.5881,-33.7899],[-59.5802,-33.7907],[-59.5675,-33.7725],[-59.5101,-33.7788],[-59.5626,-33.7594],[-59.4891,-33.6433],[-59.5167,-33.6308],[-59.5298,-33.6334],[-59.5906,-33.6872],[-59.6128,-33.6952],[-59.628,-33.6857],[-59.636,-33.6427],[-59.6589,-33.62],[-59.7266,-33.6039],[-59.7784,-33.6067],[-59.8106,-33.5858]]]}},
{"type":"Feature","properties":{"name":"San Vicente","georefId":"06778","provinciaGeorefId":"06","tipo":"Partido"},"geometry":{"type":"Polygon","coordinates":[[[-58.3163,-34.9263],[-58.3946,-34.9589],[-58.3899,-34.9654],[-58.4083,-34.9779],[-58.4304,-34.9781],[-58.4687,-35.0113],[-58.4631,-34.9515],[-58.4919,-34.9302],[-58.5532,-34.9763],[-58.5563,-35.007],[-58.6004,-35.0524],[-58.5793,-35.0683],[-58.5779,-35.1517],[-58.537,-35.1922],[-58.468,-35.2384],[-58.443,-35.2162],[-58.3527,-35.1379],[-58.3388,-35.1485],[-58.2734,-35.0929],[-58.2363,-35.0583],[-58.2466,-35.0483],[-58.2884,-35.0173],[-58.2772,-35.0094],[-58.3008,-34.9717],[-58.2882,-34.965],[-58.3163,-34.9263]]]}},
{"type":"Feature","properties":{"name":"Suipacha","georefId":"06784","provinciaGeorefId":"06","tipo":"Partido"},"geometry":{"type":"Polygon","coordinates":[[[-59.673,-34.5826],[-59.7549,-34.5183],[-59.8846,-34.6194],[-59.9447,-34.672],[-59.7901,-34.7885],[-59.8091,-34.8054],[-59.7981,-34.8257],[-59.7713,-34.8434],[-59.7502,-34.8743],[-59.6982,-34.8977],[-59.6725,-34.9309],[-59.6354,-34.958],[-59.4665,-34.8726],[-59.5226,-34.8288],[-59.4913,-34.8029],[-59.532,-34.7699],[-59.5259,-34.7648],[-59.7164,-34.62],[-59.673,-34.5826]]]}},
{"type":"Feature","properties":{"name":"Tandil","georefId":"06791","provinciaGeorefId":"06","tipo":"Partido"},"geometry":{"type":"Polygon","coordinates":[[[-59.0901,-37.0628],[-59.2195,-36.9639],[-59.2107,-36.9564],[-59.3593,-36.8451],[-59.365,-36.8513],[-59.3561,-36.8786],[-59.3597,-36.8972],[-59.3996,-36.9708],[-59.4335,-36.9995],[-59.4368,-37.0213],[-59.4798,-37.0367],[-59.5208,-37.0824],[-59.5421,-37.0808],[-59.5522,-37.0943],[-59.5676,-37.0978],[-59.5822,-37.1128],[-59.5866,-37.1325],[-59.626,-37.1538],[-59.6414,-37.1735],[-59.6684,-37.1819],[-59.6994,-37.2166],[-59.7362,-37.2339],[-59.7797,-37.2384],[-59.226,-37.6508],[-59.1855,-37.6168],[-59.159,-37.637],[-59.153,-37.659],[-59.1708,-37.7006],[-59.1662,-37.7365],[-59.1336,-37.7575],[-59.1282,-37.7792],[-59.1149,-37.7901],[-59.1102,-37.8262],[-58.8091,-37.5787],[-58.6109,-37.4113],[-58.9821,-37.1322],[-58.9894,-37.1374],[-59.0901,-37.0628]]]}},
{"type":"Feature","properties":{"name":"Tapalqué","georefId":"06798","provinciaGeorefId":"06","tipo":"Partido"},"geometry":{"type":"Polygon","coordinates":[[[-59.5532,-36.0068],[-59.5924,-36.0405],[-59.6139,-36.0239],[-59.7181,-36.1059],[-59.7971,-36.0437],[-59.8587,-36.0957],[-59.8387,-36.1113],[-59.9475,-36.2021],[-59.9638,-36.2232],[-59.9669,-36.2486],[-60.0902,-36.1613],[-60.2459,-36.3034],[-60.2969,-36.2671],[-60.3597,-36.3264],[-60.5235,-36.214],[-60.5652,-36.2362],[-60.6989,-36.1358],[-60.7273,-36.1372],[-60.7798,-36.1753],[-60.777,-36.1849],[-60.8108,-36.2111],[-60.7991,-36.2316],[-60.8061,-36.253],[-60.8195,-36.2584],[-60.8246,-36.2766],[-60.8603,-36.3225],[-60.906,-36.3416],[-60.8661,-36.3722],[-60.9296,-36.4246],[-60.8962,-36.4513],[-60.8754,-36.4678],[-60.7628,-36.3786],[-60.7288,-36.4027],[-60.65,-36.3429],[-60.5693,-36.3976],[-60.563,-36.3917],[-60.5322,-36.4125],[-60.5381,-36.4177],[-60.4384,-36.4978],[-60.4781,-36.5297],[-60.3265,-36.6525],[-60.2856,-36.6199],[-60.1614,-36.7197],[-60.135,-36.6748],[-60.0628,-36.7318],[-59.9189,-36.6148],[-60.0237,-36.5318],[-59.9825,-36.4965],[-59.9736,-36.5032],[-59.9312,-36.4666],[-59.8998,-36.4262],[-59.8239,-36.3585],[-59.8177,-36.3631],[-59.7272,-36.2882],[-59.6346,-36.3589],[-59.4882,-36.2271],[-59.3825,-36.1354],[-59.5532,-36.0068]]]}},
{"type":"Feature","properties":{"name":"Tigre","georefId":"06805","provinciaGeorefId":"06","tipo":"Partido"},"geometry":{"type":"MultiPolygon","coordinates":[[[[-58.5397,-34.2984],[-58.5491,-34.2971],[-58.5627,-34.2911],[-58.6495,-34.2666],[-58.6798,-34.3457],[-58.7206,-34.3633],[-58.7053,-34.373],[-58.7214,-34.3901],[-58.7159,-34.3925],[-58.7346,-34.4025],[-58.7056,-34.4393],[-58.6466,-34.5014],[-58.6064,-34.5345],[-58.6003,-34.4904],[-58.6065,-34.4804],[-58.5952,-34.4483],[-58.5795,-34.4445],[-58.5579,-34.4241],[-58.5162,-34.4433],[-58.5142,-34.4435],[-58.4998,-34.4359],[-58.504,-34.4228],[-58.4884,-34.4373],[-58.4957,-34.4121],[-58.4816,-34.4136],[-58.4756,-34.3906],[-58.4541,-34.388],[-58.4947,-34.3237],[-58.5189,-34.3044],[-58.5388,-34.3057],[-58.5397,-34.2984]]],[[[-58.4689,-34.3266],[-58.4864,-34.3294],[-58.45,-34.377],[-58.4427,-34.3651],[-58.4539,-34.3492],[-58.4457,-34.3551],[-58.4568,-34.3446],[-58.4586,-34.331],[-58.4689,-34.3266]]],[[[-58.4456,-34.3421],[-58.4534,-34.3307],[-58.4563,-34.3437],[-58.4456,-34.3421]]]]}},
{"type":"Feature","properties":{"name":"Tordillo","georefId":"06812","provinciaGeorefId":"06","tipo":"Partido"},"geometry":{"type":"Polygon","coordinates":[[[-57.2092,-36.1962],[-57.4179,-36.1576],[-57.4733,-36.3403],[-57.343,-36.3662],[-57.3993,-36.4158],[-57.4201,-36.4601],[-57.4437,-36.4794],[-57.3992,-36.5131],[-57.4644,-36.5709],[-57.3288,-36.6692],[-57.1648,-36.521],[-57.1762,-36.5128],[-57.0987,-36.4421],[-57.0825,-36.4537],[-57.0744,-36.4387],[-57.0403,-36.4292],[-57.0429,-36.4131],[-57.0647,-36.3856],[-57.0155,-36.3416],[-57.0142,-36.3276],[-57.1078,-36.2758],[-57.1152,-36.2801],[-57.1153,-36.2707],[-57.1291,-36.268],[-57.1266,-36.263],[-57.2092,-36.1962]]]}},
{"type":"Feature","properties":{"name":"Tornquist","georefId":"06819","provinciaGeorefId":"06","tipo":"Partido"},"geometry":{"type":"Polygon","coordinates":[[[-62.0989,-37.9355],[-62.158,-37.9666],[-62.1779,-38.0021],[-62.1994,-38.0122],[-62.2086,-38.0264],[-62.2448,-38.0417],[-62.2824,-38.0902],[-62.3049,-38.0923],[-62.331,-38.108],[-62.3461,-38.1363],[-62.4423,-38.0558],[-62.4631,-38.072],[-62.4897,-38.0082],[-62.5753,-38.0752],[-62.7344,-37.9487],[-62.8144,-38.0107],[-62.6547,-38.1391],[-62.7359,-38.2025],[-62.655,-38.267],[-62.8997,-38.4567],[-62.7372,-38.5858],[-62.649,-38.5166],[-62.6145,-38.5916],[-62.3878,-38.4085],[-62.3419,-38.4426],[-62.2398,-38.3609],[-62.2091,-38.3954],[-62.2277,-38.4106],[-62.2095,-38.4244],[-62.2207,-38.4334],[-62.1963,-38.452],[-62.0846,-38.3627],[-61.9986,-38.4268],[-62.0102,-38.4362],[-61.9886,-38.4525],[-61.9386,-38.4112],[-61.9254,-38.4535],[-61.893,-38.4261],[-61.8127,-38.4855],[-61.7816,-38.4599],[-61.7819,-38.4375],[-61.7662,-38.4328],[-61.7654,-38.4233],[-61.7409,-38.4086],[-61.7566,-38.3835],[-61.7512,-38.3637],[-61.7379,-38.3558],[-61.7257,-38.3109],[-61.7171,-38.3096],[-61.7183,-38.2889],[-61.6969,-38.2858],[-61.7287,-38.2446],[-61.7373,-38.2183],[-61.7699,-38.1969],[-61.7596,-38.192],[-61.7674,-38.1725],[-61.7833,-38.1582],[-61.7759,-38.1407],[-61.7927,-38.1375],[-61.7997,-38.1096],[-61.8223,-38.0965],[-61.8271,-38.0654],[-61.831,-38.0705],[-61.8402,-38.0597],[-61.8574,-38.0576],[-61.872,-38.0335],[-61.8838,-38.035],[-61.9064,-38.0142],[-61.9307,-38.0085],[-61.9495,-38.0228],[-61.9298,-38.0391],[-61.9516,-38.057],[-62.0504,-37.9907],[-62.0496,-37.9715],[-62.0717,-37.9635],[-62.0989,-37.9355]]]}},
{"type":"Feature","properties":{"name":"Trenque Lauquen","georefId":"06826","provinciaGeorefId":"06","tipo":"Partido"},"geometry":{"type":"Polygon","coordinates":[[[-62.3386,-35.7841],[-62.6238,-35.5507],[-62.9325,-35.7983],[-62.9236,-35.8052],[-63.2037,-36.0331],[-62.9397,-36.2488],[-62.6257,-36.5024],[-62.6076,-36.5614],[-62.4733,-36.4572],[-62.2055,-36.2496],[-62.0824,-36.1523],[-62.4311,-35.8588],[-62.3386,-35.7841]]]}},
{"type":"Feature","properties":{"name":"Tres Arroyos","georefId":"06833","provinciaGeorefId":"06","tipo":"Partido"},"geometry":{"type":"Polygon","coordinates":[[[-59.8342,-38.2315],[-59.8867,-38.1573],[-60.0363,-38.2808],[-60.3707,-38.0167],[-60.4632,-38.0895],[-60.4421,-38.107],[-60.5496,-38.1921],[-60.6763,-38.0931],[-60.7014,-38.1151],[-60.7238,-38.1169],[-60.7292,-38.1302],[-60.721,-38.162],[-60.7293,-38.1967],[-60.7187,-38.2242],[-60.7402,-38.2235],[-60.7469,-38.23],[-60.7399,-38.2504],[-60.7456,-38.271],[-60.7341,-38.3001],[-60.7406,-38.3307],[-60.734,-38.339],[-60.745,-38.3648],[-60.7386,-38.3756],[-60.6765,-38.4332],[-60.6196,-38.4713],[-60.5915,-38.557],[-60.5926,-38.5694],[-60.6125,-38.5869],[-60.6102,-38.6209],[-60.58,-38.692],[-60.5631,-38.7692],[-60.5368,-38.8223],[-60.522,-38.8838],[-60.5293,-38.9143],[-60.4973,-38.9289],[-60.1167,-38.8658],[-59.854,-38.8374],[-59.6273,-38.7858],[-59.6268,-38.77],[-59.6357,-38.763],[-59.6259,-38.7429],[-59.6476,-38.736],[-59.654,-38.7002],[-59.6866,-38.6806],[-59.6914,-38.6621],[-59.7033,-38.6541],[-59.6906,-38.637],[-59.7336,-38.5334],[-59.7337,-38.4889],[-59.7671,-38.5159],[-59.8215,-38.4754],[-59.8864,-38.5293],[-59.9367,-38.4914],[-59.8741,-38.44],[-59.9295,-38.3965],[-59.9427,-38.407],[-59.99,-38.3714],[-59.8335,-38.2422],[-59.8342,-38.2315]]]}},
{"type":"Feature","properties":{"name":"Tres de Febrero","georefId":"06840","provinciaGeorefId":"06","tipo":"Partido"},"geometry":{"type":"Polygon","coordinates":[[[-58.6192,-34.5467],[-58.6463,-34.5629],[-58.616,-34.5887],[-58.5888,-34.6061],[-58.5722,-34.6287],[-58.5561,-34.6347],[-58.5292,-34.6546],[-58.5304,-34.6348],[-58.5292,-34.6111],[-58.523,-34.5976],[-58.5623,-34.5914],[-58.6192,-34.5467]]]}},
{"type":"Feature","properties":{"name":"Tres Lomas","georefId":"06847","provinciaGeorefId":"06","tipo":"Partido"},"geometry":{"type":"Polygon","coordinates":[[[-62.6076,-36.5614],[-62.6257,-36.5024],[-62.9397,-36.2488],[-62.9789,-36.2801],[-62.9593,-36.2961],[-63.0399,-36.3591],[-63.0284,-36.3688],[-63.068,-36.3995],[-63.0486,-36.4154],[-63.1276,-36.4795],[-62.8159,-36.7318],[-62.6076,-36.5614]]]}},
{"type":"Feature","properties":{"name":"25 de Mayo","georefId":"06854","provinciaGeorefId":"06","tipo":"Partido"},"geometry":{"type":"Polygon","coordinates":[[[-59.8222,-35.1768],[-59.8357,-35.1578],[-59.8704,-35.1526],[-59.8786,-35.1317],[-59.9056,-35.1149],[-59.9483,-35.1195],[-59.9736,-35.1328],[-59.991,-35.1294],[-60.0211,-35.108],[-60.235,-35.2959],[-60.3231,-35.2297],[-60.528,-35.4103],[-60.4449,-35.4733],[-60.8679,-35.84],[-60.6954,-35.9688],[-60.6381,-35.9211],[-60.5311,-36.0005],[-60.5186,-35.9856],[-60.4954,-35.9951],[-60.471,-35.9811],[-60.4596,-35.9682],[-60.4616,-35.9493],[-60.4171,-35.9282],[-60.3855,-35.89],[-60.376,-35.8927],[-60.2139,-35.7562],[-60.2186,-35.7523],[-60.1167,-35.6644],[-60.0592,-35.7095],[-60.0439,-35.6969],[-60.0244,-35.6956],[-60.023,-35.6858],[-60.0309,-35.683],[-60.021,-35.6818],[-60.0258,-35.6724],[-60.0054,-35.6617],[-60.0176,-35.6535],[-60.034,-35.6562],[-60.0302,-35.6383],[-60.04,-35.6242],[-60.031,-35.6244],[-60.0106,-35.5971],[-60.0098,-35.5757],[-60.0287,-35.5553],[-60.0049,-35.5289],[-59.9956,-35.5303],[-59.9301,-35.4882],[-59.906,-35.4809],[-59.8303,-35.4969],[-59.775,-35.4785],[-59.7687,-35.451],[-59.8254,-35.4074],[-59.7555,-35.3467],[-59.7129,-35.3788],[-59.6425,-35.3166],[-59.5858,-35.36],[-59.5061,-35.2893],[-59.5357,-35.2819],[-59.5525,-35.2549],[-59.5552,-35.2432],[-59.5401,-35.2213],[-59.549,-35.2134],[-59.543,-35.2043],[-59.5752,-35.1776],[-59.6211,-35.2006],[-59.6323,-35.1972],[-59.6447,-35.2081],[-59.6639,-35.21],[-59.6704,-35.2231],[-59.6991,-35.2109],[-59.7214,-35.2227],[-59.7464,-35.196],[-59.7614,-35.1971],[-59.759,-35.1891],[-59.7753,-35.1734],[-59.7923,-35.1827],[-59.8222,-35.1768]]]}},
{"type":"Feature","properties":{"name":"Vicente López","georefId":"06861","provinciaGeorefId":"06","tipo":"Partido"},"geometry":{"type":"Polygon","coordinates":[[[-58.4596,-34.5278],[-58.4794,-34.4898],[-58.5538,-34.5302],[-58.5378,-34.5442],[-58.5298,-34.5373],[-58.51,-34.5692],[-58.5008,-34.5495],[-58.4761,-34.5384],[-58.4596,-34.5278]]]}},
{"type":"Feature","properties":{"name":"Villa Gesell","georefId":"06868","provinciaGeorefId":"06","tipo":"Partido"},"geometry":{"type":"Polygon","coordinates":[[[-56.9091,-37.189],[-56.9495,-37.1846],[-56.992,-37.2371],[-57.0425,-37.2315],[-56.9936,-37.2413],[-56.9958,-37.2488],[-57.1056,-37.3781],[-57.1634,-37.4857],[-57.2111,-37.533],[-57.1876,-37.5498],[-57.0927,-37.4529],[-56.9899,-37.2885],[-56.9091,-37.189]]]}},
{"type":"Feature","properties":{"name":"Villarino","georefId":"06875","provinciaGeorefId":"06","tipo":"Partido"},"geometry":{"type":"MultiPolygon","coordinates":[[[[-62.6145,-38.5916],[-62.649,-38.5166],[-62.7372,-38.5858],[-62.8997,-38.4567],[-63.3842,-38.8292],[-63.3833,-39.3285],[-63.3231,-39.3357],[-63.2393,-39.3663],[-63.2191,-39.3867],[-63.1989,-39.3877],[-63.1735,-39.413],[-63.1367,-39.3937],[-63.1018,-39.4244],[-63.1131,-39.4518],[-63.1074,-39.4567],[-63.0917,-39.4516],[-63.0997,-39.4682],[-63.0924,-39.4729],[-63.0835,-39.4618],[-63.066,-39.4602],[-63.0722,-39.4781],[-63.0468,-39.4865],[-63.0327,-39.481],[-63.0283,-39.4949],[-63.017,-39.4857],[-63.0134,-39.5033],[-62.9732,-39.5037],[-62.9588,-39.5176],[-62.9087,-39.5051],[-62.8833,-39.5116],[-62.858,-39.5305],[-62.809,-39.5113],[-62.7704,-39.5134],[-62.7544,-39.5062],[-62.7341,-39.5115],[-62.7202,-39.528],[-62.6916,-39.5348],[-62.6772,-39.5264],[-62.6452,-39.5279],[-62.6394,-39.5366],[-62.6266,-39.5299],[-62.6168,-39.5481],[-62.6011,-39.5499],[-62.5701,-39.5707],[-62.537,-39.5752],[-62.5195,-39.5949],[-62.4903,-39.6075],[-62.4914,-39.6198],[-62.4751,-39.6282],[-62.4749,-39.6531],[-62.4866,-39.6656],[-62.4764,-39.6937],[-62.431,-39.7248],[-62.4089,-39.725],[-62.3924,-39.7439],[-62.3976,-39.7536],[-62.3751,-39.764],[-62.3911,-39.7689],[-62.3901,-39.7801],[-62.3708,-39.7757],[-62.3378,-39.8023],[-62.2997,-39.7972],[-62.2614,-39.8153],[-62.2335,-39.8162],[-62.215,-39.8399],[-62.1665,-39.8302],[-62.1468,-39.8567],[-62.1273,-39.8591],[-62.1152,-39.8488],[-62.126,-39.7669],[-62.1236,-39.7312],[-62.1118,-39.7061],[-62.1227,-39.7077],[-62.0922,-39.6796],[-62.1062,-39.6668],[-62.0993,-39.6856],[-62.1191,-39.6626],[-62.0896,-39.5401],[-62.0665,-39.5057],[-62.0455,-39.4474],[-62.1412,-39.395],[-62.148,-39.4029],[-62.1605,-39.4],[-62.1472,-39.3978],[-62.1499,-39.38],[-62.1629,-39.3845],[-62.164,-39.3975],[-62.1661,-39.3879],[-62.1722,-39.3908],[-62.1625,-39.3821],[-62.1671,-39.3753],[-62.1804,-39.397],[-62.1804,-39.3877],[-62.1924,-39.3823],[-62.1953,-39.3989],[-62.2076,-39.401],[-62.213,-39.396],[-62.1991,-39.3985],[-62.1942,-39.377],[-62.2133,-39.3707],[-62.213,-39.3643],[-62.2297,-39.3693],[-62.2247,-39.3637],[-62.2393,-39.3602],[-62.2175,-39.3617],[-62.2199,-39.3559],[-62.2116,-39.3609],[-62.2031,-39.3468],[-62.2303,-39.353],[-62.2388,-39.3452],[-62.2626,-39.3472],[-62.2592,-39.3421],[-62.2755,-39.3368],[-62.2799,-39.3259],[-62.2659,-39.3283],[-62.2598,-39.3223],[-62.2868,-39.3229],[-62.2606,-39.3154],[-62.2743,-39.309],[-62.2859,-39.3173],[-62.2771,-39.3068],[-62.2885,-39.2986],[-62.2525,-39.3047],[-62.2299,-39.2966],[-62.1999,-39.3074],[-62.185,-39.2984],[-62.1675,-39.3311],[-62.0856,-39.3901],[-62.0318,-39.3936],[-62.0124,-39.3841],[-62.0092,-39.3675],[-62.0112,-39.3575],[-62.0138,-39.3649],[-62.0216,-39.3546],[-62.0408,-39.3491],[-62.0623,-39.3198],[-62.1299,-39.2927],[-62.2169,-39.2746],[-62.3169,-39.2661],[-62.3185,-39.2566],[-62.3017,-39.245],[-62.286,-39.2567],[-62.2669,-39.2487],[-62.2374,-39.2516],[-62.2603,-39.2312],[-62.2828,-39.2273],[-62.2864,-39.2333],[-62.2841,-39.2258],[-62.3109,-39.211],[-62.3312,-39.1691],[-62.3422,-39.163],[-62.3323,-39.1325],[-62.352,-39.113],[-62.3305,-39.1166],[-62.3542,-39.1011],[-62.3066,-39.0529],[-62.2993,-39.025],[-62.3045,-39.0281],[-62.3044,-39.0133],[-62.3169,-39.003],[-62.3004,-38.9934],[-62.3214,-38.9958],[-62.3141,-38.9913],[-62.3217,-38.9684],[-62.3457,-38.9503],[-62.3205,-38.9043],[-62.3283,-38.8842],[-62.3392,-38.8847],[-62.3391,-38.8701],[-62.352,-38.863],[-62.3442,-38.8649],[-62.3341,-38.8513],[-62.3386,-38.8433],[-62.3261,-38.8382],[-62.336,-38.8364],[-62.3479,-38.8464],[-62.3608,-38.8267],[-62.3697,-38.8321],[-62.3627,-38.8455],[-62.372,-38.8437],[-62.3758,-38.8256],[-62.3835,-38.8269],[-62.3779,-38.8317],[-62.3868,-38.8278],[-62.3872,-38.8381],[-62.3953,-38.8345],[-62.3873,-38.8309],[-62.3933,-38.8207],[-62.414,-38.8175],[-62.3885,-38.815],[-62.3973,-38.7956],[-62.385,-38.8105],[-62.375,-38.8114],[-62.3793,-38.8012],[-62.3638,-38.8143],[-62.3714,-38.7993],[-62.3579,-38.8064],[-62.3607,-38.8137],[-62.3504,-38.8135],[-62.3518,-38.8027],[-62.3372,-38.8145],[-62.3391,-38.8093],[-62.3249,-38.8103],[-62.2954,-38.7886],[-62.3549,-38.7557],[-62.399,-38.7495],[-62.4271,-38.7609],[-62.4514,-38.73],[-62.4563,-38.6922],[-62.4729,-38.6633],[-62.5195,-38.6407],[-62.5971,-38.6216],[-62.6112,-38.6112],[-62.6145,-38.5916]]],[[[-61.999,-39.0907],[-62.0207,-39.0872],[-62.0113,-39.1002],[-62.013,-39.1076],[-62.0175,-39.1086],[-62.0272,-39.1037],[-62.0321,-39.1099],[-62.0162,-39.1177],[-62.0414,-39.1094],[-62.0349,-39.1156],[-62.0396,-39.1346],[-62.0429,-39.1268],[-62.0545,-39.1363],[-62.0568,-39.1577],[-62.0187,-39.1627],[-61.9996,-39.1745],[-61.9945,-39.1677],[-61.978,-39.1826],[-61.9657,-39.1746],[-61.9498,-39.1786],[-61.9457,-39.1932],[-61.9165,-39.2042],[-61.9099,-39.2202],[-61.8698,-39.2443],[-61.8521,-39.2247],[-61.8524,-39.1936],[-61.8649,-39.1621],[-61.8636,-39.1939],[-61.8834,-39.1999],[-61.865,-39.194],[-61.869,-39.165],[-61.8855,-39.1591],[-61.8781,-39.1617],[-61.8707,-39.1502],[-61.8834,-39.1261],[-61.8848,-39.0966],[-61.8956,-39.0909],[-61.8878,-39.1067],[-61.8883,-39.1284],[-61.8958,-39.137],[-61.8886,-39.1586],[-61.9047,-39.1455],[-61.9093,-39.1626],[-61.9287,-39.14],[-61.9472,-39.1473],[-61.9135,-39.1315],[-61.9248,-39.1206],[-61.9173,-39.1115],[-61.9238,-39.1099],[-61.9239,-39.1174],[-61.9264,-39.1116],[-61.9129,-39.1017],[-61.924,-39.0985],[-61.9288,-39.1074],[-61.9404,-39.1036],[-61.9432,-39.1142],[-61.9414,-39.1027],[-61.9301,-39.1063],[-61.9317,-39.0956],[-61.9752,-39.0902],[-61.9789,-39.1018],[-61.9669,-39.1145],[-61.9805,-39.1014],[-61.9772,-39.0901],[-61.9903,-39.0897],[-61.9847,-39.0957],[-61.9857,-39.1008],[-61.9995,-39.1055],[-61.9877,-39.1091],[-61.9982,-39.1168],[-61.9897,-39.126],[-61.9991,-39.13],[-61.9934,-39.1247],[-62.0029,-39.1264],[-62.0029,-39.1162],[-61.9896,-39.1095],[-62.0015,-39.1047],[-61.9867,-39.0976],[-61.999,-39.0907]]],[[[-62.0405,-38.9962],[-62.0646,-38.983],[-62.0792,-38.9839],[-62.1268,-39.0046],[-62.0971,-39.0238],[-62.0837,-39.0187],[-62.0745,-39.0034],[-62.067,-39.0137],[-62.0522,-39.0163],[-62.0606,-39.0217],[-62.0405,-39.0398],[-62.0264,-39.0279],[-62.0154,-39.0295],[-62.0082,-39.0148],[-62.0202,-39.0195],[-62.0115,-39.0087],[-62.0405,-38.9962]]],[[[-62.0377,-39.0817],[-62.0542,-39.0757],[-62.0801,-39.0855],[-62.084,-39.0994],[-62.0614,-39.135],[-62.0739,-39.1339],[-62.075,-39.1431],[-62.064,-39.1523],[-62.0554,-39.1347],[-62.0363,-39.1151],[-62.0428,-39.1113],[-62.0378,-39.1031],[-62.0228,-39.1031],[-62.0164,-39.1079],[-62.0128,-39.1026],[-62.0221,-39.0855],[-62.0377,-39.0817]]],[[[-62.0842,-39.2324],[-62.1074,-39.2145],[-62.1587,-39.1941],[-62.1575,-39.2111],[-62.1147,-39.2438],[-62.0698,-39.2505],[-62.0655,-39.2444],[-62.0769,-39.2364],[-62.0794,-39.2423],[-62.0842,-39.2324]]],[[[-61.8955,-39.1334],[-61.8903,-39.1225],[-61.9087,-39.1076],[-61.9224,-39.12],[-61.9102,-39.1284],[-61.9181,-39.1497],[-61.9097,-39.1545],[-61.9075,-39.1439],[-61.8982,-39.1446],[-61.8999,-39.1391],[-61.9067,-39.1423],[-61.9045,-39.1355],[-61.8955,-39.1334]]],[[[-62.0182,-39.2389],[-62.0275,-39.2369],[-62.0328,-39.2514],[-62.011,-39.2617],[-61.997,-39.2484],[-62.0182,-39.2389]]],[[[-62.2405,-38.8392],[-62.2577,-38.8272],[-62.271,-38.8394],[-62.2509,-38.8443],[-62.2453,-38.8576],[-62.2327,-38.8571],[-62.2359,-38.8525],[-62.2274,-38.8573],[-62.2405,-38.8392]]],[[[-62.2607,-38.9325],[-62.2578,-38.9236],[-62.2825,-38.9271],[-62.2937,-38.9459],[-62.2832,-38.9518],[-62.2845,-38.9435],[-62.2607,-38.9325]]],[[[-62.1272,-39.0061],[-62.1381,-39.013],[-62.1406,-39.0355],[-62.1223,-39.0286],[-62.1272,-39.0061]]],[[[-62.2991,-39.0232],[-62.2781,-39.0176],[-62.2703,-38.9999],[-62.3022,-39.0099],[-62.2991,-39.0232]]],[[[-62.0497,-38.9832],[-62.0565,-38.9821],[-62.0265,-38.9974],[-62.0141,-38.9941],[-62.0218,-38.986],[-62.0497,-38.9832]]],[[[-62.2629,-38.8216],[-62.2594,-38.8136],[-62.2777,-38.7991],[-62.274,-38.8195],[-62.2629,-38.8216]]],[[[-62.3028,-38.8725],[-62.3089,-38.8668],[-62.3126,-38.8821],[-62.2944,-38.8925],[-62.3052,-38.8783],[-62.2869,-38.877],[-62.3028,-38.8725]]],[[[-62.2347,-39.1848],[-62.2405,-39.1904],[-62.2245,-39.2052],[-62.2347,-39.1848]]],[[[-62.2347,-39.3383],[-62.2374,-39.3434],[-62.2201,-39.3499],[-62.2118,-39.3441],[-62.2347,-39.3383]]],[[[-62.3071,-38.844],[-62.316,-38.8451],[-62.2986,-38.8562],[-62.2955,-38.8492],[-62.3071,-38.844]]],[[[-62.2009,-39.006],[-62.2184,-39.0067],[-62.2104,-39.0213],[-62.2009,-39.006]]],[[[-62.3224,-38.8489],[-62.3308,-38.8476],[-62.3229,-38.8574],[-62.3137,-38.8557],[-62.3224,-38.8489]]]]}},
{"type":"Feature","properties":{"name":"Zárate","georefId":"06882","provinciaGeorefId":"06","tipo":"Partido"},"geometry":{"type":"Polygon","coordinates":[[[-58.8372,-33.9538],[-58.8684,-33.9365],[-58.8998,-33.891],[-58.9336,-33.8744],[-58.9779,-33.8704],[-58.9929,-33.8418],[-59.0205,-33.8489],[-59.0555,-33.8324],[-59.1307,-33.8477],[-59.1708,-33.8082],[-59.1711,-33.8081],[-59.1717,-33.8078],[-59.1729,-33.8073],[-59.2227,-33.8134],[-59.2634,-33.8171],[-59.293,-33.8293],[-59.3027,-33.8529],[-59.2401,-33.8963],[-59.2284,-33.925],[-59.2521,-33.9305],[-59.2605,-33.9416],[-59.2714,-33.9327],[-59.2973,-33.9318],[-59.3087,-33.9243],[-59.3236,-33.9312],[-59.3409,-33.9254],[-59.3456,-33.9524],[-59.3239,-33.9963],[-59.3085,-34.0193],[-59.2998,-34.0685],[-59.2662,-34.0918],[-59.2796,-34.146],[-59.3123,-34.161],[-59.2372,-34.1718],[-59.2388,-34.1797],[-59.1031,-34.2001],[-58.9733,-34.1291],[-58.9775,-34.1133],[-59.0095,-34.0991],[-58.966,-33.9606],[-58.8372,-33.9538]]]}},
{"type":"Feature","properties":{"name":"Ambato","georefId":"10007","provinciaGeorefId":"10","tipo":"Departamento"},"geometry":{"type":"Polygon","coordinates":[[[-65.9383,-27.6194],[-65.9394,-27.6176],[-65.9432,-27.6293],[-65.9743,-27.6387],[-65.9679,-27.652],[-65.9705,-27.6833],[-65.9832,-27.7069],[-65.972,-27.7203],[-65.9885,-27.7252],[-65.9843,-27.7553],[-66.0332,-27.7789],[-66.0442,-27.7573],[-66.077,-27.7702],[-66.084,-27.7827],[-66.0867,-27.8259],[-66.0701,-27.8378],[-66.072,-27.8568],[-66.0501,-27.9086],[-66.0673,-27.9181],[-66.0609,-27.9297],[-66.0832,-27.9499],[-66.0964,-27.9765],[-66.0794,-27.9822],[-66.0873,-28.0149],[-66.057,-28.0628],[-66.0598,-28.0812],[-66.0419,-28.1024],[-66.0455,-28.1266],[-66.0291,-28.1362],[-66.0287,-28.1564],[-66.0394,-28.1752],[-66.022,-28.2],[-66.033,-28.2273],[-66.0291,-28.2468],[-66.0565,-28.3109],[-66.0444,-28.3528],[-65.9849,-28.3516],[-65.9515,-28.3374],[-65.8933,-28.3299],[-65.8871,-28.3187],[-65.876,-28.3335],[-65.8757,-28.3243],[-65.8373,-28.2966],[-65.8276,-28.2707],[-65.8145,-28.263],[-65.8104,-28.2504],[-65.7973,-28.2455],[-65.7584,-28.2416],[-65.7532,-28.2484],[-65.7293,-28.2329],[-65.749,-28.1804],[-65.7443,-28.162],[-65.7559,-28.1021],[-65.7912,-28.0491],[-65.791,-28.0333],[-65.7662,-28.023],[-65.7659,-28.0096],[-65.7844,-27.9249],[-65.8074,-27.8823],[-65.8006,-27.8761],[-65.8074,-27.8616],[-65.8064,-27.8164],[-65.8207,-27.8204],[-65.8149,-27.8272],[-65.8323,-27.8509],[-65.8289,-27.8128],[-65.8743,-27.6758],[-65.8754,-27.6725],[-65.8759,-27.6724],[-65.9154,-27.6691],[-65.9347,-27.6287],[-65.9346,-27.6269],[-65.9379,-27.6198],[-65.9383,-27.6194]]]}},
{"type":"Feature","properties":{"name":"Ancasti","georefId":"10014","provinciaGeorefId":"10","tipo":"Departamento"},"geometry":{"type":"Polygon","coordinates":[[[-65.2707,-28.6033],[-65.2849,-28.6045],[-65.2904,-28.5901],[-65.344,-28.5938],[-65.3418,-28.5994],[-65.3585,-28.6141],[-65.3574,-28.6277],[-65.3895,-28.6326],[-65.3882,-28.6428],[-65.427,-28.6688],[-65.4543,-28.6601],[-65.4539,-28.6367],[-65.4794,-28.6346],[-65.503,-28.618],[-65.5558,-28.6179],[-65.5538,-28.6061],[-65.5809,-28.6083],[-65.5958,-28.5943],[-65.6116,-28.5969],[-65.6215,-28.5706],[-65.6319,-28.5875],[-65.6251,-28.6034],[-65.6636,-28.6641],[-65.6613,-28.6833],[-65.675,-28.6886],[-65.6516,-28.7802],[-65.655,-28.7937],[-65.6837,-28.8168],[-65.6824,-28.8319],[-65.6458,-28.8961],[-65.6471,-28.9176],[-65.655,-28.9195],[-65.6387,-28.9404],[-65.605,-29.0211],[-65.6063,-29.0693],[-65.5865,-29.0998],[-65.5959,-29.1063],[-65.5991,-29.1837],[-65.6119,-29.2122],[-65.6096,-29.2532],[-65.5953,-29.2766],[-65.6027,-29.297],[-65.5684,-29.3494],[-65.548,-29.4102],[-65.55,-29.4544],[-65.5629,-29.4756],[-65.5614,-29.5178],[-65.5429,-29.572],[-65.5312,-29.5809],[-65.5329,-29.598],[-65.5213,-29.6051],[-65.5196,-29.5823],[-65.5362,-29.5157],[-65.5176,-29.4851],[-65.5321,-29.4718],[-65.5165,-29.4305],[-65.5198,-29.4109],[-65.5061,-29.3966],[-65.5167,-29.3362],[-65.5044,-29.3018],[-65.51,-29.2857],[-65.4935,-29.2646],[-65.5053,-29.2472],[-65.4997,-29.2286],[-65.477,-29.2136],[-65.456,-29.1588],[-65.4483,-29.1497],[-65.4167,-29.1456],[-65.3834,-29.1035],[-65.3668,-28.935],[-65.3578,-28.9102],[-65.3147,-28.8582],[-65.3061,-28.8274],[-65.3111,-28.8163],[-65.3809,-28.7984],[-65.3411,-28.6971],[-65.3122,-28.7042],[-65.3154,-28.6327],[-65.2826,-28.6409],[-65.2707,-28.6033]]]}},
{"type":"Feature","properties":{"name":"Andalgalá","georefId":"10021","provinciaGeorefId":"10","tipo":"Departamento"},"geometry":{"type":"Polygon","coordinates":[[[-66.1342,-27.2485],[-66.1941,-27.219],[-66.2035,-27.1983],[-66.2547,-27.1535],[-66.367,-27.201],[-66.4502,-27.133],[-66.5859,-27.0973],[-66.5741,-27.1591],[-66.5575,-27.1856],[-66.5366,-27.2544],[-66.5541,-27.2482],[-66.6232,-27.2816],[-66.6182,-27.2934],[-66.6264,-27.2931],[-66.6288,-27.3004],[-66.6127,-27.3149],[-66.6288,-27.3356],[-66.6141,-27.3575],[-66.6194,-27.3688],[-66.6306,-27.3702],[-66.6294,-27.3872],[-66.6207,-27.4022],[-66.6032,-27.4087],[-66.6105,-27.4246],[-66.6315,-27.4371],[-66.6348,-27.4658],[-66.6414,-27.4751],[-66.6474,-27.4728],[-66.6487,-27.4952],[-66.659,-27.4959],[-66.6678,-27.5067],[-66.6805,-27.5059],[-66.6835,-27.5177],[-66.7193,-27.5349],[-66.7352,-27.5519],[-66.7315,-27.5633],[-66.7087,-27.5693],[-66.7015,-27.5808],[-66.7115,-27.588],[-66.7072,-27.6026],[-66.7266,-27.6097],[-66.7429,-27.6412],[-66.7144,-27.6728],[-66.7202,-27.6775],[-66.715,-27.6891],[-66.7232,-27.6858],[-66.7106,-27.7037],[-66.7237,-27.7145],[-66.7339,-27.7125],[-66.7328,-27.7196],[-66.7482,-27.7308],[-66.7484,-27.7451],[-66.761,-27.7471],[-66.7712,-27.7598],[-66.7704,-27.7687],[-66.7388,-27.7895],[-66.7402,-28.0191],[-66.4916,-28.0205],[-66.3851,-27.8691],[-66.2656,-27.8694],[-66.2543,-27.8245],[-66.1841,-27.8297],[-66.1524,-27.8105],[-66.1069,-27.8048],[-66.084,-27.7827],[-66.077,-27.7702],[-66.0442,-27.7573],[-66.0332,-27.7789],[-65.9843,-27.7553],[-65.9885,-27.7252],[-65.972,-27.7203],[-65.9832,-27.7069],[-65.9705,-27.6833],[-65.9679,-27.652],[-65.9743,-27.6387],[-65.9432,-27.6293],[-65.9394,-27.6176],[-65.9399,-27.6163],[-65.94,-27.6122],[-65.9422,-27.6046],[-65.9428,-27.6036],[-65.943,-27.6013],[-65.9452,-27.5936],[-65.9469,-27.5914],[-65.9499,-27.5851],[-65.9506,-27.5833],[-65.9507,-27.5832],[-65.9512,-27.5814],[-65.9516,-27.5788],[-65.9536,-27.5776],[-65.9553,-27.5743],[-65.956,-27.5723],[-65.9503,-27.5618],[-65.9581,-27.5535],[-65.9597,-27.5511],[-65.9637,-27.5461],[-65.9644,-27.5456],[-65.9757,-27.4935],[-65.9747,-27.4582],[-65.9749,-27.4553],[-65.975,-27.454],[-65.9741,-27.4489],[-65.9749,-27.4428],[-65.9681,-27.4021],[-65.9675,-27.3991],[-65.965,-27.3605],[-65.9731,-27.3316],[-66.0293,-27.2982],[-66.0663,-27.2922],[-66.1179,-27.2665],[-66.1329,-27.2662],[-66.1396,-27.2618],[-66.1342,-27.2485]]]}},
{"type":"Feature","properties":{"name":"Antofagasta de la Sierra","georefId":"10028","provinciaGeorefId":"10","tipo":"Departamento"},"geometry":{"type":"Polygon","coordinates":[[[-68.507,-25.1683],[-68.5091,-25.2323],[-68.5348,-25.2369],[-68.5479,-25.2624],[-68.529,-25.2903],[-68.5453,-25.2985],[-68.5462,-25.3115],[-68.5298,-25.3203],[-68.5182,-25.3401],[-68.5273,-25.352],[-68.5238,-25.3788],[-68.5415,-25.3824],[-68.5706,-25.4175],[-68.59,-25.4142],[-68.5837,-25.4421],[-68.5891,-25.4483],[-68.5698,-25.4817],[-68.5728,-25.4942],[-68.5618,-25.5058],[-68.5384,-25.509],[-68.548,-25.526],[-68.5371,-25.5429],[-68.5418,-25.55],[-68.5258,-25.5576],[-68.5254,-25.5669],[-68.5147,-25.5744],[-68.5322,-25.5817],[-68.5409,-25.5968],[-68.545,-25.633],[-68.5249,-25.6444],[-68.5111,-25.6722],[-68.499,-25.6735],[-68.4773,-25.7012],[-68.381,-26.178],[-68.5573,-26.2867],[-68.5877,-26.492],[-68.4374,-26.7021],[-68.3472,-26.8144],[-68.3139,-26.8235],[-68.3007,-26.8106],[-68.2538,-26.7938],[-68.214,-26.8088],[-68.209,-26.8332],[-68.2062,-26.8361],[-68.2012,-26.8453],[-68.1917,-26.8453],[-68.1698,-26.8207],[-68.1396,-26.818],[-68.1287,-26.7849],[-68.0874,-26.7612],[-68.0406,-26.7566],[-68.0188,-26.7595],[-67.9906,-26.778],[-67.958,-26.788],[-67.9173,-26.7851],[-67.8745,-26.795],[-67.8668,-26.8045],[-67.8495,-26.796],[-67.8563,-26.7873],[-67.8547,-26.7691],[-67.828,-26.7727],[-67.817,-26.7599],[-67.8062,-26.7604],[-67.7912,-26.7746],[-67.7855,-26.7994],[-67.7695,-26.8091],[-67.7402,-26.7979],[-67.7402,-26.7842],[-67.7199,-26.7752],[-67.6704,-26.8041],[-67.648,-26.7899],[-67.6139,-26.7871],[-67.5947,-26.8185],[-67.5457,-26.8347],[-67.5327,-26.8879],[-67.5419,-26.9297],[-67.524,-26.9214],[-67.5072,-26.8764],[-67.4988,-26.8638],[-67.4878,-26.8622],[-67.4894,-26.8187],[-67.4644,-26.7836],[-67.4048,-26.7564],[-67.4016,-26.7465],[-67.3413,-26.7357],[-67.3327,-26.7204],[-67.2879,-26.7144],[-67.2845,-26.7051],[-67.281,-26.6953],[-67.2252,-26.688],[-67.2021,-26.6662],[-67.1826,-26.6679],[-67.1606,-26.6392],[-67.1606,-26.6252],[-67.1442,-26.6212],[-67.1394,-26.6289],[-67.1112,-26.607],[-67.0905,-26.6137],[-67.081,-26.5817],[-67.0708,-26.5799],[-67.0487,-26.5099],[-67.0527,-26.475],[-67.0459,-26.4624],[-67.046,-26.4207],[-67.0605,-26.4101],[-67.0614,-26.3969],[-67.034,-26.3975],[-67.0367,-26.3334],[-67.019,-26.3275],[-67.011,-26.3106],[-66.9957,-26.254],[-67.0018,-26.233],[-66.9876,-26.2096],[-66.9896,-26.1964],[-66.9659,-26.1673],[-66.9637,-26.1381],[-66.9223,-26.1013],[-66.9077,-26.1185],[-66.8807,-26.1089],[-66.8398,-26.111],[-66.843,-26.0957],[-66.8241,-26.0757],[-66.8496,-26.0508],[-66.8766,-25.9993],[-66.905,-25.9932],[-66.9195,-25.9446],[-66.8524,-25.9186],[-66.8393,-25.8807],[-66.8476,-25.7963],[-66.8562,-25.7741],[-66.8736,-25.7662],[-66.8433,-25.7126],[-66.799,-25.6988],[-66.7546,-25.7064],[-66.6913,-25.7037],[-66.6486,-25.712],[-66.6304,-25.6544],[-66.6118,-25.6418],[-66.6065,-25.6287],[-66.5639,-25.6218],[-66.5636,-25.6017],[-66.5728,-25.5867],[-66.5634,-25.5643],[-66.5346,-25.5365],[-66.5428,-25.5224],[-66.5321,-25.5006],[-66.5352,-25.4623],[-66.5185,-25.4403],[-66.5371,-25.3725],[-66.5871,-25.3728],[-66.5998,-25.3623],[-66.5804,-25.3188],[-66.5623,-25.301],[-66.5608,-25.3009],[-66.5602,-25.3003],[-66.5611,-25.3001],[-66.5646,-25.2995],[-66.5699,-25.2985],[-66.8793,-25.2417],[-67.8646,-25.2384],[-68.507,-25.1683]]]}},
{"type":"Feature","properties":{"name":"Belén","georefId":"10035","provinciaGeorefId":"10","tipo":"Departamento"},"geometry":{"type":"Polygon","coordinates":[[[-66.8014,-26.0165],[-66.8435,-25.9773],[-66.8524,-25.9186],[-66.9195,-25.9446],[-66.905,-25.9932],[-66.8766,-25.9993],[-66.8496,-26.0508],[-66.8241,-26.0757],[-66.843,-26.0957],[-66.8398,-26.111],[-66.8807,-26.1089],[-66.9077,-26.1185],[-66.9223,-26.1013],[-66.9637,-26.1381],[-66.9659,-26.1673],[-66.9896,-26.1964],[-66.9876,-26.2096],[-67.0018,-26.233],[-66.9957,-26.254],[-67.011,-26.3106],[-67.019,-26.3275],[-67.0367,-26.3334],[-67.034,-26.3975],[-67.0614,-26.3969],[-67.0605,-26.4101],[-67.046,-26.4207],[-67.0459,-26.4624],[-67.0527,-26.475],[-67.0487,-26.5099],[-67.0708,-26.5799],[-67.081,-26.5817],[-67.0905,-26.6137],[-67.1112,-26.607],[-67.1394,-26.6289],[-67.1442,-26.6212],[-67.1606,-26.6252],[-67.1606,-26.6392],[-67.1826,-26.6679],[-67.2021,-26.6662],[-67.2252,-26.688],[-67.281,-26.6953],[-67.2845,-26.7051],[-67.2256,-26.7394],[-67.1527,-26.823],[-67.1492,-26.8373],[-67.1668,-26.8521],[-67.1651,-26.8646],[-67.1782,-26.8794],[-67.2026,-26.8854],[-67.2055,-26.9207],[-67.2156,-26.9283],[-67.2306,-26.9205],[-67.242,-26.9413],[-67.2507,-26.9442],[-67.2506,-26.9756],[-67.2665,-26.9971],[-67.2755,-26.9984],[-67.278,-27.0477],[-67.2949,-27.0829],[-67.2936,-27.0946],[-67.2826,-27.1028],[-67.2829,-27.1404],[-67.2648,-27.1662],[-67.2754,-27.1728],[-67.2698,-27.18],[-67.2757,-27.2065],[-67.2651,-27.2154],[-67.2672,-27.23],[-67.2822,-27.2337],[-67.2743,-27.261],[-67.2875,-27.267],[-67.2944,-27.3074],[-67.286,-27.3274],[-67.2585,-27.3495],[-67.2934,-27.361],[-67.3099,-27.3759],[-67.2857,-27.3984],[-67.304,-27.4014],[-67.3026,-27.4273],[-67.3003,-27.4402],[-67.2521,-27.4566],[-67.24,-27.4673],[-67.2895,-27.527],[-67.3186,-27.5771],[-67.3162,-27.5921],[-67.3348,-27.6233],[-67.3298,-27.6328],[-67.3605,-27.685],[-67.3395,-27.6861],[-67.3063,-27.7321],[-67.2944,-27.7346],[-67.3178,-27.7805],[-67.348,-27.7932],[-67.3635,-27.8294],[-67.3582,-27.8862],[-67.3515,-27.8933],[-67.3544,-27.9225],[-67.3282,-27.9143],[-67.3353,-27.9402],[-67.3432,-27.9427],[-67.3401,-27.9668],[-67.3481,-27.9823],[-67.3433,-28.0029],[-67.3544,-28.0234],[-67.3512,-28.0348],[-67.3274,-28.0575],[-67.304,-28.0423],[-67.2974,-28.0494],[-67.2647,-28.0553],[-67.2311,-28.0314],[-66.8446,-28.0346],[-66.7405,-28.035],[-66.7402,-28.0191],[-66.7388,-27.7895],[-66.7704,-27.7687],[-66.7712,-27.7598],[-66.761,-27.7471],[-66.7484,-27.7451],[-66.7482,-27.7308],[-66.7328,-27.7196],[-66.7339,-27.7125],[-66.7237,-27.7145],[-66.7106,-27.7037],[-66.7232,-27.6858],[-66.715,-27.6891],[-66.7202,-27.6775],[-66.7144,-27.6728],[-66.7429,-27.6412],[-66.7266,-27.6097],[-66.7072,-27.6026],[-66.7115,-27.588],[-66.7015,-27.5808],[-66.7087,-27.5693],[-66.7315,-27.5633],[-66.7352,-27.5519],[-66.7193,-27.5349],[-66.6835,-27.5177],[-66.6805,-27.5059],[-66.6678,-27.5067],[-66.659,-27.4959],[-66.6487,-27.4952],[-66.6474,-27.4728],[-66.6414,-27.4751],[-66.6348,-27.4658],[-66.6315,-27.4371],[-66.6105,-27.4246],[-66.6032,-27.4087],[-66.6207,-27.4022],[-66.6294,-27.3872],[-66.6306,-27.3702],[-66.6194,-27.3688],[-66.6141,-27.3575],[-66.6288,-27.3356],[-66.6127,-27.3149],[-66.6288,-27.3004],[-66.6264,-27.2931],[-66.6182,-27.2934],[-66.6232,-27.2816],[-66.5541,-27.2482],[-66.5366,-27.2544],[-66.5575,-27.1856],[-66.5741,-27.1591],[-66.5859,-27.0973],[-66.5956,-27.0927],[-66.5957,-27.0614],[-66.6175,-27.0311],[-66.5893,-27.0055],[-66.5768,-26.98],[-66.5742,-26.9444],[-66.5866,-26.9301],[-66.5737,-26.8985],[-66.6084,-26.8706],[-66.6141,-26.8462],[-66.5988,-26.8335],[-66.6219,-26.8191],[-66.6519,-26.783],[-66.6434,-26.7778],[-66.6578,-26.7734],[-66.6676,-26.7466],[-66.6504,-26.7391],[-66.6573,-26.7293],[-66.6456,-26.7183],[-66.6135,-26.7276],[-66.6015,-26.7112],[-66.614,-26.6966],[-66.6072,-26.6808],[-66.5808,-26.685],[-66.5914,-26.6709],[-66.5709,-26.5976],[-66.5757,-26.5815],[-66.5689,-26.5604],[-66.55,-26.556],[-66.548,-26.5357],[-66.5081,-26.5273],[-66.497,-26.5405],[-66.4823,-26.5379],[-66.4744,-26.5498],[-66.4595,-26.5341],[-66.4563,-26.5183],[-66.4799,-26.4964],[-66.4526,-26.4418],[-66.4575,-26.4209],[-66.4492,-26.4157],[-66.4453,-26.3744],[-66.4775,-26.3593],[-66.4892,-26.3663],[-66.5063,-26.3651],[-66.5399,-26.3532],[-66.5603,-26.2948],[-66.5535,-26.26],[-66.5668,-26.2492],[-66.576,-26.2107],[-66.5724,-26.1787],[-66.5932,-26.1512],[-66.6183,-26.1447],[-66.6259,-26.1271],[-66.66,-26.1065],[-66.6526,-26.0929],[-66.6609,-26.0767],[-66.7024,-26.082],[-66.7147,-26.074],[-66.7222,-26.0795],[-66.7311,-26.0653],[-66.7513,-26.0602],[-66.7573,-26.0501],[-66.7804,-26.0469],[-66.781,-26.034],[-66.8014,-26.0165]]]}},
{"type":"Feature","properties":{"name":"Capayán","georefId":"10042","provinciaGeorefId":"10","tipo":"Departamento"},"geometry":{"type":"Polygon","coordinates":[[[-65.7916,-28.5579],[-65.8121,-28.55],[-65.8175,-28.5388],[-65.8991,-28.4832],[-65.9195,-28.4377],[-65.9371,-28.439],[-65.9489,-28.4134],[-65.9515,-28.3374],[-65.9849,-28.3516],[-66.0444,-28.3528],[-66.0599,-28.3645],[-66.0539,-28.3815],[-66.0602,-28.4002],[-66.043,-28.4371],[-66.0512,-28.4515],[-66.0685,-28.4572],[-66.0853,-28.4532],[-66.0842,-28.4835],[-66.1067,-28.4969],[-66.1309,-28.5007],[-66.1488,-28.5467],[-66.1848,-28.5659],[-66.1789,-28.5815],[-66.2111,-28.6323],[-66.2308,-28.623],[-66.2473,-28.6369],[-66.2651,-28.631],[-66.2748,-28.6677],[-66.2979,-28.6811],[-66.2991,-28.7052],[-66.3058,-28.7088],[-66.3018,-28.7238],[-66.3101,-28.7352],[-66.3237,-28.7347],[-66.3212,-28.7569],[-66.3374,-28.8031],[-66.3659,-28.7979],[-66.3921,-28.8266],[-66.4112,-28.8163],[-66.4015,-28.8282],[-66.4035,-28.8562],[-66.394,-28.8673],[-66.3282,-28.8762],[-66.3128,-28.887],[-66.2882,-28.888],[-66.0997,-28.9444],[-65.9478,-29.0774],[-65.9265,-29.0822],[-65.8174,-29.1789],[-65.8162,-29.2698],[-65.7483,-29.2697],[-65.7173,-29.3286],[-65.7192,-29.4099],[-65.5905,-29.7182],[-65.5213,-29.6051],[-65.5329,-29.598],[-65.5312,-29.5809],[-65.5429,-29.572],[-65.5614,-29.5178],[-65.5629,-29.4756],[-65.55,-29.4544],[-65.548,-29.4102],[-65.5684,-29.3494],[-65.6027,-29.297],[-65.5953,-29.2766],[-65.6096,-29.2532],[-65.6119,-29.2122],[-65.5991,-29.1837],[-65.5959,-29.1063],[-65.5865,-29.0998],[-65.6063,-29.0693],[-65.605,-29.0211],[-65.6387,-28.9404],[-65.655,-28.9195],[-65.6471,-28.9176],[-65.6458,-28.8961],[-65.6824,-28.8319],[-65.6912,-28.818],[-65.6899,-28.7887],[-65.7045,-28.7842],[-65.7198,-28.7631],[-65.8096,-28.7583],[-65.8515,-28.7469],[-65.8272,-28.7046],[-65.8131,-28.7005],[-65.7942,-28.6703],[-65.8091,-28.635],[-65.8002,-28.6142],[-65.8024,-28.5954],[-65.7897,-28.5855],[-65.7855,-28.5616],[-65.7916,-28.5579]]]}},
{"type":"Feature","properties":{"name":"Capital","georefId":"10049","provinciaGeorefId":"10","tipo":"Departamento"},"geometry":{"type":"Polygon","coordinates":[[[-65.7275,-28.4295],[-65.7285,-28.3872],[-65.7406,-28.3804],[-65.761,-28.3826],[-65.762,-28.3646],[-65.803,-28.2985],[-65.8145,-28.263],[-65.8276,-28.2707],[-65.8373,-28.2966],[-65.8757,-28.3243],[-65.876,-28.3335],[-65.8871,-28.3187],[-65.8933,-28.3299],[-65.9515,-28.3374],[-65.9489,-28.4134],[-65.9371,-28.439],[-65.9195,-28.4377],[-65.8991,-28.4832],[-65.8175,-28.5388],[-65.8121,-28.55],[-65.7916,-28.5579],[-65.7778,-28.5417],[-65.782,-28.5328],[-65.7698,-28.4873],[-65.7305,-28.4552],[-65.7275,-28.4295]]]}},
{"type":"Feature","properties":{"name":"El Alto","georefId":"10056","provinciaGeorefId":"10","tipo":"Departamento"},"geometry":{"type":"Polygon","coordinates":[[[-65.1052,-28.3222],[-65.1425,-28.3202],[-65.1462,-28.3327],[-65.1775,-28.333],[-65.1783,-28.3092],[-65.1932,-28.3076],[-65.2031,-28.2976],[-65.1954,-28.282],[-65.2459,-28.288],[-65.2451,-28.2794],[-65.3067,-28.217],[-65.309,-28.2068],[-65.3298,-28.2219],[-65.3375,-28.2164],[-65.3358,-28.1994],[-65.3628,-28.2167],[-65.4014,-28.2072],[-65.3912,-28.1696],[-65.4256,-28.1912],[-65.4507,-28.1819],[-65.4701,-28.188],[-65.4754,-28.2068],[-65.4937,-28.218],[-65.5065,-28.2404],[-65.5073,-28.2308],[-65.572,-28.232],[-65.5721,-28.2932],[-65.555,-28.3147],[-65.5525,-28.3332],[-65.5623,-28.4217],[-65.604,-28.4934],[-65.6015,-28.5211],[-65.6204,-28.5466],[-65.6215,-28.5706],[-65.6116,-28.5969],[-65.5958,-28.5943],[-65.5809,-28.6083],[-65.5538,-28.6061],[-65.5558,-28.6179],[-65.503,-28.618],[-65.4794,-28.6346],[-65.4539,-28.6367],[-65.4543,-28.6601],[-65.427,-28.6688],[-65.3882,-28.6428],[-65.3895,-28.6326],[-65.3574,-28.6277],[-65.3585,-28.6141],[-65.3418,-28.5994],[-65.344,-28.5938],[-65.2904,-28.5901],[-65.2849,-28.6045],[-65.2707,-28.6033],[-65.2482,-28.6072],[-65.2124,-28.6],[-65.2017,-28.6121],[-65.2053,-28.6175],[-65.1882,-28.6184],[-65.1846,-28.6006],[-65.1259,-28.6115],[-65.0971,-28.4709],[-65.1052,-28.3222]]]}},
{"type":"Feature","properties":{"name":"Fray Mamerto Esquiú","georefId":"10063","provinciaGeorefId":"10","tipo":"Departamento"},"geometry":{"type":"Polygon","coordinates":[[[-65.6658,-28.422],[-65.6602,-28.3894],[-65.6731,-28.3653],[-65.6649,-28.3358],[-65.7004,-28.3175],[-65.7293,-28.2329],[-65.7532,-28.2484],[-65.7584,-28.2416],[-65.7973,-28.2455],[-65.8104,-28.2504],[-65.8145,-28.263],[-65.803,-28.2985],[-65.762,-28.3646],[-65.761,-28.3826],[-65.7406,-28.3804],[-65.7285,-28.3872],[-65.7275,-28.4295],[-65.6876,-28.4403],[-65.6845,-28.4494],[-65.6728,-28.4442],[-65.6658,-28.422]]]}},
{"type":"Feature","properties":{"name":"La Paz","georefId":"10070","provinciaGeorefId":"10","tipo":"Departamento"},"geometry":{"type":"Polygon","coordinates":[[[-65.1882,-28.6184],[-65.2053,-28.6175],[-65.2017,-28.6121],[-65.2124,-28.6],[-65.2482,-28.6072],[-65.2707,-28.6033],[-65.2826,-28.6409],[-65.3154,-28.6327],[-65.3122,-28.7042],[-65.3411,-28.6971],[-65.3809,-28.7984],[-65.3111,-28.8163],[-65.3061,-28.8274],[-65.3147,-28.8582],[-65.3578,-28.9102],[-65.3668,-28.935],[-65.3834,-29.1035],[-65.4167,-29.1456],[-65.4483,-29.1497],[-65.456,-29.1588],[-65.477,-29.2136],[-65.4997,-29.2286],[-65.5053,-29.2472],[-65.4935,-29.2646],[-65.51,-29.2857],[-65.5044,-29.3018],[-65.5167,-29.3362],[-65.5061,-29.3966],[-65.5198,-29.4109],[-65.5165,-29.4305],[-65.5321,-29.4718],[-65.5176,-29.4851],[-65.5362,-29.5157],[-65.5196,-29.5823],[-65.5213,-29.6051],[-65.5905,-29.7182],[-65.5448,-29.8277],[-65.423,-30.1196],[-65.1583,-30.0473],[-64.986,-29.8911],[-64.9379,-29.8475],[-64.9641,-29.5961],[-64.8246,-29.5743],[-64.8312,-29.5124],[-64.8259,-29.4737],[-64.8207,-29.4572],[-64.7992,-29.4395],[-64.786,-29.4055],[-64.8381,-29.3425],[-64.8423,-29.3127],[-64.8247,-29.2738],[-64.781,-29.2676],[-64.8376,-29.2286],[-64.8545,-29.1974],[-64.8598,-29.035],[-64.9066,-28.9324],[-64.9017,-28.9143],[-64.912,-28.8866],[-64.9011,-28.8413],[-64.9386,-28.8057],[-64.9773,-28.7892],[-65.0166,-28.7378],[-65.1268,-28.7162],[-65.1365,-28.6469],[-65.1733,-28.6333],[-65.1706,-28.6184],[-65.1815,-28.6246],[-65.1882,-28.6184]]]}},
{"type":"Feature","properties":{"name":"Paclín","georefId":"10077","provinciaGeorefId":"10","tipo":"Departamento"},"geometry":{"type":"Polygon","coordinates":[[[-65.5609,-28.0064],[-65.5763,-28.0141],[-65.5884,-27.999],[-65.6126,-27.9913],[-65.6181,-27.9715],[-65.6663,-27.9732],[-65.6747,-27.9285],[-65.6989,-27.8896],[-65.7039,-27.8081],[-65.7193,-27.8163],[-65.7226,-27.797],[-65.7554,-27.7707],[-65.7978,-27.7857],[-65.7946,-27.8071],[-65.8064,-27.8164],[-65.8074,-27.8616],[-65.8006,-27.8761],[-65.8074,-27.8823],[-65.7844,-27.9249],[-65.7659,-28.0096],[-65.7662,-28.023],[-65.791,-28.0333],[-65.7912,-28.0491],[-65.7559,-28.1021],[-65.7443,-28.162],[-65.749,-28.1804],[-65.7293,-28.2329],[-65.7004,-28.3175],[-65.6649,-28.3358],[-65.6731,-28.3653],[-65.6602,-28.3894],[-65.6658,-28.422],[-65.5623,-28.4217],[-65.5525,-28.3332],[-65.555,-28.3147],[-65.5721,-28.2932],[-65.572,-28.232],[-65.5857,-28.1474],[-65.5726,-28.1219],[-65.5623,-28.1224],[-65.5765,-28.0796],[-65.5621,-28.0503],[-65.5685,-28.0255],[-65.5609,-28.0064]]]}},
{"type":"Feature","properties":{"name":"Pomán","georefId":"10084","provinciaGeorefId":"10","tipo":"Departamento"},"geometry":{"type":"Polygon","coordinates":[[[-66.084,-27.7827],[-66.1069,-27.8048],[-66.1524,-27.8105],[-66.1841,-27.8297],[-66.2543,-27.8245],[-66.2656,-27.8694],[-66.3851,-27.8691],[-66.4916,-28.0205],[-66.7402,-28.0191],[-66.7405,-28.035],[-66.8446,-28.0346],[-67.0302,-28.2602],[-66.9982,-28.2551],[-66.9902,-28.2633],[-66.9426,-28.2662],[-66.5708,-28.2886],[-66.514,-28.4654],[-66.5309,-28.5315],[-66.4963,-28.5313],[-66.4962,-28.6223],[-66.396,-28.677],[-66.3787,-28.7134],[-66.3682,-28.721],[-66.3518,-28.7205],[-66.3526,-28.7328],[-66.3796,-28.7683],[-66.3888,-28.8017],[-66.4112,-28.8163],[-66.3921,-28.8266],[-66.3659,-28.7979],[-66.3374,-28.8031],[-66.3212,-28.7569],[-66.3237,-28.7347],[-66.3101,-28.7352],[-66.3018,-28.7238],[-66.3058,-28.7088],[-66.2991,-28.7052],[-66.2979,-28.6811],[-66.2748,-28.6677],[-66.2651,-28.631],[-66.2473,-28.6369],[-66.2308,-28.623],[-66.2111,-28.6323],[-66.1789,-28.5815],[-66.1848,-28.5659],[-66.1488,-28.5467],[-66.1309,-28.5007],[-66.1067,-28.4969],[-66.0842,-28.4835],[-66.0853,-28.4532],[-66.0685,-28.4572],[-66.0512,-28.4515],[-66.043,-28.4371],[-66.0602,-28.4002],[-66.0539,-28.3815],[-66.0599,-28.3645],[-66.0444,-28.3528],[-66.0565,-28.3109],[-66.0291,-28.2468],[-66.033,-28.2273],[-66.022,-28.2],[-66.0394,-28.1752],[-66.0287,-28.1564],[-66.0291,-28.1362],[-66.0455,-28.1266],[-66.0419,-28.1024],[-66.0598,-28.0812],[-66.057,-28.0628],[-66.0873,-28.0149],[-66.0794,-27.9822],[-66.0964,-27.9765],[-66.0832,-27.9499],[-66.0609,-27.9297],[-66.0673,-27.9181],[-66.0501,-27.9086],[-66.072,-27.8568],[-66.0701,-27.8378],[-66.0867,-27.8259],[-66.084,-27.7827]]]}},
{"type":"Feature","properties":{"name":"Santa María","georefId":"10091","provinciaGeorefId":"10","tipo":"Departamento"},"geometry":{"type":"Polygon","coordinates":[[[-66.183,-26.1355],[-66.2053,-26.1326],[-66.2304,-26.1497],[-66.245,-26.1804],[-66.2667,-26.1952],[-66.2798,-26.2201],[-66.293,-26.2293],[-66.306,-26.2623],[-66.302,-26.2707],[-66.3226,-26.2893],[-66.3399,-26.3394],[-66.3624,-26.3627],[-66.3748,-26.4126],[-66.382,-26.4168],[-66.4453,-26.3744],[-66.4492,-26.4157],[-66.4575,-26.4209],[-66.4526,-26.4418],[-66.4799,-26.4964],[-66.4563,-26.5183],[-66.4595,-26.5341],[-66.4744,-26.5498],[-66.4823,-26.5379],[-66.497,-26.5405],[-66.5081,-26.5273],[-66.548,-26.5357],[-66.55,-26.556],[-66.5689,-26.5604],[-66.5757,-26.5815],[-66.5709,-26.5976],[-66.5914,-26.6709],[-66.5808,-26.685],[-66.6072,-26.6808],[-66.614,-26.6966],[-66.6015,-26.7112],[-66.6135,-26.7276],[-66.6456,-26.7183],[-66.6573,-26.7293],[-66.6504,-26.7391],[-66.6676,-26.7466],[-66.6578,-26.7734],[-66.6434,-26.7778],[-66.6519,-26.783],[-66.6219,-26.8191],[-66.5988,-26.8335],[-66.6141,-26.8462],[-66.6084,-26.8706],[-66.5737,-26.8985],[-66.5866,-26.9301],[-66.5742,-26.9444],[-66.5768,-26.98],[-66.5893,-27.0055],[-66.6175,-27.0311],[-66.5957,-27.0614],[-66.5956,-27.0927],[-66.5859,-27.0973],[-66.4502,-27.133],[-66.367,-27.201],[-66.2547,-27.1535],[-66.2035,-27.1983],[-66.1941,-27.219],[-66.1342,-27.2485],[-66.11,-27.2155],[-66.0848,-27.2118],[-66.0826,-27.2112],[-66.0824,-27.1983],[-66.0719,-27.19],[-66.07,-27.1891],[-66.0579,-27.1565],[-66.0556,-27.1557],[-66.0545,-27.1449],[-66.0205,-27.1183],[-66.0203,-27.1178],[-66.0067,-27.1092],[-66.0053,-27.1085],[-66.0017,-27.1019],[-65.9897,-27.1048],[-65.9777,-27.0878],[-65.9728,-27.054],[-65.964,-27.0487],[-65.9643,-27.0331],[-65.9546,-27.0308],[-65.9536,-27.03],[-65.9527,-27.0287],[-65.9474,-27.0244],[-65.9464,-27.0234],[-65.9453,-27.0228],[-65.9435,-27.0217],[-65.9385,-27.0194],[-65.9371,-27.0192],[-65.9338,-27.0186],[-65.9333,-27.018],[-65.93,-27.0177],[-65.9288,-27.0179],[-65.9277,-27.0181],[-65.9153,-27.0123],[-65.9146,-27.0097],[-65.9141,-27.0086],[-65.9137,-27.0079],[-65.9135,-27.0068],[-65.9139,-27.0061],[-65.9145,-27.0051],[-65.9161,-27.0037],[-65.9162,-27.0027],[-65.9166,-27.0006],[-65.9167,-26.9997],[-65.9167,-26.999],[-65.9164,-26.9986],[-65.9162,-26.9984],[-65.9161,-26.9982],[-65.9159,-26.9978],[-65.9152,-26.9968],[-65.9152,-26.9965],[-65.9152,-26.9955],[-65.9152,-26.9941],[-65.9157,-26.9929],[-65.9166,-26.9925],[-65.917,-26.9922],[-65.9175,-26.9918],[-65.918,-26.9912],[-65.9176,-26.9903],[-65.917,-26.9899],[-65.9167,-26.9898],[-65.9161,-26.9891],[-65.9158,-26.9881],[-65.915,-26.9856],[-65.9148,-26.9852],[-65.9146,-26.9846],[-65.9138,-26.9826],[-65.9119,-26.9809],[-65.909,-26.9803],[-65.9065,-26.9796],[-65.9051,-26.9792],[-65.9006,-26.9788],[-65.8999,-26.9789],[-65.8989,-26.9791],[-65.8979,-26.9787],[-65.8901,-26.9704],[-65.8898,-26.9698],[-65.883,-26.951],[-65.8826,-26.9479],[-65.8686,-26.9311],[-65.8678,-26.9316],[-65.8662,-26.9325],[-65.8653,-26.933],[-65.8578,-26.9292],[-65.8576,-26.9013],[-65.9005,-26.8638],[-65.8901,-26.8561],[-65.8923,-26.8386],[-65.8751,-26.8201],[-65.8744,-26.8182],[-65.8815,-26.8062],[-65.8659,-26.7955],[-65.8539,-26.7597],[-65.8318,-26.7499],[-65.8327,-26.7379],[-66.0422,-26.6004],[-66.1723,-26.629],[-66.1675,-26.6013],[-66.1761,-26.5778],[-66.1671,-26.5683],[-66.1639,-26.5383],[-66.1725,-26.5106],[-66.1639,-26.5018],[-66.1746,-26.4912],[-66.1765,-26.4694],[-66.1548,-26.4437],[-66.1608,-26.4167],[-66.1558,-26.3973],[-66.1265,-26.3891],[-66.1191,-26.377],[-66.1143,-26.3436],[-66.1242,-26.3082],[-66.1212,-26.2761],[-66.1176,-26.2651],[-66.1042,-26.2616],[-66.0941,-26.2486],[-66.0998,-26.2205],[-66.156,-26.1446],[-66.1795,-26.1349],[-66.1814,-26.1352],[-66.183,-26.1355]]]}},
{"type":"Feature","properties":{"name":"Santa Rosa","georefId":"10098","provinciaGeorefId":"10","tipo":"Departamento"},"geometry":{"type":"Polygon","coordinates":[[[-65.1708,-27.9465],[-65.3647,-27.8458],[-65.3941,-27.8569],[-65.4054,-27.8727],[-65.4362,-27.8865],[-65.4715,-27.9143],[-65.5001,-27.9241],[-65.5072,-27.9416],[-65.5232,-27.9493],[-65.5197,-27.9619],[-65.5444,-27.9758],[-65.5462,-27.99],[-65.5586,-27.9958],[-65.5609,-28.0064],[-65.5685,-28.0255],[-65.5621,-28.0503],[-65.5765,-28.0796],[-65.5623,-28.1224],[-65.5726,-28.1219],[-65.5857,-28.1474],[-65.572,-28.232],[-65.5073,-28.2308],[-65.5065,-28.2404],[-65.4937,-28.218],[-65.4754,-28.2068],[-65.4701,-28.188],[-65.4507,-28.1819],[-65.4256,-28.1912],[-65.3912,-28.1696],[-65.4014,-28.2072],[-65.3628,-28.2167],[-65.3358,-28.1994],[-65.3375,-28.2164],[-65.3298,-28.2219],[-65.309,-28.2068],[-65.3067,-28.217],[-65.2451,-28.2794],[-65.2459,-28.288],[-65.1954,-28.282],[-65.2031,-28.2976],[-65.1932,-28.3076],[-65.1783,-28.3092],[-65.1775,-28.333],[-65.1462,-28.3327],[-65.1425,-28.3202],[-65.1052,-28.3222],[-65.1096,-28.2408],[-65.1126,-28.1855],[-65.1708,-27.9465]]]}},
{"type":"Feature","properties":{"name":"Tinogasta","georefId":"10105","provinciaGeorefId":"10","tipo":"Departamento"},"geometry":{"type":"Polygon","coordinates":[[[-66.8446,-28.0346],[-67.2311,-28.0314],[-67.2647,-28.0553],[-67.2974,-28.0494],[-67.304,-28.0423],[-67.3274,-28.0575],[-67.3512,-28.0348],[-67.3544,-28.0234],[-67.3433,-28.0029],[-67.3481,-27.9823],[-67.3401,-27.9668],[-67.3432,-27.9427],[-67.3353,-27.9402],[-67.3282,-27.9143],[-67.3544,-27.9225],[-67.3515,-27.8933],[-67.3582,-27.8862],[-67.3635,-27.8294],[-67.348,-27.7932],[-67.3178,-27.7805],[-67.2944,-27.7346],[-67.3063,-27.7321],[-67.3395,-27.6861],[-67.3605,-27.685],[-67.3298,-27.6328],[-67.3348,-27.6233],[-67.3162,-27.5921],[-67.3186,-27.5771],[-67.2895,-27.527],[-67.24,-27.4673],[-67.2521,-27.4566],[-67.3003,-27.4402],[-67.3026,-27.4273],[-67.304,-27.4014],[-67.2857,-27.3984],[-67.3099,-27.3759],[-67.2934,-27.361],[-67.2585,-27.3495],[-67.286,-27.3274],[-67.2944,-27.3074],[-67.2875,-27.267],[-67.2743,-27.261],[-67.2822,-27.2337],[-67.2672,-27.23],[-67.2651,-27.2154],[-67.2757,-27.2065],[-67.2698,-27.18],[-67.2754,-27.1728],[-67.2648,-27.1662],[-67.2829,-27.1404],[-67.2826,-27.1028],[-67.2936,-27.0946],[-67.2949,-27.0829],[-67.278,-27.0477],[-67.2755,-26.9984],[-67.2665,-26.9971],[-67.2506,-26.9756],[-67.2507,-26.9442],[-67.242,-26.9413],[-67.2306,-26.9205],[-67.2156,-26.9283],[-67.2055,-26.9207],[-67.2026,-26.8854],[-67.1782,-26.8794],[-67.1651,-26.8646],[-67.1668,-26.8521],[-67.1492,-26.8373],[-67.1527,-26.823],[-67.2256,-26.7394],[-67.2845,-26.7051],[-67.2879,-26.7144],[-67.3327,-26.7204],[-67.3413,-26.7357],[-67.4016,-26.7465],[-67.4048,-26.7564],[-67.4644,-26.7836],[-67.4894,-26.8187],[-67.4878,-26.8622],[-67.4988,-26.8638],[-67.5072,-26.8764],[-67.524,-26.9214],[-67.5419,-26.9297],[-67.5327,-26.8879],[-67.5457,-26.8347],[-67.5947,-26.8185],[-67.6139,-26.7871],[-67.648,-26.7899],[-67.6704,-26.8041],[-67.7199,-26.7752],[-67.7402,-26.7842],[-67.7402,-26.7979],[-67.7695,-26.8091],[-67.7855,-26.7994],[-67.7912,-26.7746],[-67.8062,-26.7604],[-67.817,-26.7599],[-67.828,-26.7727],[-67.8547,-26.7691],[-67.8563,-26.7873],[-67.8495,-26.796],[-67.8668,-26.8045],[-67.8745,-26.795],[-67.9173,-26.7851],[-67.958,-26.788],[-67.9906,-26.778],[-68.0188,-26.7595],[-68.0406,-26.7566],[-68.0874,-26.7612],[-68.1287,-26.7849],[-68.1396,-26.818],[-68.1698,-26.8207],[-68.1917,-26.8453],[-68.2012,-26.8453],[-68.2062,-26.8361],[-68.209,-26.8332],[-68.214,-26.8088],[-68.2538,-26.7938],[-68.3007,-26.8106],[-68.3139,-26.8235],[-68.3472,-26.8144],[-68.2989,-26.8737],[-68.2991,-26.8849],[-68.2629,-26.9189],[-68.2735,-26.9265],[-68.2899,-26.9247],[-68.2941,-26.9595],[-68.319,-26.9817],[-68.2932,-27.0275],[-68.2944,-27.0383],[-68.3471,-27.0331],[-68.3798,-27.047],[-68.4038,-27.0676],[-68.4099,-27.0631],[-68.418,-27.0703],[-68.4288,-27.0641],[-68.4506,-27.095],[-68.4756,-27.0839],[-68.4839,-27.0577],[-68.4724,-27.1109],[-68.4802,-27.1145],[-68.4815,-27.1284],[-68.4941,-27.1363],[-68.516,-27.1305],[-68.5398,-27.1096],[-68.5568,-27.1147],[-68.5539,-27.1344],[-68.5754,-27.177],[-68.6005,-27.1588],[-68.6153,-27.1711],[-68.6313,-27.1631],[-68.6389,-27.1435],[-68.6541,-27.1359],[-68.6704,-27.0985],[-68.6837,-27.1075],[-68.6928,-27.0989],[-68.7162,-27.1057],[-68.7373,-27.1019],[-68.7514,-27.1122],[-68.7779,-27.0988],[-68.7994,-27.1246],[-68.8069,-27.1528],[-68.8243,-27.1473],[-68.8441,-27.1609],[-68.8406,-27.1668],[-68.8581,-27.1912],[-68.8528,-27.2152],[-68.8593,-27.2217],[-68.8561,-27.2314],[-68.8692,-27.2383],[-68.8685,-27.2624],[-68.8088,-27.3013],[-68.8295,-27.2986],[-68.8491,-27.3157],[-68.8704,-27.3175],[-68.8932,-27.3583],[-68.8896,-27.3769],[-68.897,-27.384],[-68.8875,-27.3983],[-68.9305,-27.4094],[-68.926,-27.4232],[-68.9353,-27.4448],[-68.9601,-27.4299],[-68.9809,-27.4321],[-68.9885,-27.4533],[-68.9606,-27.4711],[-68.9415,-27.5189],[-68.9482,-27.5286],[-68.9877,-27.5241],[-68.9729,-27.5432],[-68.9752,-27.5597],[-69.001,-27.5825],[-69.0392,-27.5946],[-69.0543,-27.6192],[-69.0601,-27.6632],[-69.0432,-27.6788],[-69.0444,-27.6974],[-69.0898,-27.7218],[-69.0829,-27.7273],[-69.0952,-27.7966],[-69.093,-27.7963],[-68.862,-27.7644],[-68.799,-27.7557],[-68.7853,-27.7682],[-68.7236,-27.789],[-68.7315,-27.8059],[-68.7193,-27.8152],[-68.6652,-27.8099],[-68.6258,-27.7919],[-68.5827,-27.8199],[-68.5652,-27.7779],[-68.562,-27.7353],[-68.5453,-27.7071],[-68.5329,-27.7336],[-68.5391,-27.7854],[-68.5141,-27.8426],[-68.4635,-27.856],[-68.4403,-27.8737],[-68.4403,-27.899],[-68.454,-27.9371],[-68.4567,-28.0156],[-68.44,-28.0254],[-68.3966,-28.0042],[-68.3517,-28.0172],[-68.3358,-28.0376],[-68.312,-28.0245],[-68.2862,-28.0265],[-68.2954,-28.0686],[-68.2747,-28.0951],[-68.2462,-28.0711],[-68.2341,-28.0823],[-68.1831,-28.086],[-68.1644,-28.1108],[-68.1412,-28.1018],[-68.1073,-28.1735],[-68.0715,-28.1625],[-68.0538,-28.1398],[-68.0355,-28.1446],[-68.0246,-28.1393],[-68.0224,-28.1247],[-67.9505,-28.109],[-67.9144,-28.1137],[-67.9253,-28.1373],[-67.9224,-28.1712],[-67.9324,-28.1748],[-67.9213,-28.1735],[-67.9136,-28.1831],[-67.9128,-28.2073],[-67.8991,-28.2106],[-67.906,-28.2294],[-67.8942,-28.2591],[-67.8712,-28.2723],[-67.8733,-28.286],[-67.861,-28.2953],[-67.8413,-28.3172],[-67.851,-28.3706],[-67.8446,-28.3748],[-67.8132,-28.3717],[-67.7999,-28.3456],[-67.7568,-28.3542],[-67.7604,-28.3294],[-67.6957,-28.3118],[-67.4464,-28.368],[-67.3753,-28.3845],[-67.1554,-28.3844],[-67.0747,-28.2702],[-67.0566,-28.273],[-67.0302,-28.2602],[-66.8446,-28.0346]]]}},
{"type":"Feature","properties":{"name":"Valle Viejo","georefId":"10112","provinciaGeorefId":"10","tipo":"Departamento"},"geometry":{"type":"Polygon","coordinates":[[[-65.6215,-28.5706],[-65.6204,-28.5466],[-65.6015,-28.5211],[-65.604,-28.4934],[-65.5623,-28.4217],[-65.6658,-28.422],[-65.6728,-28.4442],[-65.6845,-28.4494],[-65.6876,-28.4403],[-65.7275,-28.4295],[-65.7305,-28.4552],[-65.7698,-28.4873],[-65.782,-28.5328],[-65.7778,-28.5417],[-65.7916,-28.5579],[-65.7855,-28.5616],[-65.7897,-28.5855],[-65.8024,-28.5954],[-65.8002,-28.6142],[-65.8091,-28.635],[-65.7942,-28.6703],[-65.8131,-28.7005],[-65.8272,-28.7046],[-65.8515,-28.7469],[-65.8096,-28.7583],[-65.7198,-28.7631],[-65.7045,-28.7842],[-65.6899,-28.7887],[-65.6912,-28.818],[-65.6824,-28.8319],[-65.6837,-28.8168],[-65.655,-28.7937],[-65.6516,-28.7802],[-65.675,-28.6886],[-65.6613,-28.6833],[-65.6636,-28.6641],[-65.6251,-28.6034],[-65.6319,-28.5875],[-65.6215,-28.5706]]]}},
{"type":"Feature","properties":{"name":"Calamuchita","georefId":"14007","provinciaGeorefId":"14","tipo":"Departamento"},"geometry":{"type":"Polygon","coordinates":[[[-64.4369,-31.841],[-64.4475,-31.8391],[-64.4476,-31.847],[-64.4596,-31.8525],[-64.4756,-31.8373],[-64.4848,-31.8514],[-64.4993,-31.8424],[-64.49,-31.8399],[-64.4971,-31.8344],[-64.4943,-31.8232],[-64.5016,-31.8313],[-64.5035,-31.817],[-64.5153,-31.8161],[-64.5305,-31.8332],[-64.5274,-31.8521],[-64.5427,-31.8653],[-64.5503,-31.8639],[-64.5522,-31.8708],[-64.544,-31.8738],[-64.5492,-31.8824],[-64.561,-31.8783],[-64.5781,-31.8835],[-64.5822,-31.8784],[-64.5906,-31.8861],[-64.6064,-31.8853],[-64.6085,-31.8964],[-64.6176,-31.891],[-64.6274,-31.8989],[-64.6392,-31.8846],[-64.6402,-31.8924],[-64.6504,-31.8899],[-64.6536,-31.8956],[-64.6655,-31.8892],[-64.6776,-31.8945],[-64.6772,-31.882],[-64.6887,-31.8869],[-64.6921,-31.8805],[-64.6963,-31.8876],[-64.7112,-31.8829],[-64.7129,-31.8885],[-64.7233,-31.8839],[-64.7237,-31.8841],[-64.7327,-31.8784],[-64.7304,-31.8842],[-64.7304,-31.8852],[-64.7604,-31.8666],[-64.8345,-31.8653],[-64.8949,-31.9069],[-64.9288,-31.9093],[-64.9427,-32.0158],[-64.9336,-32.0477],[-64.9554,-32.1434],[-64.9495,-32.1554],[-64.9622,-32.2268],[-64.9516,-32.2375],[-64.9614,-32.282],[-64.9528,-32.3086],[-64.9414,-32.2983],[-64.9228,-32.3303],[-64.9298,-32.4232],[-64.9191,-32.4388],[-64.9194,-32.4794],[-64.8829,-32.5297],[-64.8897,-32.5417],[-64.8828,-32.5708],[-64.8899,-32.5796],[-64.7447,-32.6059],[-64.7276,-32.6172],[-64.6844,-32.6204],[-64.6814,-32.6287],[-64.6632,-32.6321],[-64.5945,-32.6168],[-64.576,-32.6314],[-64.539,-32.6266],[-64.5268,-32.6177],[-64.4875,-32.4766],[-64.4591,-32.4816],[-64.4456,-32.461],[-64.4391,-32.4013],[-64.4261,-32.3799],[-64.3249,-32.3988],[-64.322,-32.3764],[-64.2457,-32.3901],[-64.2456,-32.3269],[-64.2708,-32.3225],[-64.2692,-32.316],[-64.2813,-32.3137],[-64.2834,-32.3201],[-64.2935,-32.3182],[-64.2935,-32.3122],[-64.2937,-32.2528],[-64.2939,-32.2049],[-64.3074,-32.1811],[-64.2846,-32.1643],[-64.2743,-32.1461],[-64.2551,-32.0571],[-64.2414,-32.0045],[-64.2257,-31.9418],[-64.2234,-31.9124],[-64.2743,-31.9127],[-64.2748,-31.945],[-64.2883,-31.95],[-64.2881,-31.8536],[-64.314,-31.854],[-64.3111,-31.842],[-64.3802,-31.8392],[-64.378,-31.8453],[-64.3848,-31.8465],[-64.4054,-31.8373],[-64.4137,-31.8434],[-64.4102,-31.8512],[-64.4159,-31.848],[-64.4265,-31.8572],[-64.43,-31.8522],[-64.4303,-31.8519],[-64.4353,-31.8456],[-64.4344,-31.8451],[-64.4355,-31.8408],[-64.4369,-31.841]]]}},
{"type":"Feature","properties":{"name":"Capital","georefId":"14014","provinciaGeorefId":"14","tipo":"Departamento"},"geometry":{"type":"Polygon","coordinates":[[[-64.0574,-31.4193],[-64.0574,-31.3085],[-64.3098,-31.3085],[-64.3098,-31.3633],[-64.3098,-31.525],[-64.0574,-31.525],[-64.0574,-31.4193]]]}},
{"type":"Feature","properties":{"name":"Colón","georefId":"14021","provinciaGeorefId":"14","tipo":"Departamento"},"geometry":{"type":"Polygon","coordinates":[[[-63.8231,-31.0181],[-63.8957,-31.0187],[-63.888,-30.953],[-63.9912,-30.9182],[-63.9906,-30.9437],[-64.0096,-30.9421],[-64.0394,-30.9601],[-64.0868,-30.969],[-64.1351,-30.9683],[-64.1367,-30.9745],[-64.1517,-30.9667],[-64.1606,-30.9726],[-64.1717,-30.969],[-64.1793,-30.9763],[-64.2057,-30.9607],[-64.226,-30.96],[-64.2291,-30.9675],[-64.2417,-30.9688],[-64.257,-30.9585],[-64.2821,-30.9579],[-64.3068,-30.9335],[-64.3185,-30.9398],[-64.3313,-30.9336],[-64.3442,-30.9382],[-64.3509,-30.9247],[-64.3771,-30.909],[-64.3852,-30.9173],[-64.4388,-30.9138],[-64.4389,-30.9506],[-64.4296,-30.9726],[-64.4492,-31.0606],[-64.4294,-31.1257],[-64.4325,-31.1388],[-64.4147,-31.1756],[-64.4167,-31.2494],[-64.4303,-31.2717],[-64.4305,-31.2726],[-64.4332,-31.3667],[-64.4333,-31.3683],[-64.4321,-31.3733],[-64.4265,-31.3615],[-64.4179,-31.367],[-64.4225,-31.3556],[-64.3975,-31.358],[-64.3853,-31.3613],[-64.3511,-31.3713],[-64.3156,-31.3585],[-64.3098,-31.3633],[-64.3098,-31.3085],[-64.0574,-31.3085],[-64.0574,-31.4193],[-64.0428,-31.4341],[-64.0253,-31.4284],[-64.0023,-31.447],[-63.9845,-31.4443],[-63.975,-31.4521],[-63.9597,-31.4419],[-63.9589,-31.442],[-63.9521,-31.4397],[-63.9526,-31.425],[-63.9532,-31.3657],[-63.9667,-31.3757],[-63.9641,-31.3495],[-63.9753,-31.3521],[-63.9753,-31.3456],[-63.9647,-31.3443],[-63.9648,-31.3207],[-63.9507,-31.3207],[-63.9509,-31.2739],[-63.9222,-31.2741],[-63.9225,-31.2459],[-63.8951,-31.2457],[-63.8952,-31.2311],[-63.8661,-31.2261],[-63.8644,-31.1119],[-63.8445,-31.112],[-63.831,-31.0934],[-63.8395,-31.0697],[-63.8232,-31.0734],[-63.8231,-31.0181]]]}},
{"type":"Feature","properties":{"name":"Cruz del Eje","georefId":"14028","provinciaGeorefId":"14","tipo":"Departamento"},"geometry":{"type":"Polygon","coordinates":[[[-64.6243,-30.6901],[-64.7147,-30.6899],[-64.7149,-30.6341],[-64.8753,-30.6342],[-65.0335,-30.4751],[-65.0592,-30.4302],[-65.0653,-30.4187],[-65.0019,-30.4185],[-65.0041,-30.2261],[-64.9894,-30.0151],[-64.986,-29.8911],[-65.1583,-30.0473],[-65.423,-30.1196],[-65.4925,-30.3718],[-65.5252,-30.4908],[-65.5991,-30.6567],[-65.3735,-30.6932],[-65.3734,-30.704],[-65.347,-30.7378],[-65.3482,-30.8463],[-65.335,-30.8825],[-65.2547,-30.884],[-65.1828,-30.8705],[-65.1581,-30.8743],[-65.1523,-30.9468],[-65.138,-30.965],[-65.1379,-30.9652],[-65.1096,-31.0015],[-65.1195,-31.0214],[-65.0943,-31.0572],[-64.9853,-31.1354],[-64.9851,-31.1355],[-64.9402,-31.167],[-64.9209,-31.2115],[-64.9058,-31.2206],[-64.8994,-31.2769],[-64.906,-31.3108],[-64.8998,-31.346],[-64.9133,-31.3777],[-64.9095,-31.3993],[-64.9233,-31.4124],[-64.8316,-31.409],[-64.8317,-31.4179],[-64.8152,-31.4181],[-64.8141,-31.4182],[-64.793,-31.4247],[-64.7609,-31.4263],[-64.7611,-31.4171],[-64.8014,-31.416],[-64.8065,-31.4039],[-64.791,-31.4038],[-64.7786,-31.3799],[-64.7564,-31.3742],[-64.7535,-31.3663],[-64.7508,-31.3708],[-64.7281,-31.305],[-64.7234,-31.2942],[-64.7005,-31.2776],[-64.7112,-31.2619],[-64.7075,-31.2352],[-64.6963,-31.224],[-64.7041,-31.1788],[-64.6775,-31.1373],[-64.6711,-31.1077],[-64.679,-31.0949],[-64.6733,-31.0883],[-64.6774,-31.0715],[-64.6427,-31.0452],[-64.6404,-31.0252],[-64.648,-31.0104],[-64.6604,-31.0089],[-64.6804,-31.0229],[-64.6874,-31.0178],[-64.6734,-30.9897],[-64.6761,-30.9719],[-64.6817,-30.9594],[-64.6963,-30.96],[-64.6999,-30.9494],[-64.6909,-30.9426],[-64.6746,-30.9436],[-64.6745,-30.9219],[-64.6482,-30.9222],[-64.6541,-30.891],[-64.6421,-30.8873],[-64.6447,-30.8562],[-64.6649,-30.8466],[-64.671,-30.8288],[-64.6197,-30.7712],[-64.6243,-30.6901]]]}},
{"type":"Feature","properties":{"name":"General Roca","georefId":"14035","provinciaGeorefId":"14","tipo":"Departamento"},"geometry":{"type":"Polygon","coordinates":[[[-64.2085,-34.2391],[-64.2515,-34.2376],[-64.2542,-34.2272],[-64.2779,-34.231],[-64.2943,-34.2139],[-64.3176,-34.2263],[-64.3417,-34.213],[-64.3878,-34.2167],[-64.3984,-34.2067],[-64.4105,-34.2223],[-64.4252,-34.2056],[-64.4668,-34.2106],[-64.4727,-34.1972],[-64.5088,-34.1932],[-64.5208,-34.1821],[-64.5477,-34.1914],[-64.5555,-34.1781],[-64.5659,-34.1835],[-64.5783,-34.1708],[-64.6135,-34.1659],[-64.6218,-34.1703],[-64.6233,-34.1607],[-64.6339,-34.1655],[-64.6534,-34.1548],[-64.6449,-34.1424],[-64.6872,-34.1157],[-64.7059,-34.128],[-64.7117,-34.1125],[-64.7338,-34.1088],[-64.7425,-34.0959],[-64.7595,-34.0932],[-64.7598,-34.0839],[-64.7872,-34.0941],[-64.7915,-34.0834],[-64.8058,-34.084],[-64.8144,-34.0607],[-64.8183,-34.066],[-64.8222,-34.0593],[-64.8513,-34.0559],[-64.859,-34.0674],[-64.8695,-34.0518],[-64.8938,-34.0539],[-64.9126,-34.0423],[-64.9263,-34.047],[-64.9803,-34.0313],[-64.9973,-34.0374],[-65.0236,-34.0083],[-65.0614,-34.0062],[-65.0626,-33.9802],[-65.0762,-33.989],[-65.1044,-33.9714],[-65.1093,-33.9558],[-65.1059,-34.6532],[-65.1068,-35.0153],[-64.4809,-35.0115],[-64.4059,-35.0111],[-63.9393,-35.0077],[-63.9349,-35.0076],[-63.3857,-35.0022],[-63.3853,-34.5296],[-63.5024,-34.5211],[-63.5015,-34.5448],[-63.8298,-34.5454],[-63.8349,-34.3642],[-64.1622,-34.3705],[-64.1655,-34.2573],[-64.2085,-34.2391]]]}},
{"type":"Feature","properties":{"name":"General San Martín","georefId":"14042","provinciaGeorefId":"14","tipo":"Departamento"},"geometry":{"type":"Polygon","coordinates":[[[-62.8512,-32.0605],[-62.929,-32.0463],[-62.9541,-32.0481],[-62.9512,-32.0364],[-63.0062,-32.0366],[-63.0063,-32.0215],[-63.097,-32.0055],[-63.1159,-32.0009],[-63.1859,-32.096],[-63.2013,-32.0483],[-63.2989,-32.0683],[-63.3198,-32.08],[-63.34,-32.0783],[-63.3587,-32.0879],[-63.4073,-32.0844],[-63.4255,-32.0994],[-63.4477,-32.1037],[-63.3712,-32.191],[-63.4593,-32.2474],[-63.5162,-32.2224],[-63.5258,-32.2582],[-63.5428,-32.2619],[-63.5724,-32.3788],[-63.4989,-32.3929],[-63.5814,-32.7031],[-63.5603,-32.7071],[-63.5768,-32.7694],[-63.5502,-32.8227],[-63.5131,-32.8293],[-63.5245,-32.8721],[-63.4208,-32.9098],[-63.4048,-32.8501],[-63.3454,-32.8613],[-63.393,-33.0458],[-63.4587,-33.0332],[-63.4813,-33.1189],[-63.3395,-33.1454],[-63.3378,-33.1394],[-63.3166,-33.1433],[-63.3003,-33.0814],[-63.191,-33.1006],[-63.1802,-33.1025],[-63.1318,-32.9191],[-63.1098,-32.9232],[-63.0906,-32.8502],[-63.0559,-32.857],[-63.0548,-32.8197],[-63.1033,-32.811],[-63.0588,-32.6328],[-63.1181,-32.6161],[-63.1011,-32.548],[-63.081,-32.5259],[-63.0898,-32.5129],[-63.1466,-32.5061],[-63.1634,-32.4723],[-63.1265,-32.4223],[-63.0977,-32.4383],[-63.0924,-32.4179],[-63.0664,-32.4266],[-63.0578,-32.3932],[-63.0676,-32.3958],[-63.0666,-32.384],[-63.0535,-32.3764],[-63.0204,-32.382],[-63.0174,-32.3703],[-62.9274,-32.3915],[-62.8615,-32.1606],[-62.8781,-32.1572],[-62.8512,-32.0605]]]}},
{"type":"Feature","properties":{"name":"Ischilín","georefId":"14049","provinciaGeorefId":"14","tipo":"Departamento"},"geometry":{"type":"Polygon","coordinates":[[[-64.2983,-30.4637],[-64.2837,-30.3888],[-64.3748,-30.3786],[-64.3854,-30.3627],[-64.3863,-30.3403],[-64.3789,-30.2906],[-64.3678,-30.2908],[-64.3565,-30.1974],[-64.2832,-30.2019],[-64.2699,-30.116],[-64.2987,-30.1141],[-64.2961,-30.0863],[-64.9894,-30.0151],[-65.0041,-30.2261],[-65.0019,-30.4185],[-65.0653,-30.4187],[-65.0592,-30.4302],[-65.0335,-30.4751],[-64.8753,-30.6342],[-64.7149,-30.6341],[-64.7147,-30.6899],[-64.6243,-30.6901],[-64.5447,-30.6906],[-64.5442,-30.7038],[-64.5148,-30.703],[-64.514,-30.7715],[-64.4254,-30.7776],[-64.4287,-30.7732],[-64.4122,-30.7722],[-64.379,-30.7854],[-64.3503,-30.7879],[-64.3367,-30.8015],[-64.3265,-30.7982],[-64.3279,-30.8026],[-64.297,-30.8086],[-64.2753,-30.8039],[-64.262,-30.8128],[-64.2388,-30.8092],[-64.234,-30.7971],[-64.2174,-30.7902],[-64.1732,-30.7954],[-64.1425,-30.7834],[-64.1015,-30.7999],[-64.1046,-30.7801],[-64.1268,-30.7662],[-64.1271,-30.7586],[-64.1135,-30.7611],[-64.1174,-30.7502],[-64.1526,-30.6876],[-64.183,-30.6531],[-64.2109,-30.5867],[-64.2147,-30.5782],[-64.2667,-30.4936],[-64.2983,-30.4637]]]}},
{"type":"Feature","properties":{"name":"Juárez Celman","georefId":"14056","provinciaGeorefId":"14","tipo":"Departamento"},"geometry":{"type":"Polygon","coordinates":[[[-63.191,-33.1006],[-63.3003,-33.0814],[-63.3166,-33.1433],[-63.3378,-33.1394],[-63.3395,-33.1454],[-63.4813,-33.1189],[-63.4587,-33.0332],[-63.393,-33.0458],[-63.3454,-32.8613],[-63.4048,-32.8501],[-63.4208,-32.9098],[-63.5245,-32.8721],[-63.5131,-32.8293],[-63.5502,-32.8227],[-63.7215,-32.7907],[-63.6999,-32.7098],[-63.9074,-32.7004],[-63.9774,-32.7377],[-63.9935,-32.7975],[-63.9963,-32.8069],[-64.0224,-32.9028],[-64.0376,-32.8997],[-64.0427,-32.9108],[-64.0368,-32.9188],[-64.0465,-32.9253],[-64.0293,-32.9305],[-64.048,-33.0019],[-64.0638,-33.0005],[-64.0752,-33.0463],[-64.042,-33.0437],[-63.9766,-33.0543],[-63.9921,-33.1113],[-64.0488,-33.1097],[-64.0479,-33.1926],[-64.0383,-33.1977],[-64.0333,-33.1871],[-64.0268,-33.1925],[-64.0228,-33.1796],[-64.0077,-33.1894],[-64.0009,-33.1847],[-63.9958,-33.1963],[-63.9709,-33.1972],[-63.9707,-33.1913],[-63.9659,-33.1979],[-63.9623,-33.191],[-63.9555,-33.2016],[-63.9514,-33.1911],[-63.9443,-33.1915],[-63.9262,-33.2007],[-63.9269,-33.207],[-63.9191,-33.1989],[-63.9064,-33.2052],[-63.9038,-33.1928],[-63.9,-33.2004],[-63.8902,-33.1995],[-63.8854,-33.6433],[-64.0392,-33.6431],[-64.0348,-33.8328],[-63.2285,-33.8306],[-63.2247,-33.8153],[-63.0817,-33.2728],[-63.2184,-33.247],[-63.2043,-33.1943],[-63.2153,-33.192],[-63.191,-33.1006]]]}},
{"type":"Feature","properties":{"name":"Marcos Juárez","georefId":"14063","provinciaGeorefId":"14","tipo":"Departamento"},"geometry":{"type":"Polygon","coordinates":[[[-62.1821,-32.0637],[-62.2825,-32.0465],[-62.3065,-32.1421],[-62.3394,-32.1368],[-62.3759,-32.2875],[-62.2947,-32.3013],[-62.2991,-32.3195],[-62.245,-32.329],[-62.266,-32.4291],[-62.3472,-32.4148],[-62.3545,-32.4446],[-62.3905,-32.4381],[-62.4563,-32.6847],[-62.4863,-32.6791],[-62.491,-32.6956],[-62.4833,-32.698],[-62.5038,-32.7822],[-62.4926,-32.7892],[-62.4874,-32.7643],[-62.4511,-32.8483],[-62.5159,-32.837],[-62.5429,-32.9467],[-62.5078,-32.9528],[-62.5306,-33.0434],[-62.6252,-33.108],[-62.5208,-33.1275],[-62.5749,-33.2115],[-62.6884,-33.2857],[-62.6033,-33.3014],[-62.6457,-33.3585],[-62.7534,-33.7835],[-62.7767,-33.7793],[-62.8052,-33.896],[-62.5443,-33.9432],[-62.1316,-33.3981],[-62.1311,-33.3976],[-62.1244,-33.3887],[-62.0634,-33.3071],[-61.9232,-33.1196],[-61.8966,-33.1125],[-61.8611,-33.0684],[-61.7949,-33.0143],[-61.7948,-33.0142],[-61.7947,-33.0142],[-61.7942,-33.0141],[-61.794,-33.0142],[-61.7938,-33.0141],[-61.7876,-33.0055],[-61.791,-32.9584],[-61.7716,-32.9015],[-61.7928,-32.8732],[-61.7777,-32.8304],[-61.7858,-32.7956],[-61.8102,-32.7594],[-61.8284,-32.7545],[-61.858,-32.6946],[-61.9074,-32.6957],[-61.9466,-32.6785],[-61.9462,-32.651],[-61.8904,-32.6144],[-61.8907,-32.592],[-61.9224,-32.5932],[-61.926,-32.583],[-61.9025,-32.5686],[-61.9051,-32.5525],[-61.9231,-32.5519],[-61.9306,-32.5445],[-61.9295,-32.5364],[-61.9121,-32.5265],[-61.9207,-32.5061],[-61.9145,-32.4947],[-61.9439,-32.4391],[-61.984,-32.3938],[-62.0123,-32.3455],[-62.0394,-32.2612],[-62.1277,-32.2092],[-62.1789,-32.1594],[-62.1968,-32.1148],[-62.1821,-32.0637]]]}},
{"type":"Feature","properties":{"name":"Minas","georefId":"14070","provinciaGeorefId":"14","tipo":"Departamento"},"geometry":{"type":"Polygon","coordinates":[[[-65.138,-30.965],[-65.1523,-30.9468],[-65.1581,-30.8743],[-65.1828,-30.8705],[-65.2547,-30.884],[-65.335,-30.8825],[-65.3482,-30.8463],[-65.347,-30.7378],[-65.3734,-30.704],[-65.3735,-30.6932],[-65.5991,-30.6567],[-65.6423,-30.754],[-65.7715,-31.0442],[-65.771,-31.2614],[-64.8994,-31.2769],[-64.9058,-31.2206],[-64.9209,-31.2115],[-64.9402,-31.167],[-64.9851,-31.1355],[-64.9853,-31.1354],[-65.0943,-31.0572],[-65.1195,-31.0214],[-65.1096,-31.0015],[-65.1379,-30.9652],[-65.138,-30.965]]]}},
{"type":"Feature","properties":{"name":"Pocho","georefId":"14077","provinciaGeorefId":"14","tipo":"Departamento"},"geometry":{"type":"Polygon","coordinates":[[[-64.8994,-31.2769],[-65.771,-31.2614],[-65.7708,-31.3683],[-65.7701,-31.7434],[-65.6119,-31.7455],[-65.6156,-31.7584],[-65.5022,-31.7594],[-65.4846,-31.6911],[-65.4701,-31.691],[-65.4693,-31.6199],[-65.3993,-31.6201],[-65.3995,-31.649],[-65.2734,-31.6498],[-65.2613,-31.6737],[-65.2368,-31.6755],[-65.2355,-31.621],[-65.252,-31.6207],[-65.2507,-31.567],[-65.1771,-31.5663],[-65.177,-31.5603],[-65.1665,-31.5596],[-65.1665,-31.4908],[-65.1821,-31.4904],[-65.172,-31.4533],[-65.1335,-31.4506],[-65.1261,-31.4364],[-65.0665,-31.4135],[-64.9956,-31.4053],[-64.9863,-31.399],[-64.9233,-31.4124],[-64.9095,-31.3993],[-64.9133,-31.3777],[-64.8998,-31.346],[-64.906,-31.3108],[-64.8994,-31.2769]]]}},
{"type":"Feature","properties":{"name":"Presidente Roque Sáenz Peña","georefId":"14084","provinciaGeorefId":"14","tipo":"Departamento"},"geometry":{"type":"Polygon","coordinates":[[[-62.8052,-33.896],[-63.2247,-33.8153],[-63.2285,-33.8306],[-64.0348,-33.8328],[-64.0317,-34.1742],[-64.0767,-34.179],[-64.0883,-34.1987],[-64.1602,-34.2084],[-64.2085,-34.2391],[-64.1655,-34.2573],[-64.1622,-34.3705],[-63.8349,-34.3642],[-63.8298,-34.5454],[-63.5015,-34.5448],[-63.5024,-34.5211],[-63.3853,-34.5296],[-63.3851,-34.3858],[-62.8839,-34.3865],[-62.5443,-33.9432],[-62.8052,-33.896]]]}},
{"type":"Feature","properties":{"name":"Punilla","georefId":"14091","provinciaGeorefId":"14","tipo":"Departamento"},"geometry":{"type":"Polygon","coordinates":[[[-64.4254,-30.7776],[-64.514,-30.7715],[-64.5148,-30.703],[-64.5442,-30.7038],[-64.5447,-30.6906],[-64.6243,-30.6901],[-64.6197,-30.7712],[-64.671,-30.8288],[-64.6649,-30.8466],[-64.6447,-30.8562],[-64.6421,-30.8873],[-64.6541,-30.891],[-64.6482,-30.9222],[-64.6745,-30.9219],[-64.6746,-30.9436],[-64.6909,-30.9426],[-64.6999,-30.9494],[-64.6963,-30.96],[-64.6817,-30.9594],[-64.6761,-30.9719],[-64.6734,-30.9897],[-64.6874,-31.0178],[-64.6804,-31.0229],[-64.6604,-31.0089],[-64.648,-31.0104],[-64.6404,-31.0252],[-64.6427,-31.0452],[-64.6774,-31.0715],[-64.6733,-31.0883],[-64.679,-31.0949],[-64.6711,-31.1077],[-64.6775,-31.1373],[-64.7041,-31.1788],[-64.6963,-31.224],[-64.7075,-31.2352],[-64.7112,-31.2619],[-64.7005,-31.2776],[-64.7234,-31.2942],[-64.7281,-31.305],[-64.7508,-31.3708],[-64.7535,-31.3663],[-64.7564,-31.3742],[-64.7786,-31.3799],[-64.791,-31.4038],[-64.8065,-31.4039],[-64.8014,-31.416],[-64.7611,-31.4171],[-64.7609,-31.4263],[-64.793,-31.4247],[-64.7838,-31.5046],[-64.7514,-31.5161],[-64.7724,-31.5601],[-64.7289,-31.6737],[-64.717,-31.6734],[-64.6995,-31.6696],[-64.6907,-31.6784],[-64.6784,-31.6756],[-64.6746,-31.6899],[-64.6644,-31.6923],[-64.6488,-31.6921],[-64.6492,-31.6822],[-64.64,-31.6783],[-64.6329,-31.6947],[-64.6203,-31.6871],[-64.6099,-31.6964],[-64.6004,-31.6935],[-64.5981,-31.7096],[-64.5878,-31.6991],[-64.5831,-31.707],[-64.5716,-31.7059],[-64.5529,-31.6936],[-64.5548,-31.6876],[-64.5421,-31.6898],[-64.54,-31.6032],[-64.5519,-31.586],[-64.5492,-31.5532],[-64.5211,-31.52],[-64.5153,-31.4927],[-64.4959,-31.4688],[-64.4915,-31.4417],[-64.4784,-31.4308],[-64.48,-31.4202],[-64.448,-31.421],[-64.4456,-31.4336],[-64.4281,-31.4209],[-64.4321,-31.3733],[-64.4333,-31.3683],[-64.4332,-31.3667],[-64.4305,-31.2726],[-64.4303,-31.2717],[-64.4167,-31.2494],[-64.4147,-31.1756],[-64.4325,-31.1388],[-64.4294,-31.1257],[-64.4492,-31.0606],[-64.4296,-30.9726],[-64.4389,-30.9506],[-64.4388,-30.9138],[-64.4378,-30.8687],[-64.447,-30.8558],[-64.4472,-30.8334],[-64.4386,-30.7949],[-64.4254,-30.7776]]]}},
{"type":"Feature","properties":{"name":"Río Cuarto","georefId":"14098","provinciaGeorefId":"14","tipo":"Departamento"},"geometry":{"type":"Polygon","coordinates":[[[-63.9774,-32.7377],[-63.9734,-32.7232],[-64.044,-32.7504],[-63.9779,-32.4756],[-63.9441,-32.4587],[-63.9204,-32.3745],[-63.9886,-32.3609],[-63.9862,-32.3276],[-64.0438,-32.3245],[-64.0894,-32.3081],[-64.189,-32.3029],[-64.2459,-32.3082],[-64.2456,-32.3269],[-64.2457,-32.3901],[-64.322,-32.3764],[-64.3249,-32.3988],[-64.4261,-32.3799],[-64.4391,-32.4013],[-64.4456,-32.461],[-64.4591,-32.4816],[-64.4875,-32.4766],[-64.5268,-32.6177],[-64.539,-32.6266],[-64.576,-32.6314],[-64.5945,-32.6168],[-64.6632,-32.6321],[-64.6814,-32.6287],[-64.6844,-32.6204],[-64.7276,-32.6172],[-64.7447,-32.6059],[-64.8899,-32.5796],[-64.9215,-32.6236],[-64.9099,-32.6422],[-64.9244,-32.6587],[-64.9095,-32.6854],[-64.9482,-32.7228],[-64.9446,-32.7673],[-64.9707,-32.8051],[-64.974,-32.829],[-64.9631,-32.8633],[-64.98,-32.8852],[-64.9928,-32.9452],[-65.0139,-32.9618],[-65.0215,-32.9771],[-64.9997,-33.0027],[-65.0305,-33.0545],[-65.0481,-33.0688],[-65.0594,-33.0992],[-65.0548,-33.1156],[-65.0743,-33.1424],[-65.1008,-33.1564],[-65.1113,-33.1761],[-65.143,-33.1948],[-65.1093,-33.9558],[-65.1044,-33.9714],[-65.0762,-33.989],[-65.0626,-33.9802],[-65.0614,-34.0062],[-65.0236,-34.0083],[-64.9973,-34.0374],[-64.9803,-34.0313],[-64.9263,-34.047],[-64.9126,-34.0423],[-64.8938,-34.0539],[-64.8695,-34.0518],[-64.859,-34.0674],[-64.8513,-34.0559],[-64.8222,-34.0593],[-64.8183,-34.066],[-64.8144,-34.0607],[-64.8058,-34.084],[-64.7915,-34.0834],[-64.7872,-34.0941],[-64.7598,-34.0839],[-64.7595,-34.0932],[-64.7425,-34.0959],[-64.7338,-34.1088],[-64.7117,-34.1125],[-64.7059,-34.128],[-64.6872,-34.1157],[-64.6449,-34.1424],[-64.6534,-34.1548],[-64.6339,-34.1655],[-64.6233,-34.1607],[-64.6218,-34.1703],[-64.6135,-34.1659],[-64.5783,-34.1708],[-64.5659,-34.1835],[-64.5555,-34.1781],[-64.5477,-34.1914],[-64.5208,-34.1821],[-64.5088,-34.1932],[-64.4727,-34.1972],[-64.4668,-34.2106],[-64.4252,-34.2056],[-64.4105,-34.2223],[-64.3984,-34.2067],[-64.3878,-34.2167],[-64.3417,-34.213],[-64.3176,-34.2263],[-64.2943,-34.2139],[-64.2779,-34.231],[-64.2542,-34.2272],[-64.2515,-34.2376],[-64.2085,-34.2391],[-64.1602,-34.2084],[-64.0883,-34.1987],[-64.0767,-34.179],[-64.0317,-34.1742],[-64.0348,-33.8328],[-64.0392,-33.6431],[-63.8854,-33.6433],[-63.8902,-33.1995],[-63.9,-33.2004],[-63.9038,-33.1928],[-63.9064,-33.2052],[-63.9191,-33.1989],[-63.9269,-33.207],[-63.9262,-33.2007],[-63.9443,-33.1915],[-63.9514,-33.1911],[-63.9555,-33.2016],[-63.9623,-33.191],[-63.9659,-33.1979],[-63.9707,-33.1913],[-63.9709,-33.1972],[-63.9958,-33.1963],[-64.0009,-33.1847],[-64.0077,-33.1894],[-64.0228,-33.1796],[-64.0268,-33.1925],[-64.0333,-33.1871],[-64.0383,-33.1977],[-64.0479,-33.1926],[-64.0488,-33.1097],[-63.9921,-33.1113],[-63.9766,-33.0543],[-64.042,-33.0437],[-64.0752,-33.0463],[-64.0638,-33.0005],[-64.048,-33.0019],[-64.0293,-32.9305],[-64.0465,-32.9253],[-64.0368,-32.9188],[-64.0427,-32.9108],[-64.0376,-32.8997],[-64.0224,-32.9028],[-63.9963,-32.8069],[-63.9935,-32.7975],[-63.9774,-32.7377]]]}},
{"type":"Feature","properties":{"name":"Río Primero","georefId":"14105","provinciaGeorefId":"14","tipo":"Departamento"},"geometry":{"type":"Polygon","coordinates":[[[-63.03,-30.6953],[-63.2136,-30.6621],[-63.2075,-30.639],[-63.365,-30.6094],[-63.357,-30.5759],[-63.565,-30.534],[-63.5985,-30.6722],[-63.6118,-30.6697],[-63.6131,-30.6757],[-63.6624,-30.667],[-63.7282,-30.9344],[-63.7644,-30.9278],[-63.7643,-30.9713],[-63.8201,-30.9716],[-63.8231,-31.0181],[-63.8232,-31.0734],[-63.8395,-31.0697],[-63.831,-31.0934],[-63.8445,-31.112],[-63.8644,-31.1119],[-63.8661,-31.2261],[-63.8952,-31.2311],[-63.8951,-31.2457],[-63.9225,-31.2459],[-63.9222,-31.2741],[-63.9509,-31.2739],[-63.9507,-31.3207],[-63.9648,-31.3207],[-63.9647,-31.3443],[-63.9753,-31.3456],[-63.9753,-31.3521],[-63.9641,-31.3495],[-63.9667,-31.3757],[-63.9532,-31.3657],[-63.9526,-31.425],[-63.9521,-31.4397],[-63.9519,-31.4654],[-63.952,-31.4721],[-63.9543,-31.5354],[-63.8983,-31.543],[-63.83,-31.5262],[-63.7579,-31.5248],[-63.7353,-31.5158],[-63.6909,-31.5223],[-63.6806,-31.5167],[-63.6808,-31.4929],[-63.6463,-31.4864],[-63.619,-31.4941],[-63.5722,-31.47],[-63.5579,-31.4579],[-63.558,-31.4342],[-63.5475,-31.4141],[-63.5305,-31.4137],[-63.5306,-31.4033],[-63.4895,-31.4024],[-63.4856,-31.3906],[-63.4546,-31.3842],[-63.4496,-31.3754],[-63.4145,-31.3781],[-63.3862,-31.3677],[-63.3584,-31.3676],[-63.3656,-31.3151],[-63.2631,-31.3339],[-63.2459,-31.2648],[-63.1776,-31.2834],[-63.1539,-31.1595],[-63.1312,-31.1634],[-63.1196,-31.1172],[-63.0403,-31.1315],[-63.0324,-31.098],[-63.0099,-31.0719],[-62.9552,-31.0798],[-62.9334,-30.997],[-62.9407,-30.9956],[-62.9338,-30.9675],[-62.8341,-30.9325],[-62.8152,-30.8507],[-62.8293,-30.8416],[-62.8308,-30.8265],[-62.8438,-30.8208],[-62.8423,-30.805],[-62.8859,-30.7989],[-62.9058,-30.7858],[-62.9101,-30.7685],[-62.9294,-30.7522],[-62.9225,-30.7498],[-62.9285,-30.745],[-62.922,-30.7306],[-62.9324,-30.7199],[-62.9537,-30.7161],[-62.9576,-30.7209],[-62.9713,-30.7072],[-62.9794,-30.7165],[-62.995,-30.7167],[-63.0054,-30.7084],[-63.0136,-30.7138],[-63.0141,-30.7051],[-63.0262,-30.7033],[-63.0404,-30.7129],[-63.03,-30.6953]]]}},
{"type":"Feature","properties":{"name":"Río Seco","georefId":"14112","provinciaGeorefId":"14","tipo":"Departamento"},"geometry":{"type":"Polygon","coordinates":[[[-63.2705,-29.7792],[-63.4596,-29.7569],[-63.4597,-29.7255],[-63.4805,-29.7255],[-63.4654,-29.6645],[-63.53,-29.6577],[-63.5687,-29.6643],[-63.6279,-29.655],[-63.6316,-29.6605],[-63.6386,-29.656],[-63.6406,-29.6628],[-63.719,-29.6662],[-63.7484,-29.6533],[-63.7792,-29.6393],[-63.7915,-29.6625],[-63.7922,-29.7043],[-63.7654,-29.7061],[-63.7913,-29.795],[-63.806,-29.794],[-63.8185,-29.8421],[-63.8364,-29.8649],[-63.835,-29.8769],[-63.8594,-29.8831],[-63.8857,-29.9087],[-63.8874,-29.9565],[-63.9365,-30.0187],[-63.9381,-30.0211],[-63.9455,-30.0353],[-63.9362,-30.0644],[-63.9356,-30.0743],[-63.9376,-30.0835],[-63.9304,-30.0987],[-63.9252,-30.0938],[-63.91,-30.0935],[-63.904,-30.1016],[-63.8869,-30.0972],[-63.8859,-30.1076],[-63.8585,-30.1247],[-63.7709,-30.1366],[-63.7462,-30.1405],[-63.4937,-30.1887],[-63.4925,-30.2722],[-63.381,-30.2704],[-63.3809,-30.3215],[-63.3485,-30.3237],[-63.3254,-30.2304],[-62.527,-30.3785],[-62.5505,-30.4701],[-62.3251,-30.5116],[-62.3214,-30.3679],[-62.1576,-30.3962],[-62.1738,-30.3453],[-62.5201,-30.3419],[-62.5345,-30.312],[-62.5936,-30.2596],[-62.5902,-30.2286],[-62.599,-30.217],[-62.6013,-30.1909],[-62.5926,-30.1815],[-62.5968,-30.1657],[-62.5677,-30.1231],[-62.5565,-30.0628],[-62.5825,-30.0642],[-62.6085,-30.0565],[-62.6554,-30.0553],[-62.6638,-30.0487],[-62.6747,-30.0352],[-62.655,-30.0073],[-62.6638,-29.9983],[-62.6912,-29.9958],[-62.6995,-29.9888],[-62.7239,-29.9908],[-62.7536,-29.9664],[-62.7919,-29.96],[-62.7858,-29.94],[-62.7989,-29.9239],[-62.7996,-29.9088],[-62.8203,-29.9039],[-62.825,-29.8759],[-62.8366,-29.8735],[-62.8385,-29.8659],[-62.8292,-29.8416],[-62.8063,-29.8338],[-63.2705,-29.7792]]]}},
{"type":"Feature","properties":{"name":"Río Segundo","georefId":"14119","provinciaGeorefId":"14","tipo":"Departamento"},"geometry":{"type":"Polygon","coordinates":[[[-63.2587,-31.4156],[-63.2631,-31.3339],[-63.3656,-31.3151],[-63.3584,-31.3676],[-63.3862,-31.3677],[-63.4145,-31.3781],[-63.4496,-31.3754],[-63.4546,-31.3842],[-63.4856,-31.3906],[-63.4895,-31.4024],[-63.5306,-31.4033],[-63.5305,-31.4137],[-63.5475,-31.4141],[-63.558,-31.4342],[-63.5579,-31.4579],[-63.5722,-31.47],[-63.619,-31.4941],[-63.6463,-31.4864],[-63.6808,-31.4929],[-63.6806,-31.5167],[-63.6909,-31.5223],[-63.7353,-31.5158],[-63.7579,-31.5248],[-63.83,-31.5262],[-63.8983,-31.543],[-63.9543,-31.5354],[-63.9341,-31.5582],[-64.0166,-31.6204],[-63.9853,-31.6511],[-64.0146,-31.656],[-64.0291,-31.6775],[-64.0273,-31.7687],[-64.0106,-31.75],[-63.9821,-31.7461],[-63.9478,-31.7529],[-63.9469,-31.8744],[-63.9181,-31.8746],[-63.919,-31.987],[-63.6998,-31.9884],[-63.6997,-32.0355],[-63.6779,-32.0351],[-63.6776,-31.9991],[-63.6589,-32.0208],[-63.57,-31.9642],[-63.555,-31.9814],[-63.5424,-31.9816],[-63.5078,-31.9819],[-63.4244,-31.984],[-63.4217,-31.9742],[-63.3962,-31.9707],[-63.4,-31.9821],[-63.3704,-31.978],[-63.3675,-31.9665],[-63.3481,-31.9638],[-63.3425,-31.9418],[-63.3133,-31.9335],[-63.2791,-31.9358],[-63.2714,-31.9361],[-63.2444,-31.9248],[-63.2116,-32.0107],[-63.1826,-32.0016],[-63.1256,-31.9474],[-63.1115,-31.9589],[-63.0835,-31.9522],[-63.097,-32.0055],[-63.0063,-32.0215],[-63.0062,-32.0366],[-62.9512,-32.0364],[-62.9541,-32.0481],[-62.929,-32.0463],[-62.8512,-32.0605],[-62.8386,-32.0113],[-62.8693,-32.0057],[-62.8695,-32.013],[-62.881,-32.0128],[-62.8818,-31.9661],[-62.8999,-31.966],[-62.9259,-31.9311],[-62.9384,-31.9198],[-62.9494,-31.9197],[-62.9496,-31.8674],[-62.9639,-31.8675],[-62.9686,-31.8361],[-62.9825,-31.8336],[-62.9829,-31.7989],[-63.0097,-31.8],[-63.0147,-31.7349],[-63.0147,-31.7234],[-63.0355,-31.7234],[-63.0354,-31.6924],[-63.0524,-31.6925],[-63.053,-31.6658],[-63.1117,-31.6653],[-63.1114,-31.6228],[-63.1527,-31.623],[-63.1498,-31.6112],[-63.1601,-31.6162],[-63.1534,-31.5886],[-63.1673,-31.5774],[-63.1638,-31.5635],[-63.1842,-31.5633],[-63.1872,-31.5471],[-63.2066,-31.5526],[-63.1862,-31.4693],[-63.2042,-31.4649],[-63.2045,-31.459],[-63.218,-31.4694],[-63.2453,-31.4716],[-63.2598,-31.4647],[-63.259,-31.4487],[-63.2587,-31.4156]]]}},
{"type":"Feature","properties":{"name":"San Alberto","georefId":"14126","provinciaGeorefId":"14","tipo":"Departamento"},"geometry":{"type":"Polygon","coordinates":[[[-64.9233,-31.4124],[-64.9863,-31.399],[-64.9956,-31.4053],[-65.0665,-31.4135],[-65.1261,-31.4364],[-65.1335,-31.4506],[-65.172,-31.4533],[-65.1821,-31.4904],[-65.1665,-31.4908],[-65.1665,-31.5596],[-65.177,-31.5603],[-65.1771,-31.5663],[-65.2507,-31.567],[-65.252,-31.6207],[-65.2355,-31.621],[-65.2368,-31.6755],[-65.2613,-31.6737],[-65.2734,-31.6498],[-65.3995,-31.649],[-65.3993,-31.6201],[-65.4693,-31.6199],[-65.4701,-31.691],[-65.4846,-31.6911],[-65.5022,-31.7594],[-65.6156,-31.7584],[-65.6119,-31.7455],[-65.7701,-31.7434],[-65.7698,-31.8886],[-65.628,-31.8986],[-65.6064,-31.9085],[-65.6059,-31.8955],[-65.5505,-31.8962],[-65.5506,-31.9069],[-65.3526,-31.9042],[-65.3523,-31.9206],[-65.252,-31.9484],[-65.2104,-31.9424],[-65.2041,-31.9307],[-65.1812,-31.9401],[-65.174,-31.9258],[-65.1445,-31.9257],[-65.1143,-31.912],[-65.1057,-31.9158],[-65.1058,-31.9078],[-65.0919,-31.9081],[-65.0755,-31.8875],[-65.0525,-31.8823],[-65.045,-31.872],[-65.0332,-31.8702],[-65.0187,-31.8786],[-65.019,-31.8711],[-64.9956,-31.86],[-64.9288,-31.9093],[-64.8847,-31.8467],[-64.8873,-31.8281],[-64.7835,-31.8267],[-64.7637,-31.7944],[-64.76,-31.7599],[-64.7377,-31.7435],[-64.7317,-31.7349],[-64.7275,-31.7137],[-64.7126,-31.7012],[-64.717,-31.6734],[-64.7289,-31.6737],[-64.7724,-31.5601],[-64.7514,-31.5161],[-64.7838,-31.5046],[-64.793,-31.4247],[-64.8141,-31.4182],[-64.8152,-31.4181],[-64.8317,-31.4179],[-64.8316,-31.409],[-64.9233,-31.4124]]]}},
{"type":"Feature","properties":{"name":"San Javier","georefId":"14133","provinciaGeorefId":"14","tipo":"Departamento"},"geometry":{"type":"Polygon","coordinates":[[[-64.9288,-31.9093],[-64.9956,-31.86],[-65.019,-31.8711],[-65.0187,-31.8786],[-65.0332,-31.8702],[-65.045,-31.872],[-65.0525,-31.8823],[-65.0755,-31.8875],[-65.0919,-31.9081],[-65.1058,-31.9078],[-65.1057,-31.9158],[-65.1143,-31.912],[-65.1445,-31.9257],[-65.174,-31.9258],[-65.1812,-31.9401],[-65.2041,-31.9307],[-65.2104,-31.9424],[-65.252,-31.9484],[-65.3523,-31.9206],[-65.3526,-31.9042],[-65.5506,-31.9069],[-65.5505,-31.8962],[-65.6059,-31.8955],[-65.6064,-31.9085],[-65.3163,-32.0402],[-65.3096,-32.0538],[-65.2944,-32.0576],[-65.2542,-32.0899],[-65.2458,-32.089],[-65.2351,-32.1109],[-65.2426,-32.1195],[-65.2342,-32.1301],[-65.2343,-32.1552],[-65.2249,-32.1678],[-65.2322,-32.21],[-65.2105,-32.2353],[-65.2083,-32.2492],[-65.213,-32.259],[-65.2072,-32.2616],[-65.2192,-32.2795],[-65.208,-32.3036],[-65.212,-32.3267],[-65.0568,-32.314],[-64.9972,-32.314],[-64.9772,-32.3214],[-64.9528,-32.3086],[-64.9614,-32.282],[-64.9516,-32.2375],[-64.9622,-32.2268],[-64.9495,-32.1554],[-64.9554,-32.1434],[-64.9336,-32.0477],[-64.9427,-32.0158],[-64.9288,-31.9093]]]}},
{"type":"Feature","properties":{"name":"San Justo","georefId":"14140","provinciaGeorefId":"14","tipo":"Departamento"},"geometry":{"type":"Polygon","coordinates":[[[-61.8422,-30.7443],[-62.1307,-30.4804],[-62.1576,-30.3962],[-62.3214,-30.3679],[-62.3251,-30.5116],[-62.3285,-30.5772],[-62.3353,-30.5798],[-62.3736,-30.5646],[-62.4286,-30.5545],[-62.4447,-30.5686],[-62.5143,-30.5641],[-62.554,-30.548],[-62.5575,-30.5438],[-62.5451,-30.5442],[-62.5565,-30.5258],[-62.592,-30.5337],[-62.6292,-30.5326],[-62.6464,-30.5143],[-62.6577,-30.5128],[-62.7043,-30.5488],[-62.7026,-30.559],[-62.6798,-30.5672],[-62.6853,-30.5927],[-62.7724,-30.6022],[-62.8846,-30.6353],[-62.8904,-30.6382],[-62.8767,-30.662],[-62.9123,-30.6587],[-62.9144,-30.6398],[-62.9301,-30.6555],[-62.9266,-30.665],[-62.9516,-30.6748],[-62.9373,-30.6835],[-62.9636,-30.6873],[-62.9858,-30.6773],[-62.9846,-30.6832],[-63.0113,-30.6869],[-63.0013,-30.6958],[-63.03,-30.6953],[-63.0404,-30.7129],[-63.0262,-30.7033],[-63.0141,-30.7051],[-63.0136,-30.7138],[-63.0054,-30.7084],[-62.995,-30.7167],[-62.9794,-30.7165],[-62.9713,-30.7072],[-62.9576,-30.7209],[-62.9537,-30.7161],[-62.9324,-30.7199],[-62.922,-30.7306],[-62.9285,-30.745],[-62.9225,-30.7498],[-62.9294,-30.7522],[-62.9101,-30.7685],[-62.9058,-30.7858],[-62.8859,-30.7989],[-62.8423,-30.805],[-62.8438,-30.8208],[-62.8308,-30.8265],[-62.8293,-30.8416],[-62.8152,-30.8507],[-62.8341,-30.9325],[-62.9338,-30.9675],[-62.9407,-30.9956],[-62.9334,-30.997],[-62.9552,-31.0798],[-63.0099,-31.0719],[-63.0324,-31.098],[-63.0403,-31.1315],[-63.1196,-31.1172],[-63.1312,-31.1634],[-63.1539,-31.1595],[-63.1776,-31.2834],[-63.2459,-31.2648],[-63.2631,-31.3339],[-63.2587,-31.4156],[-63.259,-31.4487],[-63.2598,-31.4647],[-63.2453,-31.4716],[-63.218,-31.4694],[-63.2045,-31.459],[-63.2042,-31.4649],[-63.1862,-31.4693],[-63.2066,-31.5526],[-63.1872,-31.5471],[-63.1842,-31.5633],[-63.1638,-31.5635],[-63.1673,-31.5774],[-63.1534,-31.5886],[-63.1601,-31.6162],[-63.1498,-31.6112],[-63.1527,-31.623],[-63.1114,-31.6228],[-63.1117,-31.6653],[-63.053,-31.6658],[-63.0524,-31.6925],[-63.0354,-31.6924],[-63.0355,-31.7234],[-63.0147,-31.7234],[-63.0147,-31.7349],[-63.0097,-31.8],[-62.9829,-31.7989],[-62.9825,-31.8336],[-62.9686,-31.8361],[-62.9639,-31.8675],[-62.9496,-31.8674],[-62.9494,-31.9197],[-62.9384,-31.9198],[-62.9259,-31.9311],[-62.8999,-31.966],[-62.8818,-31.9661],[-62.881,-32.0128],[-62.8695,-32.013],[-62.8693,-32.0057],[-62.8386,-32.0113],[-62.6356,-32.0472],[-62.6194,-31.9833],[-62.529,-31.9989],[-62.5208,-31.9672],[-62.3163,-32.0044],[-62.3246,-32.039],[-62.2825,-32.0465],[-62.1821,-32.0637],[-62.1678,-31.986],[-62.1889,-31.9223],[-62.2235,-31.8839],[-62.2181,-31.7406],[-62.2417,-31.6997],[-62.1397,-31.6183],[-62.1394,-31.6181],[-62.1366,-31.6159],[-62.1235,-31.6054],[-61.8448,-30.7529],[-61.8441,-30.7506],[-61.8441,-30.7504],[-61.8422,-30.7443]]]}},
{"type":"Feature","properties":{"name":"Santa María","georefId":"14147","provinciaGeorefId":"14","tipo":"Departamento"},"geometry":{"type":"Polygon","coordinates":[[[-64.3975,-31.358],[-64.4225,-31.3556],[-64.4179,-31.367],[-64.4265,-31.3615],[-64.4321,-31.3733],[-64.4281,-31.4209],[-64.4456,-31.4336],[-64.448,-31.421],[-64.48,-31.4202],[-64.4784,-31.4308],[-64.4915,-31.4417],[-64.4959,-31.4688],[-64.5153,-31.4927],[-64.5211,-31.52],[-64.5492,-31.5532],[-64.5519,-31.586],[-64.54,-31.6032],[-64.5421,-31.6898],[-64.5548,-31.6876],[-64.5529,-31.6936],[-64.5716,-31.7059],[-64.5831,-31.707],[-64.5878,-31.6991],[-64.5981,-31.7096],[-64.6004,-31.6935],[-64.6099,-31.6964],[-64.6203,-31.6871],[-64.6329,-31.6947],[-64.64,-31.6783],[-64.6492,-31.6822],[-64.6488,-31.6921],[-64.6644,-31.6923],[-64.6746,-31.6899],[-64.6784,-31.6756],[-64.6907,-31.6784],[-64.6995,-31.6696],[-64.717,-31.6734],[-64.7126,-31.7012],[-64.7275,-31.7137],[-64.7317,-31.7349],[-64.7377,-31.7435],[-64.76,-31.7599],[-64.7637,-31.7944],[-64.7835,-31.8267],[-64.8873,-31.8281],[-64.8847,-31.8467],[-64.9288,-31.9093],[-64.8949,-31.9069],[-64.8345,-31.8653],[-64.7604,-31.8666],[-64.7304,-31.8852],[-64.7304,-31.8842],[-64.7327,-31.8784],[-64.7237,-31.8841],[-64.7233,-31.8839],[-64.7129,-31.8885],[-64.7112,-31.8829],[-64.6963,-31.8876],[-64.6921,-31.8805],[-64.6887,-31.8869],[-64.6772,-31.882],[-64.6776,-31.8945],[-64.6655,-31.8892],[-64.6536,-31.8956],[-64.6504,-31.8899],[-64.6402,-31.8924],[-64.6392,-31.8846],[-64.6274,-31.8989],[-64.6176,-31.891],[-64.6085,-31.8964],[-64.6064,-31.8853],[-64.5906,-31.8861],[-64.5822,-31.8784],[-64.5781,-31.8835],[-64.561,-31.8783],[-64.5492,-31.8824],[-64.544,-31.8738],[-64.5522,-31.8708],[-64.5503,-31.8639],[-64.5427,-31.8653],[-64.5274,-31.8521],[-64.5305,-31.8332],[-64.5153,-31.8161],[-64.5035,-31.817],[-64.5016,-31.8313],[-64.4943,-31.8232],[-64.4971,-31.8344],[-64.49,-31.8399],[-64.4993,-31.8424],[-64.4848,-31.8514],[-64.4756,-31.8373],[-64.4596,-31.8525],[-64.4476,-31.847],[-64.4475,-31.8391],[-64.4369,-31.841],[-64.4355,-31.8408],[-64.4344,-31.8451],[-64.4353,-31.8456],[-64.4303,-31.8519],[-64.43,-31.8522],[-64.4265,-31.8572],[-64.4159,-31.848],[-64.4102,-31.8512],[-64.4137,-31.8434],[-64.4054,-31.8373],[-64.3848,-31.8465],[-64.378,-31.8453],[-64.3802,-31.8392],[-64.3111,-31.842],[-64.314,-31.854],[-64.2881,-31.8536],[-64.2883,-31.95],[-64.2748,-31.945],[-64.2743,-31.9127],[-64.2234,-31.9124],[-64.2257,-31.9418],[-64.2414,-32.0045],[-64.0845,-32.0047],[-64.0841,-31.9506],[-63.9738,-31.9518],[-63.9744,-31.998],[-63.9193,-32.0098],[-63.919,-31.987],[-63.9181,-31.8746],[-63.9469,-31.8744],[-63.9478,-31.7529],[-63.9821,-31.7461],[-64.0106,-31.75],[-64.0273,-31.7687],[-64.0291,-31.6775],[-64.0146,-31.656],[-63.9853,-31.6511],[-64.0166,-31.6204],[-63.9341,-31.5582],[-63.9543,-31.5354],[-63.952,-31.4721],[-63.9519,-31.4654],[-63.9521,-31.4397],[-63.9589,-31.442],[-63.9597,-31.4419],[-63.975,-31.4521],[-63.9845,-31.4443],[-64.0023,-31.447],[-64.0253,-31.4284],[-64.0428,-31.4341],[-64.0574,-31.4193],[-64.0574,-31.525],[-64.3098,-31.525],[-64.3098,-31.3633],[-64.3156,-31.3585],[-64.3511,-31.3713],[-64.3853,-31.3613],[-64.3975,-31.358]]]}},
{"type":"Feature","properties":{"name":"Sobremonte","georefId":"14154","provinciaGeorefId":"14","tipo":"Departamento"},"geometry":{"type":"Polygon","coordinates":[[[-63.7484,-29.6533],[-63.7562,-29.6216],[-63.7961,-29.6144],[-63.7838,-29.5842],[-63.8419,-29.5808],[-63.8739,-29.6308],[-63.9578,-29.6235],[-63.9808,-29.551],[-64.0823,-29.5301],[-64.2755,-29.4987],[-64.4894,-29.5281],[-64.4922,-29.8208],[-64.4052,-29.8276],[-64.4101,-29.9301],[-64.2107,-29.9781],[-64.1736,-30.063],[-64.0526,-30.0877],[-64.0446,-30.0666],[-64.0183,-30.0701],[-63.9962,-30.0628],[-63.9824,-30.0834],[-63.9625,-30.0831],[-63.9598,-30.0765],[-63.9376,-30.0835],[-63.9356,-30.0743],[-63.9362,-30.0644],[-63.9455,-30.0353],[-63.9381,-30.0211],[-63.9365,-30.0187],[-63.8874,-29.9565],[-63.8857,-29.9087],[-63.8594,-29.8831],[-63.835,-29.8769],[-63.8364,-29.8649],[-63.8185,-29.8421],[-63.806,-29.794],[-63.7913,-29.795],[-63.7654,-29.7061],[-63.7922,-29.7043],[-63.7915,-29.6625],[-63.7792,-29.6393],[-63.7484,-29.6533]]]}},
{"type":"Feature","properties":{"name":"Tercero Arriba","georefId":"14161","provinciaGeorefId":"14","tipo":"Departamento"},"geometry":{"type":"Polygon","coordinates":[[[-63.097,-32.0055],[-63.0835,-31.9522],[-63.1115,-31.9589],[-63.1256,-31.9474],[-63.1826,-32.0016],[-63.2116,-32.0107],[-63.2444,-31.9248],[-63.2714,-31.9361],[-63.2791,-31.9358],[-63.3133,-31.9335],[-63.3425,-31.9418],[-63.3481,-31.9638],[-63.3675,-31.9665],[-63.3704,-31.978],[-63.4,-31.9821],[-63.3962,-31.9707],[-63.4217,-31.9742],[-63.4244,-31.984],[-63.5078,-31.9819],[-63.5424,-31.9816],[-63.555,-31.9814],[-63.57,-31.9642],[-63.6589,-32.0208],[-63.6776,-31.9991],[-63.6779,-32.0351],[-63.6997,-32.0355],[-63.6998,-31.9884],[-63.919,-31.987],[-63.9193,-32.0098],[-63.9744,-31.998],[-63.9738,-31.9518],[-64.0841,-31.9506],[-64.0845,-32.0047],[-64.2414,-32.0045],[-64.2551,-32.0571],[-64.2743,-32.1461],[-64.2846,-32.1643],[-64.3074,-32.1811],[-64.2939,-32.2049],[-64.2937,-32.2528],[-64.2935,-32.3122],[-64.2935,-32.3182],[-64.2834,-32.3201],[-64.2813,-32.3137],[-64.2692,-32.316],[-64.2708,-32.3225],[-64.2456,-32.3269],[-64.2459,-32.3082],[-64.189,-32.3029],[-64.0894,-32.3081],[-64.0438,-32.3245],[-63.9862,-32.3276],[-63.9886,-32.3609],[-63.9204,-32.3745],[-63.9441,-32.4587],[-63.9779,-32.4756],[-64.044,-32.7504],[-63.9734,-32.7232],[-63.9774,-32.7377],[-63.9074,-32.7004],[-63.6999,-32.7098],[-63.7215,-32.7907],[-63.5502,-32.8227],[-63.5768,-32.7694],[-63.5603,-32.7071],[-63.5814,-32.7031],[-63.4989,-32.3929],[-63.5724,-32.3788],[-63.5428,-32.2619],[-63.5258,-32.2582],[-63.5162,-32.2224],[-63.4593,-32.2474],[-63.3712,-32.191],[-63.4477,-32.1037],[-63.4255,-32.0994],[-63.4073,-32.0844],[-63.3587,-32.0879],[-63.34,-32.0783],[-63.3198,-32.08],[-63.2989,-32.0683],[-63.2013,-32.0483],[-63.1859,-32.096],[-63.1159,-32.0009],[-63.097,-32.0055]]]}},
{"type":"Feature","properties":{"name":"Totoral","georefId":"14168","provinciaGeorefId":"14","tipo":"Departamento"},"geometry":{"type":"Polygon","coordinates":[[[-64.2109,-30.5867],[-64.183,-30.6531],[-64.1526,-30.6876],[-64.1174,-30.7502],[-64.1135,-30.7611],[-64.1271,-30.7586],[-64.1268,-30.7662],[-64.1046,-30.7801],[-64.1015,-30.7999],[-64.1425,-30.7834],[-64.1732,-30.7954],[-64.2174,-30.7902],[-64.234,-30.7971],[-64.2388,-30.8092],[-64.262,-30.8128],[-64.2753,-30.8039],[-64.297,-30.8086],[-64.3279,-30.8026],[-64.3265,-30.7982],[-64.3367,-30.8015],[-64.3503,-30.7879],[-64.379,-30.7854],[-64.4122,-30.7722],[-64.4287,-30.7732],[-64.4254,-30.7776],[-64.4386,-30.7949],[-64.4472,-30.8334],[-64.447,-30.8558],[-64.4378,-30.8687],[-64.4388,-30.9138],[-64.3852,-30.9173],[-64.3771,-30.909],[-64.3509,-30.9247],[-64.3442,-30.9382],[-64.3313,-30.9336],[-64.3185,-30.9398],[-64.3068,-30.9335],[-64.2821,-30.9579],[-64.257,-30.9585],[-64.2417,-30.9688],[-64.2291,-30.9675],[-64.226,-30.96],[-64.2057,-30.9607],[-64.1793,-30.9763],[-64.1717,-30.969],[-64.1606,-30.9726],[-64.1517,-30.9667],[-64.1367,-30.9745],[-64.1351,-30.9683],[-64.0868,-30.969],[-64.0394,-30.9601],[-64.0096,-30.9421],[-63.9906,-30.9437],[-63.9912,-30.9182],[-63.888,-30.953],[-63.8957,-31.0187],[-63.8231,-31.0181],[-63.8201,-30.9716],[-63.7643,-30.9713],[-63.7644,-30.9278],[-63.7282,-30.9344],[-63.6624,-30.667],[-63.6131,-30.6757],[-63.6118,-30.6697],[-63.5985,-30.6722],[-63.565,-30.534],[-63.6043,-30.5261],[-63.6155,-30.5719],[-63.7957,-30.5692],[-63.8019,-30.5616],[-63.8024,-30.5103],[-63.8455,-30.5108],[-63.8471,-30.4166],[-63.9636,-30.4149],[-63.9792,-30.4587],[-63.9942,-30.4554],[-63.9973,-30.4796],[-64.0056,-30.4832],[-64.0557,-30.4769],[-64.0833,-30.4657],[-64.1393,-30.4722],[-64.1927,-30.4644],[-64.2983,-30.4637],[-64.2667,-30.4936],[-64.2147,-30.5782],[-64.2109,-30.5867]]]}},
{"type":"Feature","properties":{"name":"Tulumba","georefId":"14175","provinciaGeorefId":"14","tipo":"Departamento"},"geometry":{"type":"Polygon","coordinates":[[[-63.9376,-30.0835],[-63.9598,-30.0765],[-63.9625,-30.0831],[-63.9824,-30.0834],[-63.9962,-30.0628],[-64.0183,-30.0701],[-64.0446,-30.0666],[-64.0526,-30.0877],[-64.1736,-30.063],[-64.2107,-29.9781],[-64.4101,-29.9301],[-64.4052,-29.8276],[-64.4922,-29.8208],[-64.4894,-29.5281],[-64.5887,-29.5418],[-64.8246,-29.5743],[-64.9641,-29.5961],[-64.9379,-29.8475],[-64.986,-29.8911],[-64.9894,-30.0151],[-64.2961,-30.0863],[-64.2987,-30.1141],[-64.2699,-30.116],[-64.2832,-30.2019],[-64.3565,-30.1974],[-64.3678,-30.2908],[-64.3789,-30.2906],[-64.3863,-30.3403],[-64.3854,-30.3627],[-64.3748,-30.3786],[-64.2837,-30.3888],[-64.2983,-30.4637],[-64.1927,-30.4644],[-64.1393,-30.4722],[-64.0833,-30.4657],[-64.0557,-30.4769],[-64.0056,-30.4832],[-63.9973,-30.4796],[-63.9942,-30.4554],[-63.9792,-30.4587],[-63.9636,-30.4149],[-63.8471,-30.4166],[-63.8455,-30.5108],[-63.8024,-30.5103],[-63.8019,-30.5616],[-63.7957,-30.5692],[-63.6155,-30.5719],[-63.6043,-30.5261],[-63.565,-30.534],[-63.357,-30.5759],[-63.365,-30.6094],[-63.2075,-30.639],[-63.2136,-30.6621],[-63.03,-30.6953],[-63.0013,-30.6958],[-63.0113,-30.6869],[-62.9846,-30.6832],[-62.9858,-30.6773],[-62.9636,-30.6873],[-62.9373,-30.6835],[-62.9516,-30.6748],[-62.9266,-30.665],[-62.9301,-30.6555],[-62.9144,-30.6398],[-62.9123,-30.6587],[-62.8767,-30.662],[-62.8904,-30.6382],[-62.8846,-30.6353],[-62.7724,-30.6022],[-62.6853,-30.5927],[-62.6798,-30.5672],[-62.7026,-30.559],[-62.7043,-30.5488],[-62.6577,-30.5128],[-62.6464,-30.5143],[-62.6292,-30.5326],[-62.592,-30.5337],[-62.5565,-30.5258],[-62.5451,-30.5442],[-62.5575,-30.5438],[-62.554,-30.548],[-62.5143,-30.5641],[-62.4447,-30.5686],[-62.4286,-30.5545],[-62.3736,-30.5646],[-62.3353,-30.5798],[-62.3285,-30.5772],[-62.3251,-30.5116],[-62.5505,-30.4701],[-62.527,-30.3785],[-63.3254,-30.2304],[-63.3485,-30.3237],[-63.3809,-30.3215],[-63.381,-30.2704],[-63.4925,-30.2722],[-63.4937,-30.1887],[-63.7462,-30.1405],[-63.7709,-30.1366],[-63.8585,-30.1247],[-63.8859,-30.1076],[-63.8869,-30.0972],[-63.904,-30.1016],[-63.91,-30.0935],[-63.9252,-30.0938],[-63.9304,-30.0987],[-63.9376,-30.0835]]]}},
{"type":"Feature","properties":{"name":"Unión","georefId":"14182","provinciaGeorefId":"14","tipo":"Departamento"},"geometry":{"type":"Polygon","coordinates":[[[-62.2825,-32.0465],[-62.3246,-32.039],[-62.3163,-32.0044],[-62.5208,-31.9672],[-62.529,-31.9989],[-62.6194,-31.9833],[-62.6356,-32.0472],[-62.8386,-32.0113],[-62.8512,-32.0605],[-62.8781,-32.1572],[-62.8615,-32.1606],[-62.9274,-32.3915],[-63.0174,-32.3703],[-63.0204,-32.382],[-63.0535,-32.3764],[-63.0666,-32.384],[-63.0676,-32.3958],[-63.0578,-32.3932],[-63.0664,-32.4266],[-63.0924,-32.4179],[-63.0977,-32.4383],[-63.1265,-32.4223],[-63.1634,-32.4723],[-63.1466,-32.5061],[-63.0898,-32.5129],[-63.081,-32.5259],[-63.1011,-32.548],[-63.1181,-32.6161],[-63.0588,-32.6328],[-63.1033,-32.811],[-63.0548,-32.8197],[-63.0559,-32.857],[-63.0906,-32.8502],[-63.1098,-32.9232],[-63.1318,-32.9191],[-63.1802,-33.1025],[-63.191,-33.1006],[-63.2153,-33.192],[-63.2043,-33.1943],[-63.2184,-33.247],[-63.0817,-33.2728],[-63.2247,-33.8153],[-62.8052,-33.896],[-62.7767,-33.7793],[-62.7534,-33.7835],[-62.6457,-33.3585],[-62.6033,-33.3014],[-62.6884,-33.2857],[-62.5749,-33.2115],[-62.5208,-33.1275],[-62.6252,-33.108],[-62.5306,-33.0434],[-62.5078,-32.9528],[-62.5429,-32.9467],[-62.5159,-32.837],[-62.4511,-32.8483],[-62.4874,-32.7643],[-62.4926,-32.7892],[-62.5038,-32.7822],[-62.4833,-32.698],[-62.491,-32.6956],[-62.4863,-32.6791],[-62.4563,-32.6847],[-62.3905,-32.4381],[-62.3545,-32.4446],[-62.3472,-32.4148],[-62.266,-32.4291],[-62.245,-32.329],[-62.2991,-32.3195],[-62.2947,-32.3013],[-62.3759,-32.2875],[-62.3394,-32.1368],[-62.3065,-32.1421],[-62.2825,-32.0465]]]}},
{"type":"Feature","properties":{"name":"Bella Vista","georefId":"18007","provinciaGeorefId":"18","tipo":"Departamento"},"geometry":{"type":"Polygon","coordinates":[[[-58.9837,-28.1934],[-58.9923,-28.1729],[-59.0089,-28.1823],[-59.0203,-28.1732],[-59.0116,-28.1874],[-59.0303,-28.1908],[-59.0442,-28.2234],[-59.0556,-28.2175],[-59.0609,-28.1954],[-59.0877,-28.2017],[-59.1095,-28.2297],[-59.1035,-28.3288],[-59.081,-28.3473],[-59.0762,-28.3653],[-59.086,-28.436],[-59.0605,-28.4629],[-59.0489,-28.4933],[-59.0577,-28.5128],[-59.0843,-28.5392],[-59.1007,-28.5801],[-59.105,-28.6339],[-59.0786,-28.6675],[-59.1181,-28.7432],[-59.1427,-28.7745],[-59.1223,-28.7688],[-59.1179,-28.7818],[-59.0385,-28.7931],[-59.0415,-28.8095],[-58.983,-28.8182],[-58.9865,-28.812],[-58.9675,-28.7804],[-58.9604,-28.784],[-58.9646,-28.7771],[-58.9521,-28.7731],[-58.9577,-28.7634],[-58.9439,-28.7639],[-58.9461,-28.7576],[-58.936,-28.7547],[-58.9433,-28.75],[-58.9279,-28.7464],[-58.9308,-28.7402],[-58.9237,-28.739],[-58.9294,-28.7349],[-58.9225,-28.7311],[-58.9325,-28.729],[-58.8572,-28.6397],[-58.8324,-28.6228],[-58.795,-28.6206],[-58.7361,-28.5879],[-58.6597,-28.5096],[-58.7141,-28.4403],[-58.6977,-28.4185],[-58.707,-28.404],[-58.7472,-28.3934],[-58.7537,-28.3839],[-58.7588,-28.3361],[-58.7657,-28.339],[-58.8137,-28.2405],[-58.8496,-28.2575],[-58.8595,-28.2803],[-58.8878,-28.2878],[-58.9049,-28.2829],[-58.952,-28.3039],[-59.0116,-28.2688],[-59.032,-28.2678],[-59.0164,-28.255],[-59.0135,-28.2236],[-59.0211,-28.2129],[-59.0081,-28.2048],[-58.9974,-28.2104],[-58.9837,-28.1934]]]}},
{"type":"Feature","properties":{"name":"Berón de Astrada","georefId":"18014","provinciaGeorefId":"18","tipo":"Departamento"},"geometry":{"type":"MultiPolygon","coordinates":[[[[-57.3895,-27.4214],[-57.439,-27.4383],[-57.5075,-27.4442],[-57.5435,-27.433],[-57.5651,-27.4128],[-57.6098,-27.3957],[-57.6499,-27.3695],[-57.673,-27.3389],[-57.697,-27.3269],[-57.7938,-27.3415],[-57.7939,-27.3424],[-57.7934,-27.3575],[-57.7842,-27.3646],[-57.742,-27.3548],[-57.754,-27.4082],[-57.828,-27.4012],[-57.8631,-27.4226],[-57.876,-27.4396],[-57.8311,-27.4856],[-57.7762,-27.5093],[-57.6987,-27.4911],[-57.687,-27.4946],[-57.6791,-27.5007],[-57.6895,-27.573],[-57.6383,-27.573],[-57.6417,-27.5969],[-57.5703,-27.6055],[-57.5841,-27.6146],[-57.5762,-27.6495],[-57.5485,-27.6511],[-57.516,-27.6136],[-57.4934,-27.6135],[-57.4662,-27.5856],[-57.4549,-27.5835],[-57.4476,-27.5579],[-57.4037,-27.5155],[-57.3877,-27.4216],[-57.3895,-27.4214]]],[[[-57.5666,-27.3851],[-57.5913,-27.3853],[-57.5838,-27.3868],[-57.5934,-27.3925],[-57.4922,-27.4387],[-57.4045,-27.418],[-57.4297,-27.4096],[-57.5025,-27.4033],[-57.5666,-27.3851]]]]}},
{"type":"Feature","properties":{"name":"Capital","georefId":"18021","provinciaGeorefId":"18","tipo":"Departamento"},"geometry":{"type":"Polygon","coordinates":[[[-58.6785,-27.4035],[-58.7079,-27.3662],[-58.7456,-27.3822],[-58.7728,-27.3782],[-58.7935,-27.3932],[-58.8086,-27.4237],[-58.8749,-27.4886],[-58.8819,-27.4997],[-58.8812,-27.5287],[-58.8714,-27.5799],[-58.8827,-27.6085],[-58.8355,-27.6466],[-58.8244,-27.6694],[-58.8237,-27.6708],[-58.8117,-27.6754],[-58.804,-27.6547],[-58.7765,-27.6599],[-58.7274,-27.6275],[-58.6949,-27.6204],[-58.6875,-27.6243],[-58.6795,-27.6128],[-58.6684,-27.6122],[-58.654,-27.5345],[-58.6468,-27.5304],[-58.6468,-27.5177],[-58.6287,-27.5104],[-58.6345,-27.488],[-58.635,-27.4877],[-58.6362,-27.4745],[-58.6528,-27.4721],[-58.6627,-27.4707],[-58.6638,-27.4755],[-58.6788,-27.4714],[-58.6725,-27.4408],[-58.6705,-27.4303],[-58.6633,-27.4224],[-58.6708,-27.4132],[-58.6785,-27.4035]]]}},
{"type":"Feature","properties":{"name":"Concepción","georefId":"18028","provinciaGeorefId":"18","tipo":"Departamento"},"geometry":{"type":"Polygon","coordinates":[[[-57.6443,-28.4197],[-57.6588,-28.4105],[-57.6293,-28.3691],[-57.6459,-28.36],[-57.641,-28.352],[-57.6806,-28.3196],[-57.6047,-28.253],[-57.67,-28.1641],[-57.6276,-28.1362],[-57.7115,-28.0367],[-57.7776,-27.9713],[-57.8273,-27.9919],[-57.9195,-28.0093],[-58.0154,-28.0318],[-58.0668,-28.0802],[-58.1333,-28.1208],[-58.3175,-28.215],[-58.346,-28.2446],[-58.3988,-28.2762],[-58.4032,-28.293],[-58.4265,-28.2974],[-58.4321,-28.3052],[-58.3119,-28.4508],[-58.4154,-28.5398],[-58.4998,-28.5902],[-58.5072,-28.6102],[-58.4904,-28.6468],[-58.5401,-28.7012],[-58.5475,-28.7299],[-58.5301,-28.7674],[-58.5086,-28.7837],[-58.4604,-28.7747],[-58.4229,-28.7406],[-58.3076,-28.8328],[-58.2995,-28.8175],[-58.3051,-28.7953],[-58.2816,-28.7693],[-58.2702,-28.771],[-58.2677,-28.7635],[-58.2454,-28.7562],[-58.2275,-28.7586],[-58.2217,-28.7461],[-58.1838,-28.7467],[-58.1862,-28.7411],[-58.1292,-28.7165],[-58.111,-28.7004],[-58.1063,-28.713],[-58.0568,-28.7101],[-58.0538,-28.7101],[-58.0141,-28.7138],[-57.9862,-28.7039],[-57.9383,-28.7034],[-57.7796,-28.6596],[-57.692,-28.6205],[-57.6123,-28.5957],[-57.657,-28.5293],[-57.6906,-28.5013],[-57.6601,-28.4863],[-57.6398,-28.4648],[-57.6363,-28.434],[-57.6443,-28.4197]]]}},
{"type":"Feature","properties":{"name":"Curuzú Cuatiá","georefId":"18035","provinciaGeorefId":"18","tipo":"Departamento"},"geometry":{"type":"Polygon","coordinates":[[[-58.4659,-29.1308],[-58.4801,-29.1265],[-58.492,-29.1054],[-58.5079,-29.0977],[-58.5232,-29.0972],[-58.5245,-29.1023],[-58.5362,-29.0945],[-58.5261,-29.0947],[-58.5329,-29.0674],[-58.5593,-29.0588],[-58.5593,-29.0466],[-58.5749,-29.0525],[-58.575,-29.0478],[-58.6001,-29.0491],[-58.6142,-29.0536],[-58.6095,-29.0617],[-58.6186,-29.0668],[-58.6442,-29.0639],[-58.6468,-29.0789],[-58.6685,-29.0826],[-58.6736,-29.1032],[-58.6902,-29.1012],[-58.696,-29.1119],[-58.6873,-29.1183],[-58.6995,-29.1191],[-58.7083,-29.1343],[-58.7178,-29.1353],[-58.7304,-29.1792],[-58.7373,-29.1885],[-58.7548,-29.1906],[-58.7634,-29.2007],[-58.7616,-29.2175],[-58.7854,-29.2307],[-58.7921,-29.2557],[-58.8026,-29.2592],[-58.7923,-29.2694],[-58.8099,-29.2797],[-58.8165,-29.3005],[-58.8287,-29.3057],[-58.8361,-29.3218],[-58.8449,-29.3193],[-58.8617,-29.33],[-58.8628,-29.3462],[-58.8437,-29.3491],[-58.8546,-29.3542],[-58.852,-29.3646],[-58.864,-29.3877],[-58.8744,-29.3911],[-58.8691,-29.4133],[-58.8842,-29.4131],[-58.8943,-29.4365],[-58.9097,-29.45],[-58.9076,-29.4652],[-58.8603,-29.4743],[-58.8736,-29.5518],[-58.8636,-29.5537],[-58.8269,-29.5595],[-58.7732,-29.5685],[-58.7303,-29.5892],[-58.7189,-29.6418],[-58.6961,-29.6293],[-58.7181,-29.7263],[-58.6824,-29.7725],[-58.7005,-29.7784],[-58.7092,-29.804],[-58.7241,-29.812],[-58.7529,-29.8607],[-58.7181,-29.8512],[-58.6946,-29.832],[-58.6879,-29.8386],[-58.6689,-29.8377],[-58.6685,-29.8382],[-58.6522,-29.8359],[-58.6377,-29.8459],[-58.6006,-29.834],[-58.5808,-29.8378],[-58.5632,-29.8658],[-58.5368,-29.8815],[-58.5275,-29.9149],[-58.5317,-29.9283],[-58.5082,-29.9637],[-58.4691,-29.9903],[-58.4453,-30.0964],[-58.4593,-30.1014],[-58.4714,-30.123],[-58.4883,-30.1254],[-58.5094,-30.1172],[-58.5384,-30.1514],[-58.5617,-30.1515],[-58.5632,-30.151],[-58.5669,-30.1519],[-58.5681,-30.1537],[-58.5709,-30.1544],[-58.5759,-30.159],[-58.5777,-30.1597],[-58.5786,-30.16],[-58.578,-30.16],[-58.5535,-30.1852],[-58.5255,-30.1894],[-58.4966,-30.2077],[-58.4621,-30.2065],[-58.4515,-30.2249],[-58.437,-30.2217],[-58.4365,-30.2299],[-58.4146,-30.235],[-58.404,-30.2498],[-58.387,-30.251],[-58.3693,-30.2647],[-58.3437,-30.2712],[-58.2856,-30.2446],[-58.2696,-30.2524],[-58.2069,-30.2886],[-58.1939,-30.3094],[-58.1919,-30.3356],[-58.1423,-30.4052],[-58.128,-30.4045],[-58.0709,-30.4306],[-58.0819,-30.3987],[-58.0753,-30.3973],[-58.0778,-30.3827],[-58.0724,-30.3719],[-58.0668,-30.3739],[-58.0676,-30.3601],[-58.048,-30.3505],[-58.0577,-30.331],[-58.0372,-30.3061],[-58.0515,-30.2899],[-58.0419,-30.275],[-58.0463,-30.2652],[-58.0329,-30.2576],[-58.0414,-30.2516],[-58.0365,-30.2331],[-58.0221,-30.2206],[-58.0305,-30.1982],[-58.0249,-30.1481],[-58.0481,-30.1405],[-58.0614,-30.1056],[-57.9921,-29.9782],[-58.0468,-29.9511],[-58.054,-29.8997],[-58.0772,-29.8914],[-58.0706,-29.859],[-58.0309,-29.8508],[-57.9923,-29.8211],[-57.972,-29.8201],[-57.9207,-29.8342],[-57.9034,-29.8496],[-57.9033,-29.8654],[-57.8814,-29.8704],[-57.8584,-29.9044],[-57.8629,-29.9129],[-57.8544,-29.9275],[-57.8436,-29.9359],[-57.8171,-29.9401],[-57.8083,-29.9537],[-57.7865,-29.9657],[-57.766,-29.9714],[-57.7506,-29.9643],[-57.7382,-29.9811],[-57.7193,-29.9862],[-57.7191,-29.9957],[-57.7067,-30.0036],[-57.708,-30.016],[-57.6921,-30.0252],[-57.6774,-30.0183],[-57.6716,-30.0059],[-57.66,-30.0094],[-57.6623,-30.0025],[-57.6578,-30.0057],[-57.6401,-29.985],[-57.6677,-29.9827],[-57.689,-29.9603],[-57.6863,-29.9461],[-57.6771,-29.9494],[-57.6786,-29.9404],[-57.7006,-29.9377],[-57.6869,-29.9182],[-57.7021,-29.9158],[-57.6876,-29.8985],[-57.7042,-29.8569],[-57.6732,-29.8582],[-57.6742,-29.8392],[-57.6846,-29.835],[-57.6464,-29.8262],[-57.6777,-29.8196],[-57.6767,-29.8013],[-57.6909,-29.7987],[-57.6811,-29.7834],[-57.6909,-29.7715],[-57.6721,-29.7607],[-57.6103,-29.7517],[-57.6178,-29.7415],[-57.6339,-29.7273],[-57.6273,-29.7257],[-57.6325,-29.7202],[-57.6474,-29.7172],[-57.6572,-29.7264],[-57.671,-29.719],[-57.6802,-29.7232],[-57.681,-29.7133],[-57.6887,-29.7123],[-57.7347,-29.7413],[-57.7559,-29.7268],[-57.7556,-29.7137],[-57.8048,-29.7094],[-57.8006,-29.7055],[-57.8211,-29.6939],[-57.8198,-29.6817],[-57.8285,-29.6818],[-57.8324,-29.6695],[-57.8729,-29.6297],[-57.8677,-29.6044],[-57.8855,-29.5864],[-57.8943,-29.5597],[-57.9031,-29.5579],[-57.898,-29.5493],[-57.9085,-29.5415],[-57.9336,-29.5426],[-57.9498,-29.535],[-57.9517,-29.5355],[-58.0142,-29.4813],[-58.059,-29.4798],[-58.061,-29.4724],[-58.0938,-29.4648],[-58.1115,-29.443],[-58.1458,-29.4419],[-58.174,-29.4212],[-58.1929,-29.4025],[-58.2161,-29.3553],[-58.2423,-29.3362],[-58.2489,-29.3144],[-58.2824,-29.275],[-58.3065,-29.2525],[-58.3369,-29.2475],[-58.3711,-29.2295],[-58.3902,-29.1882],[-58.4092,-29.1932],[-58.4421,-29.1726],[-58.4658,-29.1319],[-58.4659,-29.1308]]]}},
{"type":"Feature","properties":{"name":"Empedrado","georefId":"18042","provinciaGeorefId":"18","tipo":"Departamento"},"geometry":{"type":"Polygon","coordinates":[[[-58.3034,-27.9534],[-58.3251,-27.8996],[-58.3166,-27.8665],[-58.3298,-27.8649],[-58.3282,-27.8531],[-58.3412,-27.8517],[-58.3425,-27.8618],[-58.3966,-27.8579],[-58.3857,-27.7847],[-58.4344,-27.7824],[-58.4411,-27.7885],[-58.4665,-27.7806],[-58.4674,-27.7545],[-58.501,-27.7595],[-58.4975,-27.7282],[-58.5471,-27.7211],[-58.5437,-27.7045],[-58.601,-27.7185],[-58.5959,-27.6475],[-58.6058,-27.6302],[-58.6454,-27.6035],[-58.6684,-27.6122],[-58.6795,-27.6128],[-58.6875,-27.6243],[-58.6949,-27.6204],[-58.7274,-27.6275],[-58.7765,-27.6599],[-58.804,-27.6547],[-58.8117,-27.6754],[-58.8237,-27.6708],[-58.8225,-27.6729],[-58.8097,-27.7834],[-58.8455,-27.8916],[-58.8293,-27.9619],[-58.8577,-28.0116],[-58.8597,-28.0503],[-58.8808,-28.0668],[-58.953,-28.1371],[-58.9997,-28.1394],[-59.0624,-28.1281],[-59.0876,-28.1718],[-59.0877,-28.2017],[-59.0609,-28.1954],[-59.0556,-28.2175],[-59.0442,-28.2234],[-59.0303,-28.1908],[-59.0116,-28.1874],[-59.0203,-28.1732],[-59.0089,-28.1823],[-58.9923,-28.1729],[-58.9837,-28.1934],[-58.9552,-28.1834],[-58.9522,-28.1903],[-58.9351,-28.1909],[-58.9216,-28.1767],[-58.9014,-28.1777],[-58.8927,-28.1714],[-58.8746,-28.176],[-58.8686,-28.165],[-58.8612,-28.1649],[-58.8561,-28.1751],[-58.8357,-28.1673],[-58.8273,-28.1408],[-58.8145,-28.1294],[-58.8177,-28.1219],[-58.789,-28.1271],[-58.785,-28.1179],[-58.7561,-28.1123],[-58.7532,-28.0969],[-58.7416,-28.0948],[-58.7388,-28.0826],[-58.7239,-28.0836],[-58.7233,-28.0787],[-58.7162,-28.0901],[-58.6976,-28.0816],[-58.6848,-28.0601],[-58.6732,-28.0639],[-58.6699,-28.045],[-58.6388,-28.0391],[-58.6305,-28.0203],[-58.6148,-28.0182],[-58.5841,-27.9962],[-58.5524,-27.9946],[-58.5088,-27.976],[-58.4577,-27.9748],[-58.4415,-27.9911],[-58.3934,-27.9942],[-58.352,-27.9706],[-58.3327,-27.974],[-58.3246,-27.9616],[-58.3034,-27.9534]]]}},
{"type":"Feature","properties":{"name":"Esquina","georefId":"18049","provinciaGeorefId":"18","tipo":"Departamento"},"geometry":{"type":"Polygon","coordinates":[[[-59.1081,-30.2731],[-59.1114,-30.2565],[-59.116,-30.2332],[-59.1221,-30.2025],[-59.1233,-30.196],[-59.1259,-30.1821],[-59.1152,-30.1729],[-59.1035,-30.1783],[-59.0685,-30.1645],[-59.0612,-30.1536],[-59.0519,-30.1316],[-59.0713,-30.1233],[-59.0688,-30.0813],[-59.0654,-30.0627],[-59.0248,-29.8492],[-58.9622,-29.8582],[-58.9573,-29.8309],[-58.9085,-29.8105],[-58.8614,-29.8174],[-58.8496,-29.7542],[-58.8599,-29.752],[-58.8568,-29.7421],[-58.8763,-29.7389],[-58.8739,-29.7264],[-58.8629,-29.7277],[-58.8666,-29.7195],[-58.8545,-29.7133],[-58.8435,-29.7166],[-58.822,-29.6915],[-58.7899,-29.6806],[-58.7848,-29.6707],[-58.7429,-29.6627],[-58.7464,-29.653],[-58.7189,-29.6418],[-58.7303,-29.5892],[-58.7732,-29.5685],[-58.8269,-29.5595],[-58.8636,-29.5537],[-58.8736,-29.5518],[-58.8603,-29.4743],[-58.9076,-29.4652],[-58.928,-29.4759],[-58.9605,-29.519],[-58.9602,-29.5327],[-58.9726,-29.5311],[-59.0564,-29.5805],[-59.0779,-29.6304],[-59.0747,-29.6394],[-59.0885,-29.6466],[-59.0803,-29.6559],[-59.1443,-29.685],[-59.1345,-29.7056],[-59.1716,-29.7182],[-59.1699,-29.7328],[-59.2314,-29.7659],[-59.2493,-29.7663],[-59.2623,-29.7835],[-59.3141,-29.7858],[-59.3078,-29.8003],[-59.3335,-29.8162],[-59.3529,-29.7997],[-59.3601,-29.8136],[-59.367,-29.8117],[-59.367,-29.8186],[-59.3759,-29.8164],[-59.3825,-29.8243],[-59.3902,-29.8245],[-59.3906,-29.812],[-59.4091,-29.812],[-59.4165,-29.8243],[-59.443,-29.8321],[-59.4449,-29.8418],[-59.4741,-29.8519],[-59.4735,-29.8597],[-59.4869,-29.8658],[-59.4825,-29.8783],[-59.4992,-29.9251],[-59.498,-29.9429],[-59.5166,-29.9851],[-59.5456,-30.0166],[-59.5521,-30.0086],[-59.5695,-30.019],[-59.6161,-30.113],[-59.6313,-30.168],[-59.6259,-30.2115],[-59.6366,-30.2375],[-59.6635,-30.2567],[-59.7108,-30.2703],[-59.703,-30.3017],[-59.6668,-30.3272],[-59.6717,-30.3387],[-59.6575,-30.3528],[-59.6368,-30.3578],[-59.6322,-30.3906],[-59.6151,-30.4192],[-59.5906,-30.435],[-59.5724,-30.4084],[-59.5747,-30.371],[-59.5658,-30.3476],[-59.5568,-30.3523],[-59.5577,-30.3326],[-59.5457,-30.3399],[-59.5268,-30.3344],[-59.5149,-30.3425],[-59.4902,-30.3443],[-59.4771,-30.3347],[-59.4648,-30.337],[-59.464,-30.3243],[-59.441,-30.3295],[-59.4237,-30.3155],[-59.3785,-30.3258],[-59.3479,-30.3243],[-59.3237,-30.3542],[-59.2983,-30.3468],[-59.3006,-30.3567],[-59.2876,-30.362],[-59.2898,-30.356],[-59.2738,-30.3597],[-59.2735,-30.3524],[-59.2524,-30.3652],[-59.2297,-30.3642],[-59.2304,-30.3562],[-59.2104,-30.3471],[-59.2009,-30.3348],[-59.1922,-30.3367],[-59.1921,-30.3295],[-59.181,-30.333],[-59.1717,-30.3181],[-59.1587,-30.323],[-59.1436,-30.3171],[-59.1365,-30.3116],[-59.1366,-30.2866],[-59.1237,-30.2848],[-59.1207,-30.276],[-59.1101,-30.2799],[-59.1087,-30.2732],[-59.1082,-30.2731],[-59.1081,-30.2731]]]}},
{"type":"Feature","properties":{"name":"General Alvear","georefId":"18056","provinciaGeorefId":"18","tipo":"Departamento"},"geometry":{"type":"Polygon","coordinates":[[[-56.297,-28.8024],[-56.3065,-28.7923],[-56.2901,-28.7791],[-56.3028,-28.7767],[-56.307,-28.7834],[-56.3147,-28.7754],[-56.339,-28.7826],[-56.3811,-28.7643],[-56.4023,-28.7462],[-56.4134,-28.7467],[-56.4159,-28.7006],[-56.4517,-28.6936],[-56.3652,-28.6196],[-56.3767,-28.5888],[-56.3708,-28.5156],[-56.3999,-28.4914],[-56.4096,-28.4626],[-56.4301,-28.4414],[-56.4755,-28.4303],[-56.5054,-28.4302],[-56.5201,-28.4381],[-56.5427,-28.4325],[-56.5429,-28.4415],[-56.5582,-28.4438],[-56.5552,-28.4512],[-56.5629,-28.4516],[-56.5679,-28.4665],[-56.5801,-28.4666],[-56.5825,-28.4863],[-56.5969,-28.493],[-56.5983,-28.5127],[-56.5879,-28.5179],[-56.5962,-28.522],[-56.5877,-28.5258],[-56.5997,-28.5368],[-56.5929,-28.5376],[-56.605,-28.5427],[-56.6104,-28.5358],[-56.6128,-28.543],[-56.6243,-28.5373],[-56.6332,-28.5497],[-56.6585,-28.558],[-56.6525,-28.5678],[-56.6699,-28.5853],[-56.6586,-28.6122],[-56.6749,-28.6355],[-56.6622,-28.6409],[-56.6531,-28.6615],[-56.64,-28.6651],[-56.6511,-28.6733],[-56.6568,-28.6973],[-56.6673,-28.6936],[-56.6606,-28.6885],[-56.6718,-28.691],[-56.6764,-28.697],[-56.6683,-28.6975],[-56.6955,-28.7163],[-56.691,-28.7203],[-56.7054,-28.7281],[-56.7006,-28.734],[-56.7076,-28.7427],[-56.6868,-28.753],[-56.6894,-28.7717],[-56.703,-28.7753],[-56.6912,-28.7986],[-56.7,-28.8015],[-56.6968,-28.8194],[-56.7037,-28.8262],[-56.6916,-28.8295],[-56.6916,-28.8453],[-56.6824,-28.8409],[-56.686,-28.8784],[-56.6623,-28.8958],[-56.6717,-28.9102],[-56.654,-28.9402],[-56.6637,-28.9456],[-56.6574,-28.9493],[-56.6647,-28.9506],[-56.658,-28.958],[-56.6635,-28.9658],[-56.6399,-28.9685],[-56.6489,-28.9834],[-56.6388,-29.0048],[-56.6204,-28.9992],[-56.6094,-29.0064],[-56.6165,-29.0104],[-56.6056,-29.0315],[-56.6108,-29.0442],[-56.5946,-29.0492],[-56.5932,-29.0443],[-56.5807,-29.0675],[-56.588,-29.0695],[-56.5872,-29.0775],[-56.6004,-29.0764],[-56.6057,-29.0924],[-56.5971,-29.0954],[-56.6094,-29.099],[-56.5933,-29.1021],[-56.5785,-29.1166],[-56.5457,-29.1159],[-56.5072,-29.0925],[-56.4195,-29.079],[-56.3988,-29.0258],[-56.4155,-29.0007],[-56.4099,-28.9776],[-56.3905,-28.9551],[-56.3375,-28.9346],[-56.3019,-28.9011],[-56.297,-28.8024]]]}},
{"type":"Feature","properties":{"name":"General Paz","georefId":"18063","provinciaGeorefId":"18","tipo":"Departamento"},"geometry":{"type":"Polygon","coordinates":[[[-57.2321,-27.468],[-57.2763,-27.4323],[-57.3265,-27.4098],[-57.3877,-27.4216],[-57.4037,-27.5155],[-57.4476,-27.5579],[-57.4549,-27.5835],[-57.4662,-27.5856],[-57.4934,-27.6135],[-57.516,-27.6136],[-57.5485,-27.6511],[-57.5762,-27.6495],[-57.5841,-27.6146],[-57.5703,-27.6055],[-57.6417,-27.5969],[-57.6383,-27.573],[-57.6895,-27.573],[-57.6791,-27.5007],[-57.687,-27.4946],[-57.6987,-27.4911],[-57.7762,-27.5093],[-57.8311,-27.4856],[-57.8353,-27.5004],[-57.8925,-27.5634],[-57.9292,-27.5797],[-57.9347,-27.6031],[-57.9541,-27.6256],[-57.9941,-27.6484],[-58.0233,-27.6525],[-58.0386,-27.6624],[-58.0545,-27.6587],[-58.0691,-27.6767],[-58.0984,-27.6783],[-58.1455,-27.6971],[-58.1954,-27.7356],[-58.3037,-27.7955],[-58.2428,-27.8376],[-58.2044,-27.8399],[-58.1741,-27.8316],[-58.0998,-27.8112],[-58.0244,-27.826],[-58.0898,-27.8711],[-58.0814,-27.9053],[-58.0446,-27.8991],[-58.0429,-27.9053],[-58.0354,-27.9034],[-58.0239,-27.9535],[-57.9942,-27.9451],[-57.9898,-27.9645],[-57.9376,-27.9417],[-57.9195,-28.0093],[-57.8273,-27.9919],[-57.7776,-27.9713],[-57.7269,-27.9322],[-57.5933,-27.7664],[-57.5347,-27.7266],[-57.4986,-27.6916],[-57.4878,-27.694],[-57.4229,-27.6536],[-57.3964,-27.6235],[-57.3325,-27.5765],[-57.3197,-27.565],[-57.2277,-27.5127],[-57.2252,-27.4965],[-57.2547,-27.4748],[-57.2321,-27.468]]]}},
{"type":"Feature","properties":{"name":"Goya","georefId":"18070","provinciaGeorefId":"18","tipo":"Departamento"},"geometry":{"type":"Polygon","coordinates":[[[-58.8026,-29.2592],[-58.8023,-29.2425],[-58.8132,-29.2384],[-58.8392,-29.2424],[-58.8434,-29.2538],[-58.8578,-29.2554],[-58.8665,-29.2479],[-58.8576,-29.2429],[-58.865,-29.2416],[-58.869,-29.2225],[-58.8572,-29.2136],[-58.858,-29.1973],[-58.8427,-29.1815],[-58.8463,-29.1735],[-58.8304,-29.1739],[-58.8172,-29.1483],[-58.7949,-29.133],[-58.797,-29.1226],[-58.788,-29.1123],[-58.9426,-29.0714],[-58.9477,-29.0798],[-59.0189,-29.065],[-59.0265,-29.09],[-59.1172,-29.0825],[-59.118,-29.0661],[-59.1376,-29.0793],[-59.1454,-29.0506],[-59.164,-29.0663],[-59.1837,-29.0602],[-59.1932,-29.0901],[-59.2072,-29.0947],[-59.2124,-29.0787],[-59.2344,-29.0714],[-59.2753,-29.0996],[-59.3468,-29.1144],[-59.3968,-29.1905],[-59.4078,-29.2214],[-59.4423,-29.2235],[-59.4902,-29.2381],[-59.5087,-29.2508],[-59.5198,-29.3432],[-59.5611,-29.3703],[-59.594,-29.3825],[-59.6043,-29.3947],[-59.6052,-29.4088],[-59.5824,-29.45],[-59.5809,-29.4742],[-59.5811,-29.4756],[-59.5811,-29.4765],[-59.5902,-29.5698],[-59.5999,-29.5836],[-59.614,-29.6688],[-59.6106,-29.7266],[-59.6175,-29.7758],[-59.6599,-29.8372],[-59.6556,-29.8534],[-59.6197,-29.8786],[-59.6047,-29.9027],[-59.5889,-29.9763],[-59.5664,-30.0043],[-59.5695,-30.019],[-59.5521,-30.0086],[-59.5456,-30.0166],[-59.5166,-29.9851],[-59.498,-29.9429],[-59.4992,-29.9251],[-59.4825,-29.8783],[-59.4869,-29.8658],[-59.4735,-29.8597],[-59.4741,-29.8519],[-59.4449,-29.8418],[-59.443,-29.8321],[-59.4165,-29.8243],[-59.4091,-29.812],[-59.3906,-29.812],[-59.3902,-29.8245],[-59.3825,-29.8243],[-59.3759,-29.8164],[-59.367,-29.8186],[-59.367,-29.8117],[-59.3601,-29.8136],[-59.3529,-29.7997],[-59.3335,-29.8162],[-59.3078,-29.8003],[-59.3141,-29.7858],[-59.2623,-29.7835],[-59.2493,-29.7663],[-59.2314,-29.7659],[-59.1699,-29.7328],[-59.1716,-29.7182],[-59.1345,-29.7056],[-59.1443,-29.685],[-59.0803,-29.6559],[-59.0885,-29.6466],[-59.0747,-29.6394],[-59.0779,-29.6304],[-59.0564,-29.5805],[-58.9726,-29.5311],[-58.9602,-29.5327],[-58.9605,-29.519],[-58.928,-29.4759],[-58.9076,-29.4652],[-58.9097,-29.45],[-58.8943,-29.4365],[-58.8842,-29.4131],[-58.8691,-29.4133],[-58.8744,-29.3911],[-58.864,-29.3877],[-58.852,-29.3646],[-58.8546,-29.3542],[-58.8437,-29.3491],[-58.8628,-29.3462],[-58.8617,-29.33],[-58.8449,-29.3193],[-58.8361,-29.3218],[-58.8287,-29.3057],[-58.8165,-29.3005],[-58.8099,-29.2797],[-58.7923,-29.2694],[-58.8026,-29.2592]]]}},
{"type":"Feature","properties":{"name":"Itatí","georefId":"18077","provinciaGeorefId":"18","tipo":"Departamento"},"geometry":{"type":"MultiPolygon","coordinates":[[[[-57.7938,-27.3415],[-57.8241,-27.3305],[-57.8589,-27.281],[-57.897,-27.267],[-57.9323,-27.2641],[-57.971,-27.275],[-58.0099,-27.2594],[-58.0341,-27.2593],[-58.0672,-27.2619],[-58.0922,-27.2757],[-58.1913,-27.2808],[-58.2467,-27.2615],[-58.296,-27.2762],[-58.3607,-27.2834],[-58.3032,-27.3601],[-58.3233,-27.36],[-58.3353,-27.4146],[-58.2476,-27.4405],[-58.2424,-27.4414],[-58.2005,-27.4409],[-58.1323,-27.404],[-58.0301,-27.4002],[-57.9775,-27.4035],[-57.876,-27.4396],[-57.8631,-27.4226],[-57.828,-27.4012],[-57.754,-27.4082],[-57.742,-27.3548],[-57.7842,-27.3646],[-57.7934,-27.3575],[-57.7939,-27.3424],[-57.7938,-27.3415]],[[-57.9033,-27.2738],[-57.8624,-27.2944],[-57.8935,-27.2862],[-57.8942,-27.2802],[-57.8982,-27.2775],[-57.9129,-27.2766],[-57.9033,-27.2738]],[[-57.9067,-27.2906],[-57.9166,-27.2929],[-57.9109,-27.2845],[-57.9184,-27.2825],[-57.8956,-27.2795],[-57.8959,-27.2881],[-57.9067,-27.2906]],[[-57.9529,-27.276],[-57.9239,-27.2752],[-57.9449,-27.2862],[-57.9394,-27.2773],[-57.9593,-27.2779],[-57.9529,-27.276]]],[[[-57.8259,-27.3026],[-57.8195,-27.3187],[-57.7689,-27.3211],[-57.8259,-27.3026]]],[[[-57.7525,-27.3202],[-57.7981,-27.325],[-57.7415,-27.3233],[-57.7525,-27.3202]]],[[[-58.223,-27.2562],[-58.1705,-27.2692],[-58.1831,-27.2614],[-58.223,-27.2562]]],[[[-58.3036,-27.2625],[-58.3216,-27.2626],[-58.3356,-27.2734],[-58.3178,-27.2725],[-58.3036,-27.2625]]],[[[-58.1502,-27.258],[-58.178,-27.2593],[-58.1386,-27.2655],[-58.1502,-27.258]]],[[[-57.8215,-27.3183],[-57.8388,-27.2978],[-57.8373,-27.3073],[-57.8215,-27.3183]]]]}},
{"type":"Feature","properties":{"name":"Ituzaingó","georefId":"18084","provinciaGeorefId":"18","tipo":"Departamento"},"geometry":{"type":"MultiPolygon","coordinates":[[[[-56.0243,-27.3243],[-56.041,-27.3108],[-56.0616,-27.3062],[-56.1203,-27.3177],[-56.1759,-27.3436],[-56.2111,-27.3827],[-56.2319,-27.3885],[-56.2376,-27.4024],[-56.2842,-27.4085],[-56.295,-27.423],[-56.2841,-27.4598],[-56.2937,-27.4941],[-56.3196,-27.5177],[-56.3384,-27.524],[-56.3562,-27.5859],[-56.3888,-27.606],[-56.4244,-27.6029],[-56.4372,-27.5869],[-56.487,-27.5637],[-56.5567,-27.4568],[-56.5846,-27.4478],[-56.6035,-27.4314],[-56.6496,-27.4608],[-56.6781,-27.4635],[-56.691,-27.4543],[-56.7188,-27.4646],[-56.7171,-27.4969],[-56.6982,-27.5298],[-56.6771,-27.5487],[-56.6774,-27.56],[-56.686,-27.5769],[-56.7374,-27.6037],[-56.7941,-27.5869],[-56.8292,-27.6054],[-56.8533,-27.6052],[-56.9319,-27.5666],[-56.9524,-27.5355],[-56.9518,-27.5401],[-56.9521,-27.5414],[-56.9522,-27.5418],[-56.9526,-27.5432],[-56.945,-27.5733],[-56.9556,-27.5747],[-56.9833,-27.6044],[-57.0161,-27.6111],[-57.0446,-27.6401],[-57.0968,-27.6651],[-57.1167,-27.7062],[-57.1792,-27.7541],[-57.1947,-27.8074],[-57.2541,-27.8665],[-57.3318,-27.9133],[-57.3546,-27.9346],[-57.3817,-28.0149],[-57.4128,-28.0693],[-57.414,-28.0913],[-57.3985,-28.1238],[-57.3983,-28.1483],[-57.4284,-28.2099],[-57.4421,-28.2698],[-57.4648,-28.3008],[-57.5008,-28.3243],[-57.5104,-28.3403],[-57.5896,-28.375],[-57.6284,-28.399],[-57.6443,-28.4197],[-57.6363,-28.434],[-57.6398,-28.4648],[-57.6601,-28.4863],[-57.6906,-28.5013],[-57.657,-28.5293],[-57.6123,-28.5957],[-57.3294,-28.5737],[-57.2964,-28.5598],[-57.2156,-28.4994],[-57.0055,-28.336],[-57.0047,-28.3353],[-57.0003,-28.3312],[-56.9995,-28.3305],[-56.9715,-28.3015],[-56.8809,-28.235],[-56.8319,-28.1768],[-56.7795,-28.0807],[-56.713,-28.019],[-56.6634,-27.9527],[-56.6361,-27.8978],[-56.6224,-27.8493],[-56.4679,-27.9395],[-56.4249,-27.8794],[-56.4058,-27.8966],[-56.4009,-27.8893],[-56.3407,-27.9359],[-56.3354,-27.9109],[-56.3136,-27.8947],[-56.3215,-27.8893],[-56.3168,-27.8784],[-56.2946,-27.8775],[-56.297,-27.8823],[-56.2849,-27.8866],[-56.2732,-27.8802],[-56.2763,-27.8678],[-56.2601,-27.8619],[-56.2674,-27.8299],[-56.2565,-27.8314],[-56.2579,-27.8224],[-56.2406,-27.8183],[-56.2462,-27.7964],[-56.2402,-27.7973],[-56.2291,-27.7699],[-56.2113,-27.786],[-56.1526,-27.7986],[-56.1382,-27.8313],[-56.1059,-27.8297],[-56.0445,-27.8464],[-56.0451,-27.858],[-56.0112,-27.869],[-56.0101,-27.8867],[-55.9788,-27.909],[-55.9461,-27.9051],[-55.9389,-27.9101],[-55.9133,-27.8988],[-55.8746,-27.9566],[-55.8863,-28.021],[-55.8206,-27.95],[-55.8207,-27.9499],[-55.8141,-27.9187],[-55.8316,-27.9045],[-55.836,-27.8895],[-55.8271,-27.8546],[-55.8463,-27.8324],[-55.8372,-27.8221],[-55.836,-27.7999],[-55.8255,-27.7917],[-55.8508,-27.7584],[-55.8512,-27.7579],[-55.8889,-27.6936],[-55.9542,-27.5823],[-55.9789,-27.5402],[-56.0266,-27.5073],[-56.0372,-27.4686],[-56.0546,-27.4509],[-56.0554,-27.4207],[-56.0369,-27.4152],[-56.0432,-27.405],[-56.0289,-27.3829],[-56.0397,-27.3468],[-56.025,-27.3392],[-56.0305,-27.3303],[-56.0243,-27.3243]]],[[[-56.9148,-27.4235],[-56.9507,-27.4325],[-56.9822,-27.4503],[-56.994,-27.4663],[-57.0316,-27.4815],[-56.9701,-27.4927],[-56.9524,-27.5148],[-56.9031,-27.5374],[-56.8716,-27.5835],[-56.8404,-27.5962],[-56.8255,-27.5939],[-56.7987,-27.5735],[-56.7486,-27.5618],[-56.728,-27.5215],[-56.7294,-27.502],[-56.764,-27.5026],[-56.8308,-27.4666],[-56.8718,-27.4304],[-56.9148,-27.4235]]],[[[-56.7053,-27.5633],[-56.6997,-27.5365],[-56.7169,-27.5199],[-56.734,-27.5587],[-56.7614,-27.5775],[-56.7839,-27.5827],[-56.7342,-27.5914],[-56.7053,-27.5633]]],[[[-56.9569,-27.5161],[-56.9324,-27.5351],[-56.9196,-27.5626],[-56.876,-27.5836],[-56.8941,-27.5517],[-56.9569,-27.5161]]],[[[-56.6996,-27.5782],[-56.6861,-27.5609],[-56.6933,-27.5451],[-56.7067,-27.5808],[-56.6996,-27.5782]]],[[[-56.3571,-27.5179],[-56.3674,-27.5204],[-56.3712,-27.5385],[-56.3571,-27.5179]]]]}},
{"type":"Feature","properties":{"name":"Lavalle","georefId":"18091","provinciaGeorefId":"18","tipo":"Departamento"},"geometry":{"type":"Polygon","coordinates":[[[-58.983,-28.8182],[-59.0415,-28.8095],[-59.0385,-28.7931],[-59.1179,-28.7818],[-59.1223,-28.7688],[-59.1427,-28.7745],[-59.1605,-28.7948],[-59.1581,-28.8774],[-59.1697,-28.9088],[-59.1952,-28.938],[-59.2095,-28.969],[-59.1997,-29.0315],[-59.2342,-29.0713],[-59.2344,-29.0714],[-59.2124,-29.0787],[-59.2072,-29.0947],[-59.1932,-29.0901],[-59.1837,-29.0602],[-59.164,-29.0663],[-59.1454,-29.0506],[-59.1376,-29.0793],[-59.118,-29.0661],[-59.1172,-29.0825],[-59.0265,-29.09],[-59.0189,-29.065],[-58.9477,-29.0798],[-58.9426,-29.0714],[-58.788,-29.1123],[-58.797,-29.1226],[-58.7949,-29.133],[-58.8172,-29.1483],[-58.8304,-29.1739],[-58.8463,-29.1735],[-58.8427,-29.1815],[-58.858,-29.1973],[-58.8572,-29.2136],[-58.869,-29.2225],[-58.865,-29.2416],[-58.8576,-29.2429],[-58.8665,-29.2479],[-58.8578,-29.2554],[-58.8434,-29.2538],[-58.8392,-29.2424],[-58.8132,-29.2384],[-58.8023,-29.2425],[-58.8026,-29.2592],[-58.7921,-29.2557],[-58.7854,-29.2307],[-58.7616,-29.2175],[-58.7634,-29.2007],[-58.7548,-29.1906],[-58.7373,-29.1885],[-58.7304,-29.1792],[-58.7178,-29.1353],[-58.7083,-29.1343],[-58.6995,-29.1191],[-58.6873,-29.1183],[-58.696,-29.1119],[-58.6902,-29.1012],[-58.6736,-29.1032],[-58.6685,-29.0826],[-58.6468,-29.0789],[-58.6442,-29.0639],[-58.6186,-29.0668],[-58.6095,-29.0617],[-58.6142,-29.0536],[-58.6001,-29.0491],[-58.601,-29.0462],[-58.6909,-28.9674],[-58.7828,-28.9069],[-58.8969,-28.841],[-58.9887,-28.8279],[-58.983,-28.8182]]]}},
{"type":"Feature","properties":{"name":"Mburucuyá","georefId":"18098","provinciaGeorefId":"18","tipo":"Departamento"},"geometry":{"type":"Polygon","coordinates":[[[-58.1638,-27.9016],[-58.1719,-27.8996],[-58.1947,-27.9012],[-58.2173,-27.9216],[-58.3034,-27.9534],[-58.3246,-27.9616],[-58.3327,-27.974],[-58.352,-27.9706],[-58.3934,-27.9942],[-58.4415,-27.9911],[-58.4341,-27.9998],[-58.4238,-28.012],[-58.4167,-28.0203],[-58.3344,-28.1184],[-58.3685,-28.1433],[-58.3175,-28.215],[-58.1333,-28.1208],[-58.0668,-28.0802],[-58.0154,-28.0318],[-57.9195,-28.0093],[-57.9376,-27.9417],[-57.9898,-27.9645],[-57.9942,-27.9451],[-58.0239,-27.9535],[-58.0354,-27.9034],[-58.0429,-27.9053],[-58.0446,-27.8991],[-58.0814,-27.9053],[-58.0898,-27.8711],[-58.0244,-27.826],[-58.0998,-27.8112],[-58.1741,-27.8316],[-58.1473,-27.8542],[-58.1621,-27.8989],[-58.1633,-27.9013],[-58.1638,-27.9016]]]}},
{"type":"Feature","properties":{"name":"Mercedes","georefId":"18105","provinciaGeorefId":"18","tipo":"Departamento"},"geometry":{"type":"Polygon","coordinates":[[[-57.436,-29.0796],[-57.4143,-29.0549],[-57.3156,-29.0098],[-57.2258,-28.9058],[-57.1787,-28.8266],[-57.1705,-28.7838],[-57.1764,-28.6982],[-57.1644,-28.6313],[-57.1799,-28.5848],[-57.1698,-28.5723],[-57.2156,-28.4994],[-57.2964,-28.5598],[-57.3294,-28.5737],[-57.6123,-28.5957],[-57.692,-28.6205],[-57.7796,-28.6596],[-57.9383,-28.7034],[-57.9862,-28.7039],[-58.0141,-28.7138],[-58.0538,-28.7101],[-58.0568,-28.7101],[-58.1063,-28.713],[-58.111,-28.7004],[-58.1292,-28.7165],[-58.1862,-28.7411],[-58.1838,-28.7467],[-58.2217,-28.7461],[-58.2275,-28.7586],[-58.2454,-28.7562],[-58.2677,-28.7635],[-58.2702,-28.771],[-58.2816,-28.7693],[-58.3051,-28.7953],[-58.2995,-28.8175],[-58.3076,-28.8328],[-58.304,-28.8372],[-58.3169,-28.843],[-58.3185,-28.8518],[-58.3378,-28.8596],[-58.3402,-28.8823],[-58.3533,-28.8808],[-58.3587,-28.8913],[-58.3775,-28.893],[-58.3797,-28.9155],[-58.3941,-28.9128],[-58.4015,-28.9272],[-58.4149,-28.9235],[-58.4205,-28.9312],[-58.4356,-28.9216],[-58.4511,-28.9217],[-58.4525,-28.93],[-58.4631,-28.9161],[-58.4792,-28.9313],[-58.4882,-28.9209],[-58.5006,-28.9233],[-58.5046,-28.9325],[-58.4978,-28.9391],[-58.509,-28.9392],[-58.5178,-28.9627],[-58.5348,-28.9681],[-58.5289,-28.974],[-58.5305,-28.9831],[-58.5378,-28.9822],[-58.5344,-28.9895],[-58.5437,-28.9894],[-58.5461,-28.9814],[-58.559,-28.9839],[-58.5657,-29.0158],[-58.5759,-29.018],[-58.5709,-29.0256],[-58.5805,-29.0218],[-58.5901,-29.0415],[-58.601,-29.0462],[-58.6001,-29.0491],[-58.575,-29.0478],[-58.5749,-29.0525],[-58.5593,-29.0466],[-58.5593,-29.0588],[-58.5329,-29.0674],[-58.5261,-29.0947],[-58.5362,-29.0945],[-58.5245,-29.1023],[-58.5232,-29.0972],[-58.5079,-29.0977],[-58.492,-29.1054],[-58.4801,-29.1265],[-58.4659,-29.1308],[-58.4658,-29.1319],[-58.4421,-29.1726],[-58.4092,-29.1932],[-58.3902,-29.1882],[-58.3711,-29.2295],[-58.3369,-29.2475],[-58.3065,-29.2525],[-58.2824,-29.275],[-58.2489,-29.3144],[-58.2423,-29.3362],[-58.2161,-29.3553],[-58.1929,-29.4025],[-58.174,-29.4212],[-58.1458,-29.4419],[-58.1115,-29.443],[-58.0938,-29.4648],[-58.061,-29.4724],[-58.059,-29.4798],[-58.0142,-29.4813],[-57.9517,-29.5355],[-57.9498,-29.535],[-57.9336,-29.5426],[-57.9085,-29.5415],[-57.898,-29.5493],[-57.9031,-29.5579],[-57.8943,-29.5597],[-57.8855,-29.5864],[-57.8677,-29.6044],[-57.8729,-29.6297],[-57.8324,-29.6695],[-57.8285,-29.6818],[-57.8198,-29.6817],[-57.8211,-29.6939],[-57.8006,-29.7055],[-57.8048,-29.7094],[-57.7556,-29.7137],[-57.7559,-29.7268],[-57.7347,-29.7413],[-57.6887,-29.7123],[-57.681,-29.7133],[-57.6802,-29.7232],[-57.671,-29.719],[-57.6572,-29.7264],[-57.6474,-29.7172],[-57.6325,-29.7202],[-57.6273,-29.7257],[-57.6339,-29.7273],[-57.6178,-29.7415],[-57.6128,-29.7439],[-57.6011,-29.7226],[-57.6066,-29.7043],[-57.5878,-29.6897],[-57.5961,-29.6821],[-57.602,-29.6851],[-57.5997,-29.6748],[-57.5813,-29.6669],[-57.5583,-29.6736],[-57.544,-29.6465],[-57.5501,-29.6442],[-57.5438,-29.6351],[-57.5491,-29.6221],[-57.5406,-29.6219],[-57.5354,-29.6113],[-57.5428,-29.6013],[-57.5356,-29.5791],[-57.508,-29.5659],[-57.5142,-29.5492],[-57.5062,-29.5423],[-57.5152,-29.5248],[-57.5058,-29.5166],[-57.5125,-29.5183],[-57.5201,-29.5036],[-57.5131,-29.4969],[-57.5224,-29.4655],[-57.5153,-29.4529],[-57.5035,-29.4498],[-57.537,-29.4389],[-57.5342,-29.4123],[-57.5221,-29.4041],[-57.5429,-29.3989],[-57.5313,-29.3902],[-57.5292,-29.3725],[-57.5372,-29.3711],[-57.5338,-29.3652],[-57.5449,-29.3533],[-57.5514,-29.3561],[-57.5667,-29.3425],[-57.5694,-29.3472],[-57.5648,-29.3328],[-57.5789,-29.3338],[-57.5825,-29.3224],[-57.5732,-29.3207],[-57.5646,-29.3075],[-57.5686,-29.2933],[-57.5391,-29.2606],[-57.537,-29.2425],[-57.5476,-29.2356],[-57.538,-29.2227],[-57.5469,-29.2125],[-57.5104,-29.177],[-57.5107,-29.1729],[-57.5109,-29.1725],[-57.5122,-29.1725],[-57.5127,-29.1728],[-57.514,-29.1731],[-57.5139,-29.1725],[-57.5022,-29.1492],[-57.4869,-29.1425],[-57.4817,-29.1464],[-57.4818,-29.1325],[-57.4585,-29.1209],[-57.449,-29.1074],[-57.4525,-29.0976],[-57.4359,-29.0801],[-57.436,-29.0796]]]}},
{"type":"Feature","properties":{"name":"Monte Caseros","georefId":"18112","provinciaGeorefId":"18","tipo":"Departamento"},"geometry":{"type":"Polygon","coordinates":[[[-57.66,-30.0094],[-57.6716,-30.0059],[-57.6774,-30.0183],[-57.6921,-30.0252],[-57.708,-30.016],[-57.7067,-30.0036],[-57.7191,-29.9957],[-57.7193,-29.9862],[-57.7382,-29.9811],[-57.7506,-29.9643],[-57.766,-29.9714],[-57.7865,-29.9657],[-57.8083,-29.9537],[-57.8171,-29.9401],[-57.8436,-29.9359],[-57.8544,-29.9275],[-57.8629,-29.9129],[-57.8584,-29.9044],[-57.8814,-29.8704],[-57.9033,-29.8654],[-57.9034,-29.8496],[-57.9207,-29.8342],[-57.972,-29.8201],[-57.9923,-29.8211],[-58.0309,-29.8508],[-58.0706,-29.859],[-58.0772,-29.8914],[-58.054,-29.8997],[-58.0468,-29.9511],[-57.9921,-29.9782],[-58.0614,-30.1056],[-58.0481,-30.1405],[-58.0249,-30.1481],[-58.0305,-30.1982],[-58.0221,-30.2206],[-58.0365,-30.2331],[-58.0414,-30.2516],[-58.0329,-30.2576],[-58.0463,-30.2652],[-58.0419,-30.275],[-58.0515,-30.2899],[-58.0372,-30.3061],[-58.0577,-30.331],[-58.048,-30.3505],[-58.0676,-30.3601],[-58.0668,-30.3739],[-58.0724,-30.3719],[-58.0778,-30.3827],[-58.0753,-30.3973],[-58.0819,-30.3987],[-58.0709,-30.4306],[-58.0779,-30.4432],[-58.0718,-30.4515],[-58.0795,-30.4551],[-58.0688,-30.4757],[-58.0738,-30.4818],[-58.0578,-30.4964],[-58.0595,-30.514],[-58.0702,-30.5244],[-58.0628,-30.5352],[-58.0691,-30.5449],[-58.053,-30.5632],[-58.0455,-30.5592],[-58.037,-30.5679],[-58.0335,-30.5977],[-57.9802,-30.6294],[-57.9851,-30.6326],[-57.9731,-30.6377],[-57.9749,-30.6473],[-57.9329,-30.6538],[-57.8948,-30.6694],[-57.851,-30.7005],[-57.8493,-30.7081],[-57.8437,-30.7217],[-57.8215,-30.7194],[-57.8103,-30.7294],[-57.8095,-30.7302],[-57.809,-30.6953],[-57.8435,-30.6593],[-57.8465,-30.6207],[-57.8873,-30.5876],[-57.8896,-30.5108],[-57.844,-30.4693],[-57.7877,-30.4427],[-57.768,-30.4185],[-57.7231,-30.4004],[-57.6429,-30.3419],[-57.6152,-30.2545],[-57.6536,-30.1961],[-57.6413,-30.1788],[-57.6282,-30.1745],[-57.6556,-30.1537],[-57.6144,-30.1635],[-57.6252,-30.1283],[-57.6233,-30.1049],[-57.6118,-30.0873],[-57.5943,-30.0894],[-57.5593,-30.074],[-57.6011,-30.0597],[-57.5897,-30.0429],[-57.5757,-30.0477],[-57.5667,-30.0422],[-57.5618,-30.0212],[-57.5768,-30.0075],[-57.6091,-30.0208],[-57.66,-30.0094]]]}},
{"type":"Feature","properties":{"name":"Paso de los Libres","georefId":"18119","provinciaGeorefId":"18","tipo":"Departamento"},"geometry":{"type":"Polygon","coordinates":[[[-56.856,-29.2781],[-56.8667,-29.2016],[-56.9195,-29.2096],[-56.9502,-29.2012],[-57.1008,-29.2572],[-57.1353,-29.2448],[-57.2809,-29.2458],[-57.3227,-29.2405],[-57.3459,-29.2281],[-57.4238,-29.2233],[-57.4513,-29.202],[-57.4529,-29.2071],[-57.4759,-29.1824],[-57.5104,-29.177],[-57.5469,-29.2125],[-57.538,-29.2227],[-57.5476,-29.2356],[-57.537,-29.2425],[-57.5391,-29.2606],[-57.5686,-29.2933],[-57.5646,-29.3075],[-57.5732,-29.3207],[-57.5825,-29.3224],[-57.5789,-29.3338],[-57.5648,-29.3328],[-57.5694,-29.3472],[-57.5667,-29.3425],[-57.5514,-29.3561],[-57.5449,-29.3533],[-57.5338,-29.3652],[-57.5372,-29.3711],[-57.5292,-29.3725],[-57.5313,-29.3902],[-57.5429,-29.3989],[-57.5221,-29.4041],[-57.5342,-29.4123],[-57.537,-29.4389],[-57.5035,-29.4498],[-57.5153,-29.4529],[-57.5224,-29.4655],[-57.5131,-29.4969],[-57.5201,-29.5036],[-57.5125,-29.5183],[-57.5058,-29.5166],[-57.5152,-29.5248],[-57.5062,-29.5423],[-57.5142,-29.5492],[-57.508,-29.5659],[-57.5356,-29.5791],[-57.5428,-29.6013],[-57.5354,-29.6113],[-57.5406,-29.6219],[-57.5491,-29.6221],[-57.5438,-29.6351],[-57.5501,-29.6442],[-57.544,-29.6465],[-57.5583,-29.6736],[-57.5813,-29.6669],[-57.5997,-29.6748],[-57.602,-29.6851],[-57.5961,-29.6821],[-57.5878,-29.6897],[-57.6066,-29.7043],[-57.6011,-29.7226],[-57.6128,-29.7439],[-57.6178,-29.7415],[-57.6103,-29.7517],[-57.6721,-29.7607],[-57.6909,-29.7715],[-57.6811,-29.7834],[-57.6909,-29.7987],[-57.6767,-29.8013],[-57.6777,-29.8196],[-57.6464,-29.8262],[-57.6846,-29.835],[-57.6742,-29.8392],[-57.6732,-29.8582],[-57.7042,-29.8569],[-57.6876,-29.8985],[-57.7021,-29.9158],[-57.6869,-29.9182],[-57.7006,-29.9377],[-57.6786,-29.9404],[-57.6771,-29.9494],[-57.6863,-29.9461],[-57.689,-29.9603],[-57.6677,-29.9827],[-57.6401,-29.985],[-57.6578,-30.0057],[-57.6623,-30.0025],[-57.66,-30.0094],[-57.6091,-30.0208],[-57.5768,-30.0075],[-57.5618,-30.0212],[-57.5667,-30.0422],[-57.5757,-30.0477],[-57.5897,-30.0429],[-57.6011,-30.0597],[-57.5593,-30.074],[-57.5943,-30.0894],[-57.6118,-30.0873],[-57.6233,-30.1049],[-57.6252,-30.1283],[-57.6144,-30.1635],[-57.6556,-30.1537],[-57.6282,-30.1745],[-57.5773,-30.1762],[-57.5456,-30.1642],[-57.4742,-30.1198],[-57.4459,-30.0716],[-57.4085,-30.032],[-57.3531,-30.0085],[-57.3368,-29.9904],[-57.3253,-29.9589],[-57.3278,-29.8833],[-57.2895,-29.8253],[-57.2299,-29.7792],[-57.1699,-29.7812],[-57.1102,-29.757],[-57.0302,-29.6918],[-57.0059,-29.6561],[-56.9682,-29.6391],[-56.9696,-29.605],[-56.8999,-29.5334],[-56.8387,-29.4982],[-56.8698,-29.4694],[-56.8683,-29.4443],[-56.8517,-29.4258],[-56.8648,-29.3944],[-56.8524,-29.3679],[-56.8622,-29.3402],[-56.8484,-29.3228],[-56.8596,-29.3099],[-56.8566,-29.2915],[-56.856,-29.2781]]]}},
{"type":"Feature","properties":{"name":"Saladas","georefId":"18126","provinciaGeorefId":"18","tipo":"Departamento"},"geometry":{"type":"Polygon","coordinates":[[[-58.4415,-27.9911],[-58.4577,-27.9748],[-58.5088,-27.976],[-58.5524,-27.9946],[-58.5841,-27.9962],[-58.6148,-28.0182],[-58.6305,-28.0203],[-58.6388,-28.0391],[-58.6699,-28.045],[-58.6732,-28.0639],[-58.6848,-28.0601],[-58.6976,-28.0816],[-58.7162,-28.0901],[-58.7233,-28.0787],[-58.7239,-28.0836],[-58.7388,-28.0826],[-58.7416,-28.0948],[-58.7532,-28.0969],[-58.7561,-28.1123],[-58.785,-28.1179],[-58.789,-28.1271],[-58.8177,-28.1219],[-58.8145,-28.1294],[-58.8273,-28.1408],[-58.8357,-28.1673],[-58.8561,-28.1751],[-58.8612,-28.1649],[-58.8686,-28.165],[-58.8746,-28.176],[-58.8927,-28.1714],[-58.9014,-28.1777],[-58.9216,-28.1767],[-58.9351,-28.1909],[-58.9522,-28.1903],[-58.9552,-28.1834],[-58.9837,-28.1934],[-58.9974,-28.2104],[-59.0081,-28.2048],[-59.0211,-28.2129],[-59.0135,-28.2236],[-59.0164,-28.255],[-59.032,-28.2678],[-59.0116,-28.2688],[-58.952,-28.3039],[-58.9049,-28.2829],[-58.8878,-28.2878],[-58.8595,-28.2803],[-58.8496,-28.2575],[-58.8137,-28.2405],[-58.7657,-28.339],[-58.7588,-28.3361],[-58.7537,-28.3839],[-58.7472,-28.3934],[-58.707,-28.404],[-58.6977,-28.4185],[-58.7141,-28.4403],[-58.6597,-28.5096],[-58.6479,-28.5045],[-58.6293,-28.4742],[-58.6006,-28.4574],[-58.5808,-28.4164],[-58.5544,-28.3947],[-58.5452,-28.3762],[-58.5105,-28.3636],[-58.491,-28.3388],[-58.4604,-28.3364],[-58.457,-28.3224],[-58.4321,-28.3052],[-58.4265,-28.2974],[-58.4032,-28.293],[-58.3988,-28.2762],[-58.346,-28.2446],[-58.3175,-28.215],[-58.3685,-28.1433],[-58.3344,-28.1184],[-58.4167,-28.0203],[-58.4238,-28.012],[-58.4341,-27.9998],[-58.4415,-27.9911]]]}},
{"type":"Feature","properties":{"name":"San Cosme","georefId":"18133","provinciaGeorefId":"18","tipo":"Departamento"},"geometry":{"type":"Polygon","coordinates":[[[-58.3607,-27.2834],[-58.3729,-27.2908],[-58.4168,-27.2901],[-58.4935,-27.2706],[-58.5157,-27.291],[-58.5497,-27.2948],[-58.5929,-27.3208],[-58.6165,-27.3186],[-58.6268,-27.3297],[-58.6279,-27.3304],[-58.6688,-27.3591],[-58.7079,-27.3662],[-58.6785,-27.4035],[-58.6708,-27.4132],[-58.6633,-27.4224],[-58.6705,-27.4303],[-58.6725,-27.4408],[-58.6788,-27.4714],[-58.6638,-27.4755],[-58.6627,-27.4707],[-58.6528,-27.4721],[-58.6362,-27.4745],[-58.635,-27.4877],[-58.6345,-27.488],[-58.6287,-27.5104],[-58.6121,-27.5091],[-58.603,-27.5202],[-58.5947,-27.5136],[-58.5821,-27.517],[-58.5479,-27.4872],[-58.5186,-27.4917],[-58.5146,-27.4839],[-58.4893,-27.475],[-58.4807,-27.4498],[-58.4914,-27.4297],[-58.4843,-27.4299],[-58.4831,-27.4216],[-58.4701,-27.4243],[-58.4558,-27.4166],[-58.4493,-27.3993],[-58.4138,-27.4089],[-58.3555,-27.3979],[-58.3353,-27.4146],[-58.3233,-27.36],[-58.3032,-27.3601],[-58.3607,-27.2834]]]}},
{"type":"Feature","properties":{"name":"San Luis del Palmar","georefId":"18140","provinciaGeorefId":"18","tipo":"Departamento"},"geometry":{"type":"Polygon","coordinates":[[[-58.3353,-27.4146],[-58.3555,-27.3979],[-58.4138,-27.4089],[-58.4493,-27.3993],[-58.4558,-27.4166],[-58.4701,-27.4243],[-58.4831,-27.4216],[-58.4843,-27.4299],[-58.4914,-27.4297],[-58.4807,-27.4498],[-58.4893,-27.475],[-58.5146,-27.4839],[-58.5186,-27.4917],[-58.5479,-27.4872],[-58.5821,-27.517],[-58.5947,-27.5136],[-58.603,-27.5202],[-58.6121,-27.5091],[-58.6287,-27.5104],[-58.6468,-27.5177],[-58.6468,-27.5304],[-58.654,-27.5345],[-58.6684,-27.6122],[-58.6454,-27.6035],[-58.6058,-27.6302],[-58.5959,-27.6475],[-58.601,-27.7185],[-58.5437,-27.7045],[-58.5471,-27.7211],[-58.4975,-27.7282],[-58.501,-27.7595],[-58.4674,-27.7545],[-58.4665,-27.7806],[-58.4411,-27.7885],[-58.4344,-27.7824],[-58.3857,-27.7847],[-58.3966,-27.8579],[-58.3425,-27.8618],[-58.3412,-27.8517],[-58.3282,-27.8531],[-58.3298,-27.8649],[-58.3166,-27.8665],[-58.3251,-27.8996],[-58.3034,-27.9534],[-58.2173,-27.9216],[-58.1947,-27.9012],[-58.1719,-27.8996],[-58.1638,-27.9016],[-58.1633,-27.9013],[-58.1621,-27.8989],[-58.1473,-27.8542],[-58.1741,-27.8316],[-58.2044,-27.8399],[-58.2428,-27.8376],[-58.3037,-27.7955],[-58.1954,-27.7356],[-58.1455,-27.6971],[-58.0984,-27.6783],[-58.0691,-27.6767],[-58.0545,-27.6587],[-58.0386,-27.6624],[-58.0233,-27.6525],[-57.9941,-27.6484],[-57.9541,-27.6256],[-57.9347,-27.6031],[-57.9292,-27.5797],[-57.8925,-27.5634],[-57.8353,-27.5004],[-57.8311,-27.4856],[-57.876,-27.4396],[-57.9775,-27.4035],[-58.0301,-27.4002],[-58.1323,-27.404],[-58.2005,-27.4409],[-58.2424,-27.4414],[-58.2476,-27.4405],[-58.3353,-27.4146]]]}},
{"type":"Feature","properties":{"name":"San Martín","georefId":"18147","provinciaGeorefId":"18","tipo":"Departamento"},"geometry":{"type":"Polygon","coordinates":[[[-57.0047,-28.3353],[-57.0055,-28.336],[-57.2156,-28.4994],[-57.1698,-28.5723],[-57.1799,-28.5848],[-57.1644,-28.6313],[-57.1764,-28.6982],[-57.1705,-28.7838],[-57.1787,-28.8266],[-57.2258,-28.9058],[-57.3156,-29.0098],[-57.4143,-29.0549],[-57.436,-29.0796],[-57.4359,-29.0801],[-57.4525,-29.0976],[-57.449,-29.1074],[-57.4585,-29.1209],[-57.4818,-29.1325],[-57.4817,-29.1464],[-57.4869,-29.1425],[-57.5022,-29.1492],[-57.5139,-29.1725],[-57.514,-29.1731],[-57.5127,-29.1728],[-57.5122,-29.1725],[-57.5109,-29.1725],[-57.5107,-29.1729],[-57.5104,-29.177],[-57.4759,-29.1824],[-57.4529,-29.2071],[-57.4513,-29.202],[-57.4238,-29.2233],[-57.3459,-29.2281],[-57.3227,-29.2405],[-57.2809,-29.2458],[-57.1353,-29.2448],[-57.1008,-29.2572],[-56.9502,-29.2012],[-56.9195,-29.2096],[-56.8667,-29.2016],[-56.856,-29.2781],[-56.8566,-29.2915],[-56.8596,-29.3099],[-56.8484,-29.3228],[-56.8622,-29.3402],[-56.8524,-29.3679],[-56.8648,-29.3944],[-56.8517,-29.4258],[-56.8683,-29.4443],[-56.8698,-29.4694],[-56.8387,-29.4982],[-56.8138,-29.482],[-56.8025,-29.4552],[-56.7789,-29.4364],[-56.7784,-29.409],[-56.7675,-29.3826],[-56.7522,-29.3721],[-56.7039,-29.3622],[-56.6496,-29.2724],[-56.6537,-29.2265],[-56.6454,-29.1993],[-56.6055,-29.1624],[-56.5946,-29.1294],[-56.5785,-29.1166],[-56.5933,-29.1021],[-56.6094,-29.099],[-56.5971,-29.0954],[-56.6057,-29.0924],[-56.6004,-29.0764],[-56.5872,-29.0775],[-56.588,-29.0695],[-56.5807,-29.0675],[-56.5932,-29.0443],[-56.5946,-29.0492],[-56.6108,-29.0442],[-56.6056,-29.0315],[-56.6165,-29.0104],[-56.6094,-29.0064],[-56.6204,-28.9992],[-56.6388,-29.0048],[-56.6489,-28.9834],[-56.6399,-28.9685],[-56.6635,-28.9658],[-56.658,-28.958],[-56.6647,-28.9506],[-56.6574,-28.9493],[-56.6637,-28.9456],[-56.654,-28.9402],[-56.6717,-28.9102],[-56.6623,-28.8958],[-56.686,-28.8784],[-56.6824,-28.8409],[-56.6916,-28.8453],[-56.6916,-28.8295],[-56.7037,-28.8262],[-56.6968,-28.8194],[-56.7,-28.8015],[-56.6912,-28.7986],[-56.703,-28.7753],[-56.6894,-28.7717],[-56.6868,-28.753],[-56.7076,-28.7427],[-56.7006,-28.734],[-56.7054,-28.7281],[-56.691,-28.7203],[-56.6955,-28.7163],[-56.6683,-28.6975],[-56.6764,-28.697],[-56.6718,-28.691],[-56.6606,-28.6885],[-56.6673,-28.6936],[-56.6568,-28.6973],[-56.6511,-28.6733],[-56.64,-28.6651],[-56.6531,-28.6615],[-56.6622,-28.6409],[-56.6749,-28.6355],[-56.6586,-28.6122],[-56.6699,-28.5853],[-56.6525,-28.5678],[-56.6585,-28.558],[-56.6332,-28.5497],[-56.6243,-28.5373],[-56.6128,-28.543],[-56.6104,-28.5358],[-56.605,-28.5427],[-56.5929,-28.5376],[-56.5997,-28.5368],[-56.5877,-28.5258],[-56.5962,-28.522],[-56.5879,-28.5179],[-56.5983,-28.5127],[-56.5969,-28.493],[-56.5825,-28.4863],[-56.5801,-28.4666],[-56.5679,-28.4665],[-56.5629,-28.4516],[-56.5552,-28.4512],[-56.5582,-28.4438],[-56.5429,-28.4415],[-56.5427,-28.4325],[-56.5416,-28.4159],[-56.5301,-28.4062],[-56.5204,-28.4113],[-56.5103,-28.3893],[-56.5259,-28.3698],[-56.5248,-28.3605],[-56.5343,-28.3611],[-56.5218,-28.3529],[-56.5218,-28.3419],[-56.546,-28.3343],[-56.5717,-28.2989],[-56.6379,-28.2925],[-56.6403,-28.2625],[-56.6944,-28.2568],[-56.6976,-28.2653],[-56.7999,-28.2602],[-56.8809,-28.235],[-56.9715,-28.3015],[-56.9995,-28.3305],[-57.0003,-28.3312],[-57.0047,-28.3353]]]}},
{"type":"Feature","properties":{"name":"San Miguel","georefId":"18154","provinciaGeorefId":"18","tipo":"Departamento"},"geometry":{"type":"Polygon","coordinates":[[[-56.9524,-27.5355],[-56.9657,-27.502],[-56.9799,-27.4934],[-57.0365,-27.4806],[-57.1018,-27.4847],[-57.1205,-27.4934],[-57.1476,-27.4815],[-57.2321,-27.468],[-57.2547,-27.4748],[-57.2252,-27.4965],[-57.2277,-27.5127],[-57.3197,-27.565],[-57.3325,-27.5765],[-57.3964,-27.6235],[-57.4229,-27.6536],[-57.4878,-27.694],[-57.4986,-27.6916],[-57.5347,-27.7266],[-57.5933,-27.7664],[-57.7269,-27.9322],[-57.7776,-27.9713],[-57.7115,-28.0367],[-57.6276,-28.1362],[-57.67,-28.1641],[-57.6047,-28.253],[-57.6806,-28.3196],[-57.641,-28.352],[-57.6459,-28.36],[-57.6293,-28.3691],[-57.6588,-28.4105],[-57.6443,-28.4197],[-57.6284,-28.399],[-57.5896,-28.375],[-57.5104,-28.3403],[-57.5008,-28.3243],[-57.4648,-28.3008],[-57.4421,-28.2698],[-57.4284,-28.2099],[-57.3983,-28.1483],[-57.3985,-28.1238],[-57.414,-28.0913],[-57.4128,-28.0693],[-57.3817,-28.0149],[-57.3546,-27.9346],[-57.3318,-27.9133],[-57.2541,-27.8665],[-57.1947,-27.8074],[-57.1792,-27.7541],[-57.1167,-27.7062],[-57.0968,-27.6651],[-57.0446,-27.6401],[-57.0161,-27.6111],[-56.9833,-27.6044],[-56.9556,-27.5747],[-56.945,-27.5733],[-56.9526,-27.5432],[-56.9522,-27.5418],[-56.9521,-27.5414],[-56.9518,-27.5401],[-56.9524,-27.5355]]]}},
{"type":"Feature","properties":{"name":"San Roque","georefId":"18161","provinciaGeorefId":"18","tipo":"Departamento"},"geometry":{"type":"Polygon","coordinates":[[[-58.3076,-28.8328],[-58.4229,-28.7406],[-58.4604,-28.7747],[-58.5086,-28.7837],[-58.5301,-28.7674],[-58.5475,-28.7299],[-58.5401,-28.7012],[-58.4904,-28.6468],[-58.5072,-28.6102],[-58.4998,-28.5902],[-58.4154,-28.5398],[-58.3119,-28.4508],[-58.4321,-28.3052],[-58.457,-28.3224],[-58.4604,-28.3364],[-58.491,-28.3388],[-58.5105,-28.3636],[-58.5452,-28.3762],[-58.5544,-28.3947],[-58.5808,-28.4164],[-58.6006,-28.4574],[-58.6293,-28.4742],[-58.6479,-28.5045],[-58.6597,-28.5096],[-58.7361,-28.5879],[-58.795,-28.6206],[-58.8324,-28.6228],[-58.8572,-28.6397],[-58.9325,-28.729],[-58.9225,-28.7311],[-58.9294,-28.7349],[-58.9237,-28.739],[-58.9308,-28.7402],[-58.9279,-28.7464],[-58.9433,-28.75],[-58.936,-28.7547],[-58.9461,-28.7576],[-58.9439,-28.7639],[-58.9577,-28.7634],[-58.9521,-28.7731],[-58.9646,-28.7771],[-58.9604,-28.784],[-58.9675,-28.7804],[-58.9865,-28.812],[-58.983,-28.8182],[-58.9887,-28.8279],[-58.8969,-28.841],[-58.7828,-28.9069],[-58.6909,-28.9674],[-58.601,-29.0462],[-58.5901,-29.0415],[-58.5805,-29.0218],[-58.5709,-29.0256],[-58.5759,-29.018],[-58.5657,-29.0158],[-58.559,-28.9839],[-58.5461,-28.9814],[-58.5437,-28.9894],[-58.5344,-28.9895],[-58.5378,-28.9822],[-58.5305,-28.9831],[-58.5289,-28.974],[-58.5348,-28.9681],[-58.5178,-28.9627],[-58.509,-28.9392],[-58.4978,-28.9391],[-58.5046,-28.9325],[-58.5006,-28.9233],[-58.4882,-28.9209],[-58.4792,-28.9313],[-58.4631,-28.9161],[-58.4525,-28.93],[-58.4511,-28.9217],[-58.4356,-28.9216],[-58.4205,-28.9312],[-58.4149,-28.9235],[-58.4015,-28.9272],[-58.3941,-28.9128],[-58.3797,-28.9155],[-58.3775,-28.893],[-58.3587,-28.8913],[-58.3533,-28.8808],[-58.3402,-28.8823],[-58.3378,-28.8596],[-58.3185,-28.8518],[-58.3169,-28.843],[-58.304,-28.8372],[-58.3076,-28.8328]]]}},
{"type":"Feature","properties":{"name":"Santo Tomé","georefId":"18168","provinciaGeorefId":"18","tipo":"Departamento"},"geometry":{"type":"Polygon","coordinates":[[[-55.8206,-27.95],[-55.8863,-28.021],[-55.8746,-27.9566],[-55.9133,-27.8988],[-55.9389,-27.9101],[-55.9461,-27.9051],[-55.9788,-27.909],[-56.0101,-27.8867],[-56.0112,-27.869],[-56.0451,-27.858],[-56.0445,-27.8464],[-56.1059,-27.8297],[-56.1382,-27.8313],[-56.1526,-27.7986],[-56.2113,-27.786],[-56.2291,-27.7699],[-56.2402,-27.7973],[-56.2462,-27.7964],[-56.2406,-27.8183],[-56.2579,-27.8224],[-56.2565,-27.8314],[-56.2674,-27.8299],[-56.2601,-27.8619],[-56.2763,-27.8678],[-56.2732,-27.8802],[-56.2849,-27.8866],[-56.297,-27.8823],[-56.2946,-27.8775],[-56.3168,-27.8784],[-56.3215,-27.8893],[-56.3136,-27.8947],[-56.3354,-27.9109],[-56.3407,-27.9359],[-56.4009,-27.8893],[-56.4058,-27.8966],[-56.4249,-27.8794],[-56.4679,-27.9395],[-56.6224,-27.8493],[-56.6361,-27.8978],[-56.6634,-27.9527],[-56.713,-28.019],[-56.7795,-28.0807],[-56.8319,-28.1768],[-56.8809,-28.235],[-56.7999,-28.2602],[-56.6976,-28.2653],[-56.6944,-28.2568],[-56.6403,-28.2625],[-56.6379,-28.2925],[-56.5717,-28.2989],[-56.546,-28.3343],[-56.5218,-28.3419],[-56.5218,-28.3529],[-56.5343,-28.3611],[-56.5248,-28.3605],[-56.5259,-28.3698],[-56.5103,-28.3893],[-56.5204,-28.4113],[-56.5301,-28.4062],[-56.5416,-28.4159],[-56.5427,-28.4325],[-56.5201,-28.4381],[-56.5054,-28.4302],[-56.4755,-28.4303],[-56.4301,-28.4414],[-56.4096,-28.4626],[-56.3999,-28.4914],[-56.3708,-28.5156],[-56.3767,-28.5888],[-56.3652,-28.6196],[-56.4517,-28.6936],[-56.4159,-28.7006],[-56.4134,-28.7467],[-56.4023,-28.7462],[-56.3811,-28.7643],[-56.339,-28.7826],[-56.3147,-28.7754],[-56.307,-28.7834],[-56.3028,-28.7767],[-56.2901,-28.7791],[-56.3065,-28.7923],[-56.297,-28.8024],[-56.2854,-28.7893],[-56.2592,-28.7783],[-56.1855,-28.77],[-56.1186,-28.6817],[-56.0556,-28.6281],[-56.0076,-28.605],[-56.0023,-28.5785],[-56.0257,-28.536],[-56.0086,-28.506],[-55.8824,-28.4777],[-55.903,-28.4081],[-55.8783,-28.3612],[-55.8512,-28.355],[-55.7574,-28.3686],[-55.7322,-28.3843],[-55.7175,-28.4222],[-55.6963,-28.4232],[-55.6699,-28.3308],[-55.7329,-28.2858],[-55.7727,-28.2739],[-55.7825,-28.2539],[-55.7689,-28.2406],[-55.6981,-28.221],[-55.6561,-28.1845],[-55.6323,-28.1768],[-55.6202,-28.1375],[-55.6432,-28.1314],[-55.6551,-28.1154],[-55.6937,-28.0899],[-55.7032,-28.094],[-55.7124,-28.0883],[-55.7136,-28.0669],[-55.7212,-28.0611],[-55.7214,-28.0615],[-55.7217,-28.0614],[-55.7222,-28.0614],[-55.7223,-28.0614],[-55.7306,-28.0665],[-55.7585,-28.0604],[-55.7494,-28.0271],[-55.761,-28.0219],[-55.7616,-28.0127],[-55.7761,-28.0091],[-55.7769,-27.9934],[-55.8206,-27.95]]]}},
{"type":"Feature","properties":{"name":"Sauce","georefId":"18175","provinciaGeorefId":"18","tipo":"Departamento"},"geometry":{"type":"Polygon","coordinates":[[[-58.6689,-29.8377],[-58.6879,-29.8386],[-58.6946,-29.832],[-58.7181,-29.8512],[-58.7529,-29.8607],[-58.7241,-29.812],[-58.7092,-29.804],[-58.7005,-29.7784],[-58.6824,-29.7725],[-58.7181,-29.7263],[-58.6961,-29.6293],[-58.7189,-29.6418],[-58.7464,-29.653],[-58.7429,-29.6627],[-58.7848,-29.6707],[-58.7899,-29.6806],[-58.822,-29.6915],[-58.8435,-29.7166],[-58.8545,-29.7133],[-58.8666,-29.7195],[-58.8629,-29.7277],[-58.8739,-29.7264],[-58.8763,-29.7389],[-58.8568,-29.7421],[-58.8599,-29.752],[-58.8496,-29.7542],[-58.8614,-29.8174],[-58.9085,-29.8105],[-58.9573,-29.8309],[-58.9622,-29.8582],[-59.0248,-29.8492],[-59.0654,-30.0627],[-59.0688,-30.0813],[-59.0713,-30.1233],[-59.0519,-30.1316],[-59.0612,-30.1536],[-59.0685,-30.1645],[-59.1035,-30.1783],[-59.1152,-30.1729],[-59.1259,-30.1821],[-59.1233,-30.196],[-59.1221,-30.2025],[-59.116,-30.2332],[-59.1114,-30.2565],[-59.1081,-30.2731],[-59.0753,-30.257],[-59.0815,-30.2491],[-59.0643,-30.2308],[-59.0514,-30.235],[-59.0087,-30.2185],[-59.0015,-30.2237],[-58.9646,-30.2185],[-58.912,-30.2482],[-58.8789,-30.2467],[-58.8698,-30.2344],[-58.831,-30.2313],[-58.8038,-30.2108],[-58.7958,-30.2185],[-58.7876,-30.2137],[-58.7879,-30.2191],[-58.7717,-30.2124],[-58.7484,-30.2139],[-58.7338,-30.1934],[-58.6807,-30.175],[-58.6817,-30.1636],[-58.6587,-30.1688],[-58.6471,-30.1632],[-58.63,-30.1769],[-58.5801,-30.1596],[-58.5794,-30.1598],[-58.579,-30.16],[-58.5786,-30.16],[-58.5777,-30.1597],[-58.5759,-30.159],[-58.5709,-30.1544],[-58.5681,-30.1537],[-58.5669,-30.1519],[-58.5632,-30.151],[-58.5617,-30.1515],[-58.5384,-30.1514],[-58.5094,-30.1172],[-58.4883,-30.1254],[-58.4714,-30.123],[-58.4593,-30.1014],[-58.4453,-30.0964],[-58.4691,-29.9903],[-58.5082,-29.9637],[-58.5317,-29.9283],[-58.5275,-29.9149],[-58.5368,-29.8815],[-58.5632,-29.8658],[-58.5808,-29.8378],[-58.6006,-29.834],[-58.6377,-29.8459],[-58.6522,-29.8359],[-58.6685,-29.8382],[-58.6689,-29.8377]]]}},
{"type":"Feature","properties":{"name":"Almirante Brown","georefId":"22007","provinciaGeorefId":"22","tipo":"Departamento"},"geometry":{"type":"Polygon","coordinates":[[[-60.7998,-26.1149],[-61.2036,-26.109],[-61.1936,-25.5635],[-61.3938,-25.5604],[-61.3937,-25.4695],[-62.2186,-25.4667],[-62.2186,-24.8301],[-62.7158,-24.8309],[-63.0706,-25.2437],[-63.0713,-25.2445],[-63.0743,-25.248],[-63.4224,-25.6492],[-62.5355,-25.6513],[-61.7118,-25.6547],[-61.7122,-26.2345],[-61.7125,-26.6536],[-61.3322,-26.6583],[-60.99,-26.6613],[-60.9301,-26.6618],[-60.9002,-26.6768],[-60.7888,-26.4255],[-60.8045,-26.4199],[-60.7998,-26.1149]]]}},
{"type":"Feature","properties":{"name":"Bermejo","georefId":"22014","provinciaGeorefId":"22","tipo":"Departamento"},"geometry":{"type":"Polygon","coordinates":[[[-58.3782,-26.8798],[-58.3825,-26.8589],[-58.3987,-26.8649],[-58.3906,-26.841],[-58.401,-26.8299],[-58.4044,-26.8406],[-58.4091,-26.8274],[-58.421,-26.8368],[-58.4281,-26.8338],[-58.4224,-26.8244],[-58.4438,-26.8321],[-58.4505,-26.8171],[-58.4681,-26.8188],[-58.4733,-26.8282],[-58.4819,-26.8184],[-58.4719,-26.8129],[-58.4857,-26.795],[-58.4971,-26.792],[-58.5208,-26.7561],[-58.5341,-26.7561],[-58.5308,-26.7408],[-58.5446,-26.7386],[-58.5454,-26.7516],[-58.558,-26.729],[-58.5691,-26.7277],[-58.5771,-26.6968],[-58.5722,-26.6875],[-58.611,-26.6815],[-58.6282,-26.6623],[-58.6421,-26.6556],[-58.6532,-26.6594],[-58.6611,-26.6488],[-58.6815,-26.6425],[-58.677,-26.6344],[-58.6884,-26.604],[-58.8984,-26.7918],[-58.9071,-26.7794],[-58.9117,-26.787],[-58.9156,-26.7765],[-58.9181,-26.7828],[-58.9334,-26.7801],[-58.939,-26.7938],[-58.9537,-26.7858],[-58.9533,-26.8687],[-58.9592,-27.0914],[-58.9386,-27.1177],[-58.9198,-27.1254],[-58.9085,-27.1205],[-58.8878,-27.1279],[-58.885,-27.1194],[-58.8706,-27.1176],[-58.8654,-27.1225],[-58.8703,-27.1377],[-58.8565,-27.1399],[-58.8595,-27.1463],[-58.8342,-27.1659],[-58.824,-27.1632],[-58.8161,-27.1733],[-58.8132,-27.169],[-58.8016,-27.1839],[-58.7947,-27.1798],[-58.7969,-27.1889],[-58.7871,-27.1873],[-58.7923,-27.196],[-58.778,-27.2171],[-58.7523,-27.2181],[-58.7599,-27.2274],[-58.7543,-27.2291],[-58.7592,-27.2446],[-58.7528,-27.2654],[-58.7497,-27.2614],[-58.7341,-27.2846],[-58.7678,-27.3234],[-58.7633,-27.3376],[-58.7728,-27.3782],[-58.7456,-27.3822],[-58.7079,-27.3662],[-58.6688,-27.3591],[-58.6279,-27.3304],[-58.6268,-27.3297],[-58.6165,-27.3186],[-58.6188,-27.3053],[-58.598,-27.2725],[-58.5911,-27.2291],[-58.6017,-27.2169],[-58.6616,-27.1866],[-58.664,-27.168],[-58.6522,-27.1306],[-58.6369,-27.1176],[-58.6099,-27.1107],[-58.5574,-27.1122],[-58.5518,-27.0679],[-58.5625,-27.0412],[-58.553,-27.0347],[-58.5301,-27.0363],[-58.5192,-27.0448],[-58.5189,-27.0617],[-58.5113,-27.0623],[-58.4976,-27.0434],[-58.5211,-27.0039],[-58.5018,-26.9961],[-58.4778,-27.0062],[-58.4691,-26.9978],[-58.476,-26.9672],[-58.5028,-26.9279],[-58.4596,-26.9297],[-58.3849,-26.8922],[-58.3782,-26.8798]]]}},
{"type":"Feature","properties":{"name":"Comandante Fernández","georefId":"22021","provinciaGeorefId":"22","tipo":"Departamento"},"geometry":{"type":"Polygon","coordinates":[[[-60.2287,-26.6243],[-60.5084,-26.5252],[-60.6945,-26.946],[-60.6148,-26.9741],[-60.5134,-27.0098],[-60.413,-27.0454],[-60.2287,-26.6243]]]}},
{"type":"Feature","properties":{"name":"Chacabuco","georefId":"22028","provinciaGeorefId":"22","tipo":"Departamento"},"geometry":{"type":"Polygon","coordinates":[[[-60.8207,-27.3663],[-61.7125,-26.7551],[-61.7126,-26.8091],[-61.7127,-26.9282],[-60.9972,-27.4177],[-60.9972,-27.4001],[-60.9094,-27.3998],[-60.8207,-27.3663]]]}},
{"type":"Feature","properties":{"name":"12 de Octubre","georefId":"22036","provinciaGeorefId":"22","tipo":"Departamento"},"geometry":{"type":"Polygon","coordinates":[[[-60.9972,-27.4177],[-61.7127,-26.9282],[-61.7119,-27.714],[-61.5693,-27.7142],[-61.5712,-27.4802],[-61.0223,-27.4782],[-60.9973,-27.4781],[-60.9972,-27.4177]]]}},
{"type":"Feature","properties":{"name":"2 de Abril","georefId":"22039","provinciaGeorefId":"22","tipo":"Departamento"},"geometry":{"type":"Polygon","coordinates":[[[-61.0194,-27.6349],[-61.0223,-27.4782],[-61.5712,-27.4802],[-61.5693,-27.7142],[-61.5683,-27.7948],[-61.2401,-27.7942],[-61.2405,-27.7056],[-61.1295,-27.7055],[-61.1298,-27.6353],[-61.0194,-27.6349]]]}},
{"type":"Feature","properties":{"name":"Fray Justo Santa María de Oro","georefId":"22043","provinciaGeorefId":"22","tipo":"Departamento"},"geometry":{"type":"Polygon","coordinates":[[[-60.9091,-27.9983],[-60.9087,-27.7939],[-61.0137,-27.7941],[-61.0135,-27.6349],[-61.0194,-27.6349],[-61.1298,-27.6353],[-61.1295,-27.7055],[-61.2405,-27.7056],[-61.2401,-27.7942],[-61.5683,-27.7948],[-61.5693,-27.7142],[-61.7119,-27.714],[-61.7119,-27.7972],[-61.712,-27.9986],[-60.9091,-27.9983]]]}},
{"type":"Feature","properties":{"name":"General Belgrano","georefId":"22049","provinciaGeorefId":"22","tipo":"Departamento"},"geometry":{"type":"Polygon","coordinates":[[[-60.8156,-27.055],[-60.8162,-26.9023],[-60.8514,-26.8899],[-60.8831,-26.927],[-61.0082,-26.8418],[-60.9927,-26.842],[-60.99,-26.6613],[-61.3322,-26.6583],[-61.3357,-26.8391],[-61.1897,-26.8407],[-61.2151,-26.8704],[-60.817,-27.1424],[-60.8156,-27.055]]]}},
{"type":"Feature","properties":{"name":"General Donovan","georefId":"22056","provinciaGeorefId":"22","tipo":"Departamento"},"geometry":{"type":"Polygon","coordinates":[[[-59.172,-27.1545],[-59.0282,-27.0274],[-59.17,-26.8997],[-59.3018,-27.0159],[-59.3011,-26.9821],[-59.3515,-26.9823],[-59.3511,-27.0273],[-59.4027,-27.0281],[-59.4029,-27.0124],[-59.5538,-27.0129],[-59.5543,-27.2399],[-59.6002,-27.2808],[-59.5965,-27.2842],[-59.581,-27.2985],[-59.4597,-27.41],[-59.3174,-27.2821],[-59.3283,-27.2723],[-59.2863,-27.233],[-59.269,-27.248],[-59.172,-27.1545]]]}},
{"type":"Feature","properties":{"name":"General Güemes","georefId":"22063","provinciaGeorefId":"22","tipo":"Departamento"},"geometry":{"type":"Polygon","coordinates":[[[-61.8348,-24.3142],[-61.8399,-24.3015],[-61.8661,-24.3101],[-61.8793,-24.3073],[-61.8837,-24.2666],[-61.9085,-24.3068],[-61.9203,-24.2839],[-61.904,-24.2778],[-61.9078,-24.2594],[-61.9388,-24.2662],[-61.9545,-24.2614],[-61.945,-24.2418],[-61.9521,-24.2366],[-61.9847,-24.2271],[-61.9792,-24.2453],[-61.9892,-24.2505],[-62.0116,-24.2274],[-62.041,-24.2405],[-62.0553,-24.2113],[-62.0829,-24.2305],[-62.0876,-24.2204],[-62.0764,-24.2013],[-62.1385,-24.2187],[-62.1361,-24.196],[-62.1751,-24.2013],[-62.1808,-24.1952],[-62.1717,-24.1777],[-62.1827,-24.155],[-62.2164,-24.1511],[-62.2283,-24.1354],[-62.2435,-24.1454],[-62.2925,-24.1262],[-62.3015,-24.1162],[-62.3243,-24.1232],[-62.3096,-24.1053],[-62.3267,-24.0787],[-62.3422,-24.1102],[-62.3424,-24.3921],[-62.7158,-24.8309],[-62.2186,-24.8301],[-62.2186,-25.4667],[-61.3937,-25.4695],[-61.3938,-25.5604],[-61.1936,-25.5635],[-61.2036,-26.109],[-60.7998,-26.1149],[-60.0993,-26.1224],[-60.0985,-25.6692],[-60.1014,-25.6575],[-60.1109,-25.664],[-60.1399,-25.6511],[-60.1423,-25.6373],[-60.1713,-25.6485],[-60.177,-25.6597],[-60.1813,-25.6438],[-60.1927,-25.636],[-60.1751,-25.6304],[-60.2031,-25.6136],[-60.1841,-25.6114],[-60.2155,-25.602],[-60.2207,-25.5985],[-60.2117,-25.5929],[-60.2264,-25.586],[-60.205,-25.5739],[-60.2193,-25.5701],[-60.2221,-25.5584],[-60.2312,-25.5679],[-60.2378,-25.5593],[-60.2416,-25.5446],[-60.2264,-25.5429],[-60.2202,-25.5343],[-60.2269,-25.5015],[-60.2412,-25.5088],[-60.2245,-25.4851],[-60.2388,-25.473],[-60.2488,-25.4747],[-60.2526,-25.4639],[-60.2744,-25.4665],[-60.2825,-25.4333],[-60.3001,-25.4277],[-60.2958,-25.41],[-60.3068,-25.4212],[-60.3229,-25.4242],[-60.3077,-25.4057],[-60.3272,-25.4074],[-60.3339,-25.3914],[-60.3129,-25.3884],[-60.331,-25.3776],[-60.3462,-25.3802],[-60.3386,-25.3655],[-60.34,-25.3573],[-60.35,-25.3556],[-60.3543,-25.3227],[-60.3638,-25.3314],[-60.3709,-25.3266],[-60.389,-25.3353],[-60.4009,-25.3297],[-60.4137,-25.3076],[-60.4275,-25.3154],[-60.4313,-25.2817],[-60.4432,-25.2864],[-60.4418,-25.2653],[-60.466,-25.2424],[-60.485,-25.2359],[-60.4898,-25.2095],[-60.5083,-25.2138],[-60.5102,-25.1883],[-60.5267,-25.1743],[-60.541,-25.1674],[-60.5441,-25.1802],[-60.5612,-25.1836],[-60.5684,-25.1988],[-60.5712,-25.1698],[-60.586,-25.178],[-60.6054,-25.1594],[-60.6083,-25.1771],[-60.6259,-25.1706],[-60.6306,-25.1776],[-60.6373,-25.1654],[-60.6515,-25.1654],[-60.6539,-25.1585],[-60.6425,-25.1598],[-60.6444,-25.1542],[-60.6706,-25.149],[-60.6535,-25.1196],[-60.6863,-25.114],[-60.6744,-25.1278],[-60.6763,-25.1356],[-60.7,-25.1196],[-60.7214,-25.1252],[-60.7205,-25.1161],[-60.7328,-25.117],[-60.7381,-25.0975],[-60.7419,-25.1018],[-60.7675,-25.0906],[-60.7485,-25.0694],[-60.782,-25.0711],[-60.807,-25.0642],[-60.8141,-25.0746],[-60.8369,-25.0382],[-60.8208,-25.0395],[-60.8217,-25.0343],[-60.8697,-25.0313],[-60.875,-25.0197],[-60.8921,-25.0113],[-60.9211,-25.0105],[-60.9273,-24.9927],[-60.9401,-25.0044],[-60.9415,-24.991],[-60.9192,-24.9836],[-60.9216,-24.9793],[-60.9535,-24.9726],[-60.964,-24.9484],[-60.9957,-24.9338],[-60.9942,-24.9164],[-61.0119,-24.9244],[-61.0202,-24.9213],[-61.0162,-24.9095],[-61.0318,-24.9013],[-61.0242,-24.8891],[-61.0428,-24.8974],[-61.0632,-24.8726],[-61.0751,-24.8727],[-61.0788,-24.8646],[-61.068,-24.8575],[-61.0913,-24.8527],[-61.0927,-24.8349],[-61.1074,-24.8348],[-61.144,-24.805],[-61.1435,-24.7928],[-61.1331,-24.7868],[-61.1383,-24.7868],[-61.1564,-24.785],[-61.1583,-24.7577],[-61.1488,-24.7611],[-61.1502,-24.7499],[-61.1564,-24.7386],[-61.1716,-24.7342],[-61.1626,-24.7216],[-61.1702,-24.7099],[-61.1569,-24.7038],[-61.1706,-24.6999],[-61.1801,-24.7225],[-61.2081,-24.698],[-61.2011,-24.6826],[-61.2177,-24.6656],[-61.1992,-24.6743],[-61.1973,-24.6613],[-61.2149,-24.6491],[-61.2272,-24.6552],[-61.2301,-24.6352],[-61.2443,-24.6535],[-61.2557,-24.6217],[-61.2761,-24.6392],[-61.2847,-24.6243],[-61.3461,-24.6387],[-61.3618,-24.6216],[-61.3812,-24.6378],[-61.3827,-24.6128],[-61.4238,-24.6175],[-61.4402,-24.6096],[-61.454,-24.6122],[-61.4811,-24.5952],[-61.4839,-24.59],[-61.4715,-24.5848],[-61.4772,-24.5752],[-61.5188,-24.547],[-61.5262,-24.5337],[-61.5218,-24.5181],[-61.5964,-24.4793],[-61.582,-24.4537],[-61.5845,-24.44],[-61.5975,-24.4382],[-61.6042,-24.4556],[-61.6103,-24.4217],[-61.6241,-24.4226],[-61.6397,-24.4346],[-61.6945,-24.4152],[-61.714,-24.3834],[-61.694,-24.366],[-61.7282,-24.3594],[-61.7206,-24.3398],[-61.7606,-24.3285],[-61.7658,-24.3224],[-61.7615,-24.3067],[-61.7986,-24.3363],[-61.8024,-24.3224],[-61.8348,-24.3142]]]}},
{"type":"Feature","properties":{"name":"Independencia","georefId":"22070","provinciaGeorefId":"22","tipo":"Departamento"},"geometry":{"type":"Polygon","coordinates":[[[-60.6148,-26.9741],[-60.6945,-26.946],[-60.5084,-26.5252],[-60.7888,-26.4255],[-60.9002,-26.6768],[-60.9301,-26.6618],[-60.99,-26.6613],[-60.9927,-26.842],[-61.0082,-26.8418],[-60.8831,-26.927],[-60.8514,-26.8899],[-60.8162,-26.9023],[-60.8156,-27.055],[-60.6153,-27.0572],[-60.6148,-26.9741]]]}},
{"type":"Feature","properties":{"name":"Libertad","georefId":"22077","provinciaGeorefId":"22","tipo":"Departamento"},"geometry":{"type":"Polygon","coordinates":[[[-58.9712,-27.3342],[-59.0286,-27.2834],[-59.0445,-27.2974],[-59.0522,-27.2891],[-59.0587,-27.294],[-59.0626,-27.2721],[-59.0712,-27.2692],[-59.0673,-27.2521],[-59.0813,-27.2479],[-59.0756,-27.2436],[-59.0827,-27.2408],[-59.0803,-27.234],[-59.1084,-27.2269],[-59.0999,-27.2188],[-59.172,-27.1545],[-59.269,-27.248],[-59.2863,-27.233],[-59.3283,-27.2723],[-59.3174,-27.2821],[-59.4597,-27.41],[-59.581,-27.2985],[-59.5822,-27.4681],[-59.4038,-27.4676],[-59.4041,-27.4521],[-59.2172,-27.4485],[-59.1723,-27.4106],[-59.1152,-27.4613],[-58.9712,-27.3342]]]}},
{"type":"Feature","properties":{"name":"Libertador General San Martín","georefId":"22084","provinciaGeorefId":"22","tipo":"Departamento"},"geometry":{"type":"Polygon","coordinates":[[[-59.6366,-26.1199],[-59.6397,-26.1264],[-59.6262,-26.1343],[-59.6618,-26.1423],[-59.6493,-26.1195],[-59.6783,-26.115],[-59.6743,-26.0961],[-59.6825,-26.0895],[-59.6657,-26.076],[-59.6731,-26.0702],[-59.6631,-26.0552],[-59.6715,-26.0615],[-59.6786,-26.0541],[-59.6726,-26.0498],[-59.6764,-26.0301],[-59.6682,-26.0249],[-59.6853,-26.0087],[-59.6699,-26.0114],[-59.67,-26.0057],[-59.6822,-26.0004],[-59.6961,-26.0065],[-59.7023,-26.0005],[-59.7078,-26.0098],[-59.7081,-25.9963],[-59.7251,-25.9998],[-59.7279,-25.9701],[-59.7408,-25.9755],[-59.7514,-25.9632],[-59.7436,-25.9495],[-59.7545,-25.9556],[-59.7476,-25.9433],[-59.7579,-25.938],[-59.7535,-25.9207],[-59.7686,-25.9257],[-59.7646,-25.916],[-59.7883,-25.9097],[-59.7812,-25.8967],[-59.7892,-25.903],[-59.8043,-25.8983],[-59.8018,-25.8921],[-59.8116,-25.8962],[-59.8268,-25.8899],[-59.8157,-25.8844],[-59.8272,-25.8696],[-59.8361,-25.876],[-59.8437,-25.856],[-59.8713,-25.8458],[-59.8592,-25.838],[-59.8696,-25.8354],[-59.8791,-25.842],[-59.8718,-25.8284],[-59.8813,-25.8151],[-59.8775,-25.8022],[-59.9265,-25.7919],[-59.9217,-25.779],[-59.9279,-25.7699],[-59.9431,-25.7734],[-59.9426,-25.7596],[-59.955,-25.7699],[-59.9868,-25.7432],[-59.9797,-25.723],[-59.9982,-25.7346],[-60.0116,-25.7295],[-60.0215,-25.723],[-60.0182,-25.7041],[-60.0349,-25.6894],[-60.0634,-25.6739],[-60.0781,-25.6795],[-60.0985,-25.6692],[-60.0993,-26.1224],[-60.1011,-26.3028],[-60.0015,-26.3036],[-59.8535,-26.3042],[-59.8535,-26.3189],[-59.8035,-26.3193],[-59.8036,-26.5309],[-59.7032,-26.5317],[-59.703,-26.6219],[-59.5035,-26.6221],[-59.5032,-26.7125],[-59.4528,-26.7121],[-59.4522,-26.8028],[-59.2013,-26.8015],[-59.2012,-26.8188],[-59.1551,-26.8185],[-59.1546,-26.8698],[-58.9533,-26.8687],[-58.9537,-26.7858],[-58.939,-26.7938],[-58.9334,-26.7801],[-58.9181,-26.7828],[-58.9156,-26.7765],[-58.9117,-26.787],[-58.9071,-26.7794],[-58.8984,-26.7918],[-58.6884,-26.604],[-58.6894,-26.5942],[-58.701,-26.5899],[-58.7201,-26.6021],[-58.7444,-26.6026],[-58.7606,-26.5723],[-58.7553,-26.5633],[-58.7723,-26.5369],[-58.795,-26.5365],[-58.7923,-26.5194],[-58.8233,-26.525],[-58.8456,-26.5192],[-58.8568,-26.5089],[-58.8658,-26.4751],[-58.9098,-26.4626],[-58.9149,-26.4451],[-58.942,-26.4307],[-58.9556,-26.3999],[-58.9749,-26.3885],[-59.0027,-26.3741],[-59.0241,-26.3812],[-59.0244,-26.3733],[-59.0353,-26.3744],[-59.0429,-26.3653],[-59.0685,-26.3742],[-59.106,-26.3449],[-59.1288,-26.344],[-59.1103,-26.326],[-59.1307,-26.3281],[-59.1539,-26.3169],[-59.1521,-26.308],[-59.1388,-26.3127],[-59.1402,-26.2994],[-59.1676,-26.2986],[-59.1715,-26.3091],[-59.182,-26.3047],[-59.1904,-26.3165],[-59.1841,-26.3229],[-59.1926,-26.3297],[-59.2037,-26.3268],[-59.2296,-26.3431],[-59.2547,-26.3405],[-59.2524,-26.3487],[-59.2777,-26.3498],[-59.2976,-26.3358],[-59.3111,-26.3394],[-59.313,-26.3189],[-59.3335,-26.3357],[-59.3439,-26.3278],[-59.3575,-26.338],[-59.386,-26.3045],[-59.4033,-26.2995],[-59.4033,-26.294],[-59.3869,-26.2947],[-59.3846,-26.2793],[-59.3961,-26.2738],[-59.3807,-26.2649],[-59.3979,-26.2586],[-59.3946,-26.2476],[-59.4159,-26.2222],[-59.4103,-26.2071],[-59.4294,-26.1978],[-59.4187,-26.1962],[-59.425,-26.1891],[-59.4207,-26.1783],[-59.4089,-26.18],[-59.4137,-26.1681],[-59.424,-26.1672],[-59.4214,-26.1612],[-59.4383,-26.1491],[-59.4461,-26.1534],[-59.4542,-26.1476],[-59.4562,-26.1602],[-59.465,-26.1506],[-59.4758,-26.1617],[-59.4893,-26.1554],[-59.4958,-26.1624],[-59.4954,-26.1539],[-59.5077,-26.1597],[-59.5178,-26.1438],[-59.5321,-26.1506],[-59.5355,-26.1413],[-59.5473,-26.1426],[-59.5473,-26.1509],[-59.5742,-26.1528],[-59.5848,-26.1218],[-59.5972,-26.131],[-59.6033,-26.1152],[-59.6089,-26.1237],[-59.6366,-26.1199]]]}},
{"type":"Feature","properties":{"name":"Maipú","georefId":"22091","provinciaGeorefId":"22","tipo":"Departamento"},"geometry":{"type":"Polygon","coordinates":[[[-60.0993,-26.1224],[-60.7998,-26.1149],[-60.8045,-26.4199],[-60.7888,-26.4255],[-60.5084,-26.5252],[-60.2287,-26.6243],[-60.2055,-26.6325],[-60.2015,-26.3019],[-60.1011,-26.3028],[-60.0993,-26.1224]]]}},
{"type":"Feature","properties":{"name":"Mayor Luis J. Fontana","georefId":"22098","provinciaGeorefId":"22","tipo":"Departamento"},"geometry":{"type":"Polygon","coordinates":[[[-60.5184,-27.4648],[-60.9093,-27.46],[-60.9094,-27.3998],[-60.9972,-27.4001],[-60.9972,-27.4177],[-60.9973,-27.4781],[-61.0223,-27.4782],[-61.0194,-27.6349],[-61.0135,-27.6349],[-61.0137,-27.7941],[-60.9087,-27.7939],[-60.9091,-27.9983],[-60.6444,-27.9998],[-60.6364,-27.9998],[-60.2156,-28.0007],[-60.2154,-27.7381],[-60.5219,-27.7372],[-60.5233,-27.6456],[-60.4692,-27.6459],[-60.4678,-27.4652],[-60.5184,-27.4648]]]}},
{"type":"Feature","properties":{"name":"9 de Julio","georefId":"22105","provinciaGeorefId":"22","tipo":"Departamento"},"geometry":{"type":"Polygon","coordinates":[[[-61.3322,-26.6583],[-61.7125,-26.6536],[-61.7125,-26.7551],[-60.8207,-27.3663],[-60.8199,-27.3099],[-60.9059,-27.252],[-60.8445,-27.1801],[-60.818,-27.1982],[-60.817,-27.1424],[-61.2151,-26.8704],[-61.1897,-26.8407],[-61.3357,-26.8391],[-61.3322,-26.6583]]]}},
{"type":"Feature","properties":{"name":"O'Higgins","georefId":"22112","provinciaGeorefId":"22","tipo":"Departamento"},"geometry":{"type":"Polygon","coordinates":[[[-60.5134,-27.0098],[-60.6148,-26.9741],[-60.6153,-27.0572],[-60.8156,-27.055],[-60.817,-27.1424],[-60.818,-27.1982],[-60.8445,-27.1801],[-60.9059,-27.252],[-60.8199,-27.3099],[-60.8207,-27.3663],[-60.9094,-27.3998],[-60.9093,-27.46],[-60.5184,-27.4648],[-60.5134,-27.0098]]]}},
{"type":"Feature","properties":{"name":"Presidencia de la Plaza","georefId":"22119","provinciaGeorefId":"22","tipo":"Departamento"},"geometry":{"type":"Polygon","coordinates":[[[-59.5538,-27.0129],[-59.5537,-26.9831],[-59.6042,-26.9828],[-59.6045,-26.8019],[-59.7046,-26.8018],[-59.7037,-26.7114],[-59.8539,-26.7108],[-59.8541,-26.7553],[-60.0372,-27.1776],[-59.983,-27.1965],[-60.0111,-27.1963],[-60.0113,-27.2864],[-59.5965,-27.2842],[-59.6002,-27.2808],[-59.5543,-27.2399],[-59.5538,-27.0129]]]}},
{"type":"Feature","properties":{"name":"1° de Mayo","georefId":"22126","provinciaGeorefId":"22","tipo":"Departamento"},"geometry":{"type":"Polygon","coordinates":[[[-58.7728,-27.3782],[-58.7633,-27.3376],[-58.7678,-27.3234],[-58.7341,-27.2846],[-58.7497,-27.2614],[-58.7528,-27.2654],[-58.7592,-27.2446],[-58.7543,-27.2291],[-58.7599,-27.2274],[-58.7523,-27.2181],[-58.778,-27.2171],[-58.7923,-27.196],[-58.7871,-27.1873],[-58.7969,-27.1889],[-58.7947,-27.1798],[-58.8016,-27.1839],[-58.8132,-27.169],[-58.8161,-27.1733],[-58.824,-27.1632],[-58.8342,-27.1659],[-58.8595,-27.1463],[-58.8565,-27.1399],[-58.8703,-27.1377],[-58.8654,-27.1225],[-58.8706,-27.1176],[-58.885,-27.1194],[-58.8878,-27.1279],[-58.9085,-27.1205],[-58.9198,-27.1254],[-58.9386,-27.1177],[-58.9592,-27.0914],[-58.9533,-26.8687],[-59.1546,-26.8698],[-59.17,-26.8699],[-59.17,-26.8997],[-59.0282,-27.0274],[-59.172,-27.1545],[-59.0999,-27.2188],[-59.1084,-27.2269],[-59.0803,-27.234],[-59.0827,-27.2408],[-59.0756,-27.2436],[-59.0813,-27.2479],[-59.0673,-27.2521],[-59.0712,-27.2692],[-59.0626,-27.2721],[-59.0587,-27.294],[-59.0522,-27.2891],[-59.0445,-27.2974],[-59.0286,-27.2834],[-58.9712,-27.3342],[-58.8689,-27.4265],[-58.8799,-27.4623],[-58.9016,-27.4725],[-58.8788,-27.4718],[-58.8749,-27.4886],[-58.8086,-27.4237],[-58.7935,-27.3932],[-58.7728,-27.3782]]]}},
{"type":"Feature","properties":{"name":"Quitilipi","georefId":"22133","provinciaGeorefId":"22","tipo":"Departamento"},"geometry":{"type":"Polygon","coordinates":[[[-60.1011,-26.3028],[-60.2015,-26.3019],[-60.2055,-26.6325],[-60.2287,-26.6243],[-60.413,-27.0454],[-60.2725,-27.0949],[-60.0886,-26.6738],[-60.0057,-26.703],[-60.0015,-26.3036],[-60.1011,-26.3028]]]}},
{"type":"Feature","properties":{"name":"San Fernando","georefId":"22140","provinciaGeorefId":"22","tipo":"Departamento"},"geometry":{"type":"Polygon","coordinates":[[[-58.8749,-27.4886],[-58.8788,-27.4718],[-58.9016,-27.4725],[-58.8799,-27.4623],[-58.8689,-27.4265],[-58.9712,-27.3342],[-59.1152,-27.4613],[-59.1723,-27.4106],[-59.2172,-27.4485],[-59.4041,-27.4521],[-59.4038,-27.4676],[-59.4012,-28.0001],[-58.884,-28],[-58.8937,-28.0353],[-58.8808,-28.0668],[-58.8597,-28.0503],[-58.8577,-28.0116],[-58.8293,-27.9619],[-58.8455,-27.8916],[-58.8097,-27.7834],[-58.8225,-27.6729],[-58.8237,-27.6708],[-58.8244,-27.6694],[-58.8355,-27.6466],[-58.8827,-27.6085],[-58.8714,-27.5799],[-58.8812,-27.5287],[-58.8819,-27.4997],[-58.8749,-27.4886]]]}},
{"type":"Feature","properties":{"name":"San Lorenzo","georefId":"22147","provinciaGeorefId":"22","tipo":"Departamento"},"geometry":{"type":"Polygon","coordinates":[[[-60.2154,-27.7381],[-60.2129,-27.2851],[-60.2123,-27.1161],[-60.2725,-27.0949],[-60.413,-27.0454],[-60.5134,-27.0098],[-60.5184,-27.4648],[-60.4678,-27.4652],[-60.4692,-27.6459],[-60.5233,-27.6456],[-60.5219,-27.7372],[-60.2154,-27.7381]]]}},
{"type":"Feature","properties":{"name":"Sargento Cabral","georefId":"22154","provinciaGeorefId":"22","tipo":"Departamento"},"geometry":{"type":"Polygon","coordinates":[[[-59.1546,-26.8698],[-59.1551,-26.8185],[-59.2012,-26.8188],[-59.2013,-26.8015],[-59.4522,-26.8028],[-59.4528,-26.7121],[-59.5032,-26.7125],[-59.5035,-26.6221],[-59.703,-26.6219],[-59.7032,-26.5317],[-59.8036,-26.5309],[-59.8525,-26.5302],[-59.8539,-26.7108],[-59.7037,-26.7114],[-59.7046,-26.8018],[-59.6045,-26.8019],[-59.6042,-26.9828],[-59.5537,-26.9831],[-59.5538,-27.0129],[-59.4029,-27.0124],[-59.4027,-27.0281],[-59.3511,-27.0273],[-59.3515,-26.9823],[-59.3011,-26.9821],[-59.3018,-27.0159],[-59.17,-26.8997],[-59.17,-26.8699],[-59.1546,-26.8698]]]}},
{"type":"Feature","properties":{"name":"Tapenagá","georefId":"22161","provinciaGeorefId":"22","tipo":"Departamento"},"geometry":{"type":"Polygon","coordinates":[[[-59.5965,-27.2842],[-60.0113,-27.2864],[-60.2129,-27.2851],[-60.2154,-27.7381],[-60.2156,-28.0007],[-59.8167,-28.0013],[-59.8112,-28.0013],[-59.8111,-28.0013],[-59.7849,-28.0014],[-59.4012,-28.0001],[-59.4038,-27.4676],[-59.5822,-27.4681],[-59.581,-27.2985],[-59.5965,-27.2842]]]}},
{"type":"Feature","properties":{"name":"25 de Mayo","georefId":"22168","provinciaGeorefId":"22","tipo":"Departamento"},"geometry":{"type":"Polygon","coordinates":[[[-59.8036,-26.5309],[-59.8035,-26.3193],[-59.8535,-26.3189],[-59.8535,-26.3042],[-60.0015,-26.3036],[-60.0057,-26.703],[-60.0886,-26.6738],[-60.2725,-27.0949],[-60.2123,-27.1161],[-60.2129,-27.2851],[-60.0113,-27.2864],[-60.0111,-27.1963],[-59.983,-27.1965],[-60.0372,-27.1776],[-59.8541,-26.7553],[-59.8539,-26.7108],[-59.8525,-26.5302],[-59.8036,-26.5309]]]}},
{"type":"Feature","properties":{"name":"Biedma","georefId":"26007","provinciaGeorefId":"26","tipo":"Departamento"},"geometry":{"type":"Polygon","coordinates":[[[-65.9703,-42],[-65.9336,-42.8705],[-65.4444,-42.859],[-64.8095,-42.8434],[-64.8774,-42.8346],[-64.891,-42.8127],[-64.9156,-42.8116],[-64.9534,-42.7854],[-64.9676,-42.7939],[-64.9993,-42.7798],[-65.0153,-42.7817],[-65.0354,-42.7612],[-65.0342,-42.7266],[-64.9955,-42.6977],[-64.985,-42.6536],[-64.9371,-42.6225],[-64.9037,-42.6143],[-64.8507,-42.6172],[-64.8112,-42.5952],[-64.7624,-42.5525],[-64.6856,-42.5126],[-64.5802,-42.4908],[-64.4646,-42.5039],[-64.4025,-42.5167],[-64.3614,-42.534],[-64.3399,-42.5328],[-64.3105,-42.5558],[-64.309,-42.5859],[-64.2825,-42.5733],[-64.2596,-42.5897],[-64.2734,-42.6177],[-64.23,-42.6143],[-64.2138,-42.6219],[-64.2112,-42.6308],[-64.2494,-42.683],[-64.2452,-42.7125],[-64.26,-42.747],[-64.2399,-42.7857],[-64.1452,-42.8738],[-64.107,-42.8785],[-63.9505,-42.844],[-63.8114,-42.8234],[-63.7905,-42.8141],[-63.7329,-42.8128],[-63.6788,-42.7928],[-63.63,-42.7646],[-63.6398,-42.6998],[-63.6052,-42.6293],[-63.5828,-42.6073],[-63.6041,-42.5472],[-63.603,-42.3154],[-63.62,-42.2839],[-63.6849,-42.2073],[-63.7501,-42.0851],[-63.7703,-42.0738],[-63.8154,-42.0734],[-63.8895,-42.0877],[-63.9378,-42.1046],[-63.9429,-42.1137],[-63.9648,-42.1146],[-63.9875,-42.1374],[-64.0273,-42.1476],[-64.0393,-42.1632],[-64.0566,-42.1634],[-64.0751,-42.1783],[-64.1436,-42.1966],[-64.3788,-42.2383],[-64.313,-42.2521],[-64.2733,-42.2465],[-64.2708,-42.2392],[-64.2469,-42.2342],[-64.2298,-42.2457],[-64.2074,-42.242],[-64.185,-42.2485],[-64.1349,-42.2393],[-64.0723,-42.2635],[-64.0547,-42.2818],[-64.0444,-42.3129],[-64.0497,-42.3242],[-64.0702,-42.3331],[-64.0453,-42.3418],[-64.043,-42.3513],[-64.0568,-42.3827],[-64.0991,-42.4039],[-64.1203,-42.4283],[-64.1914,-42.4158],[-64.2153,-42.4221],[-64.2894,-42.4151],[-64.3015,-42.4039],[-64.3517,-42.4257],[-64.37,-42.4222],[-64.4101,-42.4289],[-64.4335,-42.4399],[-64.4773,-42.4383],[-64.4856,-42.4155],[-64.4983,-42.4302],[-64.5281,-42.4281],[-64.5403,-42.4193],[-64.5562,-42.432],[-64.5729,-42.4213],[-64.6101,-42.4264],[-64.6182,-42.3956],[-64.5954,-42.3848],[-64.5934,-42.3691],[-64.57,-42.3468],[-64.5586,-42.3075],[-64.4642,-42.2395],[-64.6142,-42.2308],[-64.74,-42.2141],[-64.8803,-42.1808],[-64.96,-42.1376],[-65.014,-42.0934],[-65.0606,-42.0317],[-65.0693,-42],[-65.7281,-42],[-65.7502,-42],[-65.9703,-42]]]}},
{"type":"Feature","properties":{"name":"Cushamen","georefId":"26014","provinciaGeorefId":"26","tipo":"Departamento"},"geometry":{"type":"Polygon","coordinates":[[[-69.4314,-42],[-69.5002,-42],[-70.3733,-42],[-71.1749,-42],[-71.6253,-42],[-71.7581,-42],[-71.7737,-42],[-71.7542,-42.0249],[-71.7572,-42.0371],[-71.7277,-42.0466],[-71.7246,-42.0585],[-71.7349,-42.0623],[-71.7417,-42.0827],[-71.7261,-42.1097],[-71.7316,-42.1229],[-71.7475,-42.1305],[-71.7772,-42.1302],[-71.7817,-42.1481],[-71.8035,-42.1456],[-71.8348,-42.1626],[-71.8459,-42.1541],[-71.8582,-42.1592],[-71.8745,-42.1547],[-71.8929,-42.1807],[-71.9253,-42.1905],[-71.9546,-42.1644],[-71.9576,-42.1413],[-72.0069,-42.1401],[-72.0285,-42.1225],[-72.0451,-42.1251],[-72.053,-42.1139],[-72.0791,-42.1295],[-72.0635,-42.1392],[-72.0665,-42.1467],[-72.115,-42.1461],[-72.1229,-42.155],[-72.1715,-42.1394],[-72.1877,-42.1587],[-72.1841,-42.1774],[-72.1568,-42.1937],[-72.1558,-42.2054],[-72.1663,-42.2138],[-72.1536,-42.2434],[-72.1683,-42.2505],[-72.1681,-42.2599],[-72.1208,-42.324],[-72.1383,-42.327],[-72.1319,-42.3843],[-72.1127,-42.3983],[-72.0892,-42.396],[-72.0772,-42.3825],[-72.0285,-42.4075],[-72.0481,-42.4524],[-72.0341,-42.4566],[-72.018,-42.4822],[-72.0135,-42.4824],[-71.8596,-42.4874],[-71.6748,-42.4934],[-71.68,-42.5836],[-71.534,-42.587],[-71.4978,-42.6108],[-71.4744,-42.6827],[-71.3984,-42.7438],[-71.3868,-42.7613],[-71.3935,-42.7822],[-71.3676,-42.7625],[-71.332,-42.7873],[-71.3508,-42.8016],[-71.3065,-42.8336],[-71.3155,-42.8404],[-71.2812,-42.8649],[-71.1532,-42.8656],[-71.0323,-42.9569],[-70.9091,-42.8701],[-70.6033,-42.8819],[-70.5914,-42.8384],[-70.5469,-42.7924],[-70.5408,-42.7686],[-70.467,-42.6713],[-70.3606,-42.6039],[-70.3324,-42.613],[-70.2854,-42.6497],[-70.2283,-42.6351],[-70.1439,-42.6477],[-70.1079,-42.6599],[-70.0797,-42.689],[-70.046,-42.6984],[-69.9859,-42.6493],[-69.961,-42.6462],[-69.9303,-42.6533],[-69.8473,-42.6355],[-69.8318,-42.647],[-69.8147,-42.6483],[-69.782,-42.6767],[-69.7041,-42.6736],[-69.6658,-42.6816],[-69.6492,-42.6844],[-69.6405,-42.7022],[-69.6303,-42.7007],[-69.5627,-42.7593],[-69.5459,-42.8193],[-69.5085,-42.8678],[-69.4314,-42]]]}},
{"type":"Feature","properties":{"name":"Escalante","georefId":"26021","provinciaGeorefId":"26","tipo":"Departamento"},"geometry":{"type":"Polygon","coordinates":[[[-67.1043,-44.7348],[-67.1053,-44.6918],[-67.7434,-44.6983],[-68.3666,-44.6959],[-68.3658,-45.9999],[-68.3631,-45.9999],[-67.5957,-45.9999],[-67.5652,-45.9626],[-67.5312,-45.959],[-67.5557,-45.9451],[-67.5521,-45.9257],[-67.4991,-45.8748],[-67.4564,-45.8614],[-67.4728,-45.8611],[-67.4758,-45.8538],[-67.4547,-45.8195],[-67.4265,-45.8107],[-67.3979,-45.7875],[-67.3686,-45.7873],[-67.3681,-45.7547],[-67.3787,-45.7345],[-67.3617,-45.7238],[-67.3422,-45.7232],[-67.362,-45.6958],[-67.3503,-45.6293],[-67.2816,-45.5666],[-67.2215,-45.5271],[-67.1382,-45.4221],[-67.036,-45.3222],[-66.9537,-45.2677],[-66.8536,-45.2321],[-66.7053,-45.2243],[-66.662,-45.2114],[-66.5712,-45.2116],[-66.552,-45.2141],[-66.5429,-45.2251],[-66.5187,-45.2229],[-66.525,-45.2056],[-66.5141,-45.1968],[-66.5405,-45.1813],[-66.5365,-45.1752],[-66.5613,-45.1801],[-66.5745,-45.1681],[-66.5945,-45.1716],[-66.5992,-45.1617],[-66.5844,-45.157],[-66.6019,-45.1485],[-66.6007,-45.1405],[-66.5669,-45.1435],[-66.5474,-45.1367],[-66.5403,-45.1529],[-66.5171,-45.1515],[-66.5063,-45.1648],[-66.4906,-45.1667],[-66.4932,-45.1588],[-66.4732,-45.1659],[-66.459,-45.1473],[-66.4651,-45.144],[-66.5226,-45.1495],[-66.5314,-45.1443],[-66.5307,-45.1102],[-66.5171,-45.0969],[-66.4936,-45.0985],[-66.4653,-45.0767],[-66.4266,-45.0711],[-66.3985,-45.0531],[-66.3633,-45.0616],[-66.3747,-45.0559],[-66.3662,-45.0419],[-66.3673,-45.0419],[-66.4408,-45.0419],[-67.0973,-45.0417],[-67.1043,-44.7348]]]}},
{"type":"Feature","properties":{"name":"Florentino Ameghino","georefId":"26028","provinciaGeorefId":"26","tipo":"Departamento"},"geometry":{"type":"MultiPolygon","coordinates":[[[[-66.3662,-45.0419],[-66.3322,-45.0421],[-66.3261,-45.052],[-66.3153,-45.0451],[-66.3076,-45.0509],[-66.2939,-45.0459],[-66.2855,-45.0526],[-66.2954,-45.0582],[-66.2762,-45.0653],[-66.2903,-45.0573],[-66.2841,-45.053],[-66.2788,-45.0594],[-66.2837,-45.0487],[-66.2695,-45.0468],[-66.2464,-45.0209],[-66.2257,-45.0281],[-66.2302,-45.007],[-66.2089,-45.0028],[-66.1927,-44.982],[-66.1768,-44.9882],[-66.1731,-44.9982],[-66.1623,-44.983],[-66.1507,-44.9941],[-66.1475,-44.9867],[-66.1189,-44.9852],[-66.1057,-44.9924],[-66.0949,-44.9886],[-66.086,-44.997],[-66.0725,-44.9898],[-66.0698,-44.9972],[-66.0588,-44.9956],[-66.0605,-45.0041],[-66.0197,-44.9989],[-65.9581,-45.0438],[-65.9344,-45.0494],[-65.9139,-45.032],[-65.8869,-45.0388],[-65.8916,-45.008],[-65.8465,-45.0021],[-65.8232,-45.0161],[-65.8287,-45.0391],[-65.8029,-45.0312],[-65.8156,-45.0247],[-65.8094,-45.0154],[-65.7885,-45.0301],[-65.7755,-45.0195],[-65.7405,-45.024],[-65.733,-45.0277],[-65.7369,-45.0402],[-65.7014,-45.0451],[-65.6899,-45.062],[-65.6851,-45.0571],[-65.6978,-45.0459],[-65.6813,-45.0289],[-65.6822,-45.0402],[-65.6604,-45.0444],[-65.6537,-45.0393],[-65.6456,-45.0509],[-65.6364,-45.0356],[-65.6217,-45.0373],[-65.6023,-45.0272],[-65.6256,-45.0093],[-65.6136,-44.9999],[-65.6056,-45.0066],[-65.5843,-45.0067],[-65.5894,-44.9904],[-65.6058,-44.9819],[-65.6043,-44.9722],[-65.5937,-44.9722],[-65.6007,-44.9673],[-65.5912,-44.9642],[-65.5945,-44.9574],[-65.5709,-44.9608],[-65.5698,-44.9532],[-65.5519,-44.9501],[-65.5585,-44.949],[-65.5532,-44.9393],[-65.5364,-44.9376],[-65.5404,-44.9281],[-65.5198,-44.9297],[-65.5438,-44.9104],[-65.5563,-44.9131],[-65.5609,-44.9036],[-65.5743,-44.9107],[-65.5729,-44.8956],[-65.5925,-44.8972],[-65.6049,-44.9089],[-65.6019,-44.8996],[-65.6212,-44.8857],[-65.6234,-44.8911],[-65.6284,-44.8838],[-65.6631,-44.8909],[-65.6899,-44.8734],[-65.7047,-44.8753],[-65.7288,-44.8484],[-65.7192,-44.8386],[-65.7287,-44.8116],[-65.7026,-44.8013],[-65.693,-44.725],[-65.6384,-44.6659],[-65.5956,-44.6424],[-65.5761,-44.6483],[-65.521,-44.6093],[-65.4634,-44.6002],[-65.471,-44.5848],[-65.4616,-44.5758],[-65.4268,-44.5696],[-65.396,-44.5928],[-65.3763,-44.5752],[-65.3663,-44.5873],[-65.3582,-44.5738],[-65.3822,-44.5675],[-65.3945,-44.5553],[-65.3882,-44.543],[-65.3594,-44.5374],[-65.3775,-44.5242],[-65.3679,-44.5115],[-65.358,-44.5161],[-65.3526,-44.5081],[-65.3239,-44.5089],[-65.3163,-44.5312],[-65.3131,-44.5163],[-65.3008,-44.5102],[-65.2793,-44.5174],[-65.2907,-44.5034],[-65.2843,-44.4938],[-65.3208,-44.4907],[-65.3111,-44.4674],[-65.3275,-44.4659],[-65.3345,-44.456],[-65.3089,-44.4425],[-65.3117,-44.4269],[-65.2838,-44.4304],[-65.2923,-44.422],[-65.2772,-44.42],[-65.2853,-44.4099],[-65.2695,-44.4064],[-65.262,-44.3883],[-65.2362,-44.3869],[-65.2315,-44.3709],[-65.2167,-44.3667],[-65.2274,-44.3341],[-65.2451,-44.338],[-65.2588,-44.3273],[-65.253,-44.3083],[-65.2708,-44.2988],[-65.2702,-44.2717],[-65.3026,-44.2445],[-65.3118,-44.2043],[-65.2877,-44.1548],[-65.2682,-44.1443],[-65.233,-44.1458],[-65.2204,-44.1368],[-65.2159,-44.1258],[-65.2336,-44.1168],[-65.2411,-44.0778],[-65.2094,-44.0415],[-65.1879,-44.0355],[-65.2248,-44.0453],[-65.2516,-44.0276],[-65.2465,-44.0084],[-65.2573,-43.9918],[-65.2311,-43.9727],[-65.2768,-43.9666],[-65.299,-43.9342],[-65.3164,-43.8621],[-65.3286,-43.8457],[-65.3229,-43.8076],[-65.3112,-43.7956],[-65.3224,-43.7823],[-65.3493,-43.7761],[-65.354,-43.7564],[-65.356,-43.7565],[-65.3589,-43.7565],[-65.3603,-43.7566],[-65.3981,-43.7576],[-66.4506,-43.7814],[-66.445,-43.8042],[-66.45,-43.8386],[-66.4399,-43.8419],[-66.4751,-43.8777],[-66.4634,-43.8997],[-66.4755,-43.9209],[-66.4563,-43.9376],[-66.4665,-43.9548],[-66.5894,-44.0027],[-66.597,-44.0186],[-66.6208,-44.0343],[-66.648,-44.0315],[-66.6675,-44.0716],[-66.7115,-44.0975],[-66.7064,-44.1449],[-66.6954,-44.1538],[-66.7897,-44.1693],[-66.8155,-44.2131],[-66.7973,-44.2151],[-66.7835,-44.2464],[-66.7935,-44.2583],[-66.7801,-44.278],[-66.8267,-44.3087],[-66.8483,-44.403],[-66.8672,-44.442],[-66.935,-44.5223],[-66.9474,-44.5306],[-66.9933,-44.536],[-67.0233,-44.5678],[-67.0255,-44.6147],[-67.0491,-44.6869],[-67.0939,-44.7347],[-67.1043,-44.7348],[-67.0973,-45.0417],[-66.4408,-45.0419],[-66.3673,-45.0419],[-66.3662,-45.0419]]],[[[-65.993,-45.0911],[-66.0107,-45.0794],[-66.0198,-45.0864],[-66.0078,-45.1042],[-65.9643,-45.1092],[-65.9859,-45.1033],[-65.982,-45.0938],[-65.993,-45.0911]]],[[[-65.5976,-45.0434],[-65.6236,-45.0453],[-65.6166,-45.06],[-65.5882,-45.0537],[-65.5851,-45.0464],[-65.5976,-45.0434]]],[[[-65.9508,-45.1088],[-65.9627,-45.1026],[-65.9533,-45.1091],[-65.9575,-45.1175],[-65.9468,-45.1193],[-65.9508,-45.1088]]]]}},
{"type":"Feature","properties":{"name":"Futaleufú","georefId":"26035","provinciaGeorefId":"26","tipo":"Departamento"},"geometry":{"type":"Polygon","coordinates":[[[-72.0135,-42.4824],[-72.018,-42.4822],[-72.0126,-42.4949],[-72.0283,-42.5052],[-72.026,-42.5218],[-72.0537,-42.5455],[-72.0514,-42.5651],[-72.0645,-42.5726],[-72.0752,-42.5663],[-72.1035,-42.6003],[-72.1185,-42.603],[-72.1176,-42.6292],[-72.1031,-42.6306],[-72.096,-42.642],[-72.1359,-42.6801],[-72.1722,-42.6716],[-72.1787,-42.6892],[-72.1732,-42.7016],[-72.1382,-42.7112],[-72.1284,-42.7311],[-72.1472,-42.7416],[-72.1313,-42.7771],[-72.1427,-42.7953],[-72.165,-42.7983],[-72.1479,-42.85],[-72.1342,-42.8527],[-72.1349,-42.8675],[-72.1183,-42.8817],[-72.1316,-42.8849],[-72.1425,-42.8999],[-72.1141,-42.9226],[-72.1162,-42.9363],[-72.0977,-42.9416],[-72.0907,-42.952],[-72.0732,-42.9496],[-72.0572,-42.9829],[-72.0382,-42.9926],[-72.0362,-43.0134],[-72.02,-43.0176],[-72.0026,-43.0374],[-71.9833,-43.0351],[-71.9779,-43.0457],[-71.9584,-43.0403],[-71.9363,-43.0528],[-71.9339,-43.0805],[-71.9433,-43.0924],[-71.9329,-43.1021],[-71.8927,-43.107],[-71.8864,-43.127],[-71.8528,-43.1273],[-71.8573,-43.1426],[-71.8353,-43.1432],[-71.8231,-43.151],[-71.8151,-43.1457],[-71.7837,-43.1688],[-71.7605,-43.1646],[-71.7545,-43.1766],[-71.738,-43.1832],[-71.7294,-43.2022],[-71.7413,-43.2221],[-71.7573,-43.2283],[-71.7466,-43.2667],[-71.7308,-43.2822],[-71.7346,-43.3143],[-71.7552,-43.3176],[-71.7661,-43.3013],[-71.7864,-43.297],[-71.8401,-43.3352],[-71.9025,-43.3211],[-71.9021,-43.3438],[-71.8902,-43.3583],[-71.8983,-43.3674],[-71.8937,-43.3801],[-71.9333,-43.3868],[-71.9141,-43.4167],[-71.9343,-43.4479],[-71.9307,-43.4573],[-71.8814,-43.4513],[-71.8785,-43.4632],[-71.8486,-43.4829],[-71.8785,-43.5275],[-71.8775,-43.5511],[-71.8284,-43.55],[-71.7765,-43.5387],[-71.7626,-43.5652],[-71.7433,-43.5652],[-71.7031,-43.5487],[-71.6969,-43.555],[-71.6745,-43.5531],[-71.6644,-43.5258],[-71.602,-43.5273],[-71.5914,-43.5559],[-71.5479,-43.5248],[-71.5256,-43.5242],[-71.5091,-43.5261],[-71.4907,-43.5457],[-71.4793,-43.5463],[-71.4822,-43.5531],[-71.4633,-43.5556],[-71.4483,-43.5763],[-71.4367,-43.5707],[-71.2558,-43.5717],[-71.2281,-43.5769],[-71.1667,-43.6141],[-71.1192,-43.6181],[-71.0696,-43.6034],[-71.002,-43.5656],[-70.9527,-43.5525],[-70.894,-43.5144],[-70.8769,-43.4679],[-70.8692,-43.3731],[-70.883,-43.3573],[-70.8829,-43.3394],[-70.8992,-43.3237],[-70.898,-43.3043],[-70.8605,-43.2577],[-70.8534,-43.1378],[-70.8019,-43.0576],[-70.7236,-42.9694],[-70.5983,-42.9679],[-70.5949,-42.8822],[-70.6033,-42.8819],[-70.9091,-42.8701],[-71.0323,-42.9569],[-71.1532,-42.8656],[-71.2812,-42.8649],[-71.3155,-42.8404],[-71.3065,-42.8336],[-71.3508,-42.8016],[-71.332,-42.7873],[-71.3676,-42.7625],[-71.3935,-42.7822],[-71.3868,-42.7613],[-71.3984,-42.7438],[-71.4744,-42.6827],[-71.4978,-42.6108],[-71.534,-42.587],[-71.68,-42.5836],[-71.6748,-42.4934],[-71.8596,-42.4874],[-72.0135,-42.4824]]]}},
{"type":"Feature","properties":{"name":"Gaiman","georefId":"26042","provinciaGeorefId":"26","tipo":"Departamento"},"geometry":{"type":"Polygon","coordinates":[[[-65.4444,-42.859],[-65.9336,-42.8705],[-67.1572,-42.8923],[-67.1468,-43.3423],[-66.5304,-43.333],[-66.5153,-43.7829],[-66.4506,-43.7814],[-65.3981,-43.7576],[-65.4444,-42.859]]]}},
{"type":"Feature","properties":{"name":"Gastre","georefId":"26049","provinciaGeorefId":"26","tipo":"Departamento"},"geometry":{"type":"Polygon","coordinates":[[[-68.3843,-42],[-68.3894,-42],[-69.3895,-42],[-69.4281,-42],[-69.4314,-42],[-69.5085,-42.8678],[-69.5512,-43.3478],[-67.7627,-43.3485],[-67.7692,-42.8966],[-68.3812,-42.901],[-68.3843,-42]]]}},
{"type":"Feature","properties":{"name":"Languiñeo","georefId":"26056","provinciaGeorefId":"26","tipo":"Departamento"},"geometry":{"type":"Polygon","coordinates":[[[-69.6658,-42.6816],[-69.7041,-42.6736],[-69.782,-42.6767],[-69.8147,-42.6483],[-69.8318,-42.647],[-69.8473,-42.6355],[-69.9303,-42.6533],[-69.961,-42.6462],[-69.9859,-42.6493],[-70.046,-42.6984],[-70.0797,-42.689],[-70.1079,-42.6599],[-70.1439,-42.6477],[-70.2283,-42.6351],[-70.2854,-42.6497],[-70.3324,-42.613],[-70.3606,-42.6039],[-70.467,-42.6713],[-70.5408,-42.7686],[-70.5469,-42.7924],[-70.5914,-42.8384],[-70.6033,-42.8819],[-70.5949,-42.8822],[-70.5983,-42.9679],[-70.7236,-42.9694],[-70.8019,-43.0576],[-70.8534,-43.1378],[-70.8605,-43.2577],[-70.898,-43.3043],[-70.8992,-43.3237],[-70.8829,-43.3394],[-70.883,-43.3573],[-70.8692,-43.3731],[-70.8769,-43.4679],[-70.894,-43.5144],[-70.9527,-43.5525],[-71.002,-43.5656],[-71.0696,-43.6034],[-71.1192,-43.6181],[-71.1667,-43.6141],[-71.2281,-43.5769],[-71.2558,-43.5717],[-71.4367,-43.5707],[-71.4483,-43.5763],[-71.4633,-43.5556],[-71.4822,-43.5531],[-71.4793,-43.5463],[-71.4907,-43.5457],[-71.5091,-43.5261],[-71.5256,-43.5242],[-71.5479,-43.5248],[-71.5914,-43.5559],[-71.602,-43.5273],[-71.6644,-43.5258],[-71.6745,-43.5531],[-71.6969,-43.555],[-71.7031,-43.5487],[-71.7433,-43.5652],[-71.7626,-43.5652],[-71.7574,-43.5842],[-71.7423,-43.5859],[-71.7182,-43.5763],[-71.7085,-43.5839],[-71.7035,-43.6252],[-71.6263,-43.6237],[-71.5968,-43.6337],[-71.5815,-43.6517],[-71.5883,-43.6754],[-71.612,-43.676],[-71.5998,-43.697],[-71.6301,-43.6986],[-71.6319,-43.7081],[-71.6604,-43.7024],[-71.6611,-43.7192],[-71.6967,-43.7261],[-71.736,-43.7785],[-71.7534,-43.7882],[-71.7493,-43.8081],[-71.7627,-43.8406],[-71.732,-43.8597],[-71.7087,-43.8557],[-71.7074,-43.8945],[-71.6926,-43.9035],[-71.6648,-43.9036],[-71.5289,-43.901],[-71.4867,-43.894],[-71.4719,-43.8989],[-71.4474,-43.8938],[-71.4459,-43.8526],[-71.3841,-43.854],[-71.3882,-43.943],[-71.1359,-43.9498],[-71.1327,-43.861],[-70.9908,-43.8643],[-70.9875,-43.7787],[-69.5229,-43.7983],[-69.5512,-43.3478],[-69.5085,-42.8678],[-69.5459,-42.8193],[-69.5627,-42.7593],[-69.6303,-42.7007],[-69.6405,-42.7022],[-69.6492,-42.6844],[-69.6658,-42.6816]]]}},
{"type":"Feature","properties":{"name":"Mártires","georefId":"26063","provinciaGeorefId":"26","tipo":"Departamento"},"geometry":{"type":"Polygon","coordinates":[[[-66.4506,-43.7814],[-66.5153,-43.7829],[-66.5304,-43.333],[-67.1468,-43.3423],[-67.1572,-42.8923],[-67.7692,-42.8966],[-67.7627,-43.3485],[-67.7434,-44.6983],[-67.1053,-44.6918],[-67.1043,-44.7348],[-67.0939,-44.7347],[-67.0491,-44.6869],[-67.0255,-44.6147],[-67.0233,-44.5678],[-66.9933,-44.536],[-66.9474,-44.5306],[-66.935,-44.5223],[-66.8672,-44.442],[-66.8483,-44.403],[-66.8267,-44.3087],[-66.7801,-44.278],[-66.7935,-44.2583],[-66.7835,-44.2464],[-66.7973,-44.2151],[-66.8155,-44.2131],[-66.7897,-44.1693],[-66.6954,-44.1538],[-66.7064,-44.1449],[-66.7115,-44.0975],[-66.6675,-44.0716],[-66.648,-44.0315],[-66.6208,-44.0343],[-66.597,-44.0186],[-66.5894,-44.0027],[-66.4665,-43.9548],[-66.4563,-43.9376],[-66.4755,-43.9209],[-66.4634,-43.8997],[-66.4751,-43.8777],[-66.4399,-43.8419],[-66.45,-43.8386],[-66.445,-43.8042],[-66.4506,-43.7814]]]}},
{"type":"Feature","properties":{"name":"Paso de Indios","georefId":"26070","provinciaGeorefId":"26","tipo":"Departamento"},"geometry":{"type":"Polygon","coordinates":[[[-67.7627,-43.3485],[-69.5512,-43.3478],[-69.5229,-43.7983],[-69.5131,-43.9547],[-69.5013,-44.143],[-69.9391,-44.6885],[-69.6281,-44.691],[-68.3666,-44.6959],[-67.7434,-44.6983],[-67.7627,-43.3485]]]}},
{"type":"Feature","properties":{"name":"Rawson","georefId":"26077","provinciaGeorefId":"26","tipo":"Departamento"},"geometry":{"type":"Polygon","coordinates":[[[-65.354,-43.7564],[-65.3411,-43.6746],[-65.3147,-43.6321],[-65.2541,-43.5707],[-65.194,-43.5399],[-65.1452,-43.4733],[-65.0526,-43.4026],[-65.0435,-43.3815],[-65.0558,-43.3515],[-65.0503,-43.3283],[-64.9763,-43.255],[-64.8797,-43.2027],[-64.7576,-43.1506],[-64.459,-43.0645],[-64.4131,-43.0339],[-64.3306,-43.0027],[-64.3077,-42.9792],[-64.3303,-42.9359],[-64.3968,-42.9596],[-64.4385,-42.95],[-64.4889,-42.9494],[-64.5333,-42.9216],[-64.6065,-42.9232],[-64.6629,-42.9101],[-64.6963,-42.8982],[-64.7023,-42.8833],[-64.8095,-42.8434],[-65.4444,-42.859],[-65.3981,-43.7576],[-65.3603,-43.7566],[-65.3589,-43.7565],[-65.356,-43.7565],[-65.354,-43.7564]]]}},
{"type":"Feature","properties":{"name":"Río Senguer","georefId":"26084","provinciaGeorefId":"26","tipo":"Departamento"},"geometry":{"type":"Polygon","coordinates":[[[-71.2192,-44.6712],[-71.1958,-44.6849],[-71.2143,-44.7142],[-71.2023,-44.7228],[-71.206,-44.7505],[-71.2537,-44.7852],[-71.2506,-44.7993],[-71.2918,-44.8139],[-71.3043,-44.8062],[-71.3283,-44.8085],[-71.356,-44.791],[-71.3723,-44.7963],[-71.3945,-44.79],[-71.4342,-44.7546],[-71.4522,-44.7543],[-71.4742,-44.7371],[-71.5312,-44.743],[-71.5669,-44.7593],[-71.5816,-44.7523],[-71.5954,-44.7794],[-71.6316,-44.7781],[-71.6663,-44.7872],[-71.687,-44.765],[-71.7359,-44.7688],[-71.7865,-44.7523],[-71.8246,-44.7749],[-71.8107,-44.7851],[-71.8155,-44.7931],[-71.8598,-44.8005],[-71.8863,-44.795],[-71.9146,-44.7766],[-71.925,-44.78],[-71.9275,-44.804],[-71.9568,-44.786],[-71.9825,-44.78],[-72.0055,-44.7843],[-72.0182,-44.7567],[-72.0324,-44.7655],[-72.0573,-44.7564],[-72.067,-44.7597],[-72.0641,-44.7722],[-72.0739,-44.7811],[-72.027,-44.8058],[-72.0656,-44.85],[-72.0364,-44.8623],[-72.0658,-44.8759],[-72.0505,-44.8817],[-72.0372,-44.9028],[-72.0195,-44.8974],[-71.9792,-44.9036],[-71.9774,-44.9194],[-71.9479,-44.9206],[-71.925,-44.9442],[-71.8889,-44.9525],[-71.8835,-44.946],[-71.8799,-44.9594],[-71.8544,-44.9323],[-71.8172,-44.9198],[-71.7782,-44.9403],[-71.7538,-44.9265],[-71.7421,-44.9584],[-71.7111,-44.9551],[-71.6573,-44.9756],[-71.6021,-44.9706],[-71.5829,-44.9809],[-71.5597,-44.9774],[-71.5528,-44.9953],[-71.541,-45.0002],[-71.5524,-45.0085],[-71.558,-45.0315],[-71.5304,-45.0457],[-71.5054,-45.0722],[-71.513,-45.0966],[-71.5265,-45.1031],[-71.4914,-45.1078],[-71.4793,-45.1343],[-71.4875,-45.1441],[-71.4758,-45.1399],[-71.4701,-45.1488],[-71.4181,-45.1574],[-71.4252,-45.1717],[-71.3786,-45.2071],[-71.37,-45.2256],[-71.333,-45.2414],[-71.3385,-45.2502],[-71.3314,-45.2513],[-71.3504,-45.2679],[-71.3291,-45.2778],[-71.3201,-45.2921],[-71.3359,-45.322],[-71.3857,-45.3508],[-71.4463,-45.3677],[-71.4383,-45.3958],[-71.4532,-45.3861],[-71.5295,-45.3927],[-71.5206,-45.4254],[-71.5339,-45.433],[-71.4999,-45.4555],[-71.509,-45.4587],[-71.5019,-45.4667],[-71.4751,-45.4742],[-71.4698,-45.482],[-71.4827,-45.483],[-71.4689,-45.4936],[-71.5596,-45.5236],[-71.6063,-45.5222],[-71.6237,-45.5114],[-71.6464,-45.5185],[-71.6821,-45.5151],[-71.6888,-45.5212],[-71.6826,-45.5278],[-71.7443,-45.5422],[-71.7635,-45.5603],[-71.7629,-45.5766],[-71.7266,-45.5775],[-71.7482,-45.6103],[-71.7615,-45.6204],[-71.7796,-45.6218],[-71.772,-45.641],[-71.7839,-45.6528],[-71.7786,-45.658],[-71.7955,-45.6649],[-71.773,-45.6812],[-71.78,-45.7017],[-71.7948,-45.707],[-71.8011,-45.7209],[-71.7712,-45.7437],[-71.7543,-45.7706],[-71.7616,-45.7882],[-71.7423,-45.8061],[-71.7691,-45.8462],[-71.7539,-45.855],[-71.7156,-45.8552],[-71.6526,-45.8898],[-71.6468,-45.9178],[-71.6236,-45.9343],[-71.6131,-45.9631],[-71.6187,-45.981],[-71.6335,-45.9769],[-71.6473,-45.9856],[-71.646,-45.9999],[-71.644,-46],[-71.6125,-46],[-69.6566,-45.9999],[-69.6281,-44.691],[-69.9391,-44.6885],[-70.2656,-44.6857],[-70.896,-44.677],[-71.0812,-44.6737],[-71.1692,-44.6721],[-71.219,-44.6712],[-71.2192,-44.6712]]]}},
{"type":"Feature","properties":{"name":"Sarmiento","georefId":"26091","provinciaGeorefId":"26","tipo":"Departamento"},"geometry":{"type":"Polygon","coordinates":[[[-68.3658,-45.9999],[-68.3666,-44.6959],[-69.6281,-44.691],[-69.6566,-45.9999],[-69.6562,-45.9999],[-69.6481,-45.9999],[-68.3658,-45.9999]]]}},
{"type":"Feature","properties":{"name":"Tehuelches","georefId":"26098","provinciaGeorefId":"26","tipo":"Departamento"},"geometry":{"type":"Polygon","coordinates":[[[-69.5229,-43.7983],[-70.9875,-43.7787],[-70.9908,-43.8643],[-71.1327,-43.861],[-71.1359,-43.9498],[-71.3882,-43.943],[-71.3841,-43.854],[-71.4459,-43.8526],[-71.4474,-43.8938],[-71.4719,-43.8989],[-71.4867,-43.894],[-71.5289,-43.901],[-71.6648,-43.9036],[-71.6507,-43.9237],[-71.6488,-43.9459],[-71.6611,-43.9637],[-71.6796,-43.9711],[-71.7505,-44.0915],[-71.7813,-44.1115],[-71.8245,-44.1141],[-71.8357,-44.1069],[-71.8487,-44.1135],[-71.8467,-44.1592],[-71.7999,-44.1917],[-71.8006,-44.2146],[-71.78,-44.2172],[-71.7806,-44.2241],[-71.8077,-44.2281],[-71.813,-44.2386],[-71.8054,-44.2473],[-71.8132,-44.2504],[-71.8064,-44.2581],[-71.8295,-44.2654],[-71.8031,-44.2717],[-71.8088,-44.2882],[-71.787,-44.3304],[-71.839,-44.35],[-71.8286,-44.3634],[-71.8341,-44.3693],[-71.8175,-44.3775],[-71.8208,-44.3923],[-71.8043,-44.3991],[-71.8151,-44.4161],[-71.801,-44.4195],[-71.7673,-44.4104],[-71.7206,-44.3905],[-71.7117,-44.3792],[-71.6939,-44.3824],[-71.6928,-44.3976],[-71.6579,-44.409],[-71.6383,-44.3986],[-71.6172,-44.3985],[-71.5518,-44.409],[-71.5105,-44.394],[-71.4886,-44.3993],[-71.4672,-44.3887],[-71.4435,-44.3961],[-71.3862,-44.3853],[-71.3527,-44.4034],[-71.3489,-44.4248],[-71.3359,-44.4188],[-71.3122,-44.4296],[-71.3049,-44.4236],[-71.2462,-44.4174],[-71.2227,-44.4362],[-71.1711,-44.4391],[-71.1536,-44.4598],[-71.1297,-44.4718],[-71.1637,-44.501],[-71.1277,-44.508],[-71.0915,-44.5325],[-71.1032,-44.5533],[-71.0972,-44.5871],[-71.1279,-44.5976],[-71.1489,-44.5917],[-71.1763,-44.5997],[-71.2008,-44.5916],[-71.1943,-44.602],[-71.2159,-44.6182],[-71.2137,-44.6329],[-71.2355,-44.6409],[-71.2192,-44.6712],[-71.219,-44.6712],[-71.1692,-44.6721],[-71.0812,-44.6737],[-70.896,-44.677],[-70.2656,-44.6857],[-69.9391,-44.6885],[-69.5013,-44.143],[-69.5131,-43.9547],[-69.5229,-43.7983]]]}},
{"type":"Feature","properties":{"name":"Telsen","georefId":"26105","provinciaGeorefId":"26","tipo":"Departamento"},"geometry":{"type":"Polygon","coordinates":[[[-66.8769,-42],[-68.0857,-42],[-68.25,-42],[-68.3843,-42],[-68.3812,-42.901],[-67.7692,-42.8966],[-67.1572,-42.8923],[-65.9336,-42.8705],[-65.9703,-42],[-65.9736,-42],[-66.2504,-42],[-66.5003,-42],[-66.8769,-42]]]}},
{"type":"Feature","properties":{"name":"Colón","georefId":"30008","provinciaGeorefId":"30","tipo":"Departamento"},"geometry":{"type":"Polygon","coordinates":[[[-58.0544,-31.7328],[-58.0664,-31.7378],[-58.0713,-31.7256],[-58.0863,-31.7195],[-58.0856,-31.7341],[-58.0939,-31.7252],[-58.1076,-31.7306],[-58.1226,-31.7212],[-58.1279,-31.728],[-58.1441,-31.7262],[-58.1446,-31.7365],[-58.1641,-31.7449],[-58.1839,-31.7448],[-58.1991,-31.7339],[-58.2289,-31.7346],[-58.2404,-31.7171],[-58.2774,-31.6995],[-58.2885,-31.6687],[-58.3437,-31.7113],[-58.3503,-31.7061],[-58.3714,-31.7262],[-58.3743,-31.7218],[-58.3789,-31.7435],[-58.4311,-31.7402],[-58.4202,-31.785],[-58.4012,-31.8112],[-58.4237,-31.8077],[-58.4529,-31.8172],[-58.473,-31.8034],[-58.4869,-31.8063],[-58.5074,-31.7873],[-58.5435,-31.8221],[-58.5371,-31.8433],[-58.5652,-31.8613],[-58.5839,-31.858],[-58.5951,-31.8454],[-58.6278,-31.8828],[-58.6076,-31.9023],[-58.7086,-31.888],[-58.6986,-31.8606],[-58.7295,-31.8562],[-58.7431,-31.921],[-58.7267,-31.9711],[-58.7205,-31.9762],[-58.7071,-31.9646],[-58.6919,-32.0194],[-58.6975,-32.0293],[-58.6777,-32.0418],[-58.6836,-32.0456],[-58.6761,-32.0606],[-58.6658,-32.0619],[-58.6723,-32.074],[-58.6574,-32.0865],[-58.6482,-32.1726],[-58.6287,-32.1932],[-58.5933,-32.1943],[-58.5804,-32.2086],[-58.5631,-32.2116],[-58.557,-32.2321],[-58.5632,-32.244],[-58.5531,-32.2438],[-58.5401,-32.2277],[-58.5434,-32.2045],[-58.5302,-32.1906],[-58.4122,-32.1836],[-58.4141,-32.2503],[-58.3629,-32.2556],[-58.3554,-32.2641],[-58.3407,-32.2646],[-58.3243,-32.2766],[-58.3205,-32.2939],[-58.3134,-32.2932],[-58.2888,-32.3193],[-58.2864,-32.3317],[-58.2399,-32.3437],[-58.2313,-32.3571],[-58.2217,-32.3573],[-58.2252,-32.3666],[-58.212,-32.3545],[-58.1982,-32.3567],[-58.1914,-32.3802],[-58.1854,-32.3808],[-58.1846,-32.3809],[-58.1691,-32.361],[-58.1235,-32.3408],[-58.1015,-32.3056],[-58.0989,-32.2729],[-58.1049,-32.2445],[-58.1833,-32.1592],[-58.1674,-32.0914],[-58.1431,-32.0606],[-58.1383,-32.0018],[-58.1687,-31.9321],[-58.1913,-31.9203],[-58.2067,-31.8712],[-58.1896,-31.8527],[-58.0839,-31.8196],[-58.0385,-31.7599],[-58.0372,-31.7281],[-58.0382,-31.7277],[-58.0538,-31.7323],[-58.0544,-31.7328]]]}},
{"type":"Feature","properties":{"name":"Concordia","georefId":"30015","provinciaGeorefId":"30","tipo":"Departamento"},"geometry":{"type":"Polygon","coordinates":[[[-57.9778,-31.1836],[-58.0276,-31.1235],[-58.0651,-31.1142],[-58.0819,-31.0951],[-58.1052,-31.0845],[-58.125,-31.0893],[-58.1927,-31.0541],[-58.2038,-31.0565],[-58.2205,-31.0464],[-58.219,-31.028],[-58.2444,-31.0242],[-58.2428,-31.0158],[-58.2315,-31.0125],[-58.2492,-30.992],[-58.2438,-30.9479],[-58.2512,-30.9274],[-58.2742,-30.918],[-58.2766,-30.8829],[-58.2491,-30.8534],[-58.3604,-30.8407],[-58.3893,-30.8264],[-58.4087,-30.838],[-58.4183,-30.8335],[-58.4461,-30.8892],[-58.4386,-30.8978],[-58.4645,-30.9082],[-58.4623,-30.9356],[-58.4695,-30.9342],[-58.4687,-30.9459],[-58.4844,-30.9506],[-58.4869,-30.9697],[-58.4943,-30.9676],[-58.5073,-30.9823],[-58.5068,-30.9896],[-58.4895,-30.9968],[-58.4896,-31.0167],[-58.5097,-31.0327],[-58.5144,-31.0257],[-58.5223,-31.038],[-58.5384,-31.0415],[-58.5446,-31.0346],[-58.5496,-31.0457],[-58.5589,-31.0439],[-58.5589,-31.0365],[-58.573,-31.0445],[-58.5805,-31.041],[-58.5794,-31.0492],[-58.5905,-31.0506],[-58.5988,-31.0617],[-58.5769,-31.0724],[-58.571,-31.082],[-58.5792,-31.0815],[-58.58,-31.0918],[-58.5725,-31.1076],[-58.5629,-31.1065],[-58.5573,-31.1251],[-58.5436,-31.1369],[-58.5321,-31.1366],[-58.4786,-31.1679],[-58.4586,-31.1709],[-58.4387,-31.1805],[-58.4292,-31.1946],[-58.3879,-31.2105],[-58.4092,-31.2386],[-58.4643,-31.2601],[-58.4719,-31.2665],[-58.4564,-31.2787],[-58.4119,-31.3512],[-58.4198,-31.3689],[-58.4313,-31.365],[-58.4599,-31.3891],[-58.4512,-31.4017],[-58.4497,-31.4313],[-58.3463,-31.4903],[-58.3256,-31.4859],[-58.3275,-31.5014],[-58.3463,-31.5065],[-58.343,-31.5216],[-58.3302,-31.5232],[-58.3288,-31.5448],[-58.2871,-31.5396],[-58.2975,-31.6026],[-58.2654,-31.6024],[-58.2754,-31.6654],[-58.2885,-31.6687],[-58.2774,-31.6995],[-58.2404,-31.7171],[-58.2289,-31.7346],[-58.1991,-31.7339],[-58.1839,-31.7448],[-58.1641,-31.7449],[-58.1446,-31.7365],[-58.1441,-31.7262],[-58.1279,-31.728],[-58.1226,-31.7212],[-58.1076,-31.7306],[-58.0939,-31.7252],[-58.0856,-31.7341],[-58.0863,-31.7195],[-58.0713,-31.7256],[-58.0664,-31.7378],[-58.0544,-31.7328],[-58.0538,-31.7323],[-58.0382,-31.7277],[-58.0372,-31.7281],[-58.0129,-31.6867],[-57.9806,-31.581],[-58.0045,-31.5452],[-58.0043,-31.5315],[-58.0783,-31.4888],[-58.0824,-31.4578],[-58.0596,-31.4351],[-57.9805,-31.3904],[-57.9786,-31.3801],[-57.9969,-31.3605],[-57.9818,-31.3358],[-57.9809,-31.3188],[-57.9371,-31.2733],[-57.9219,-31.2316],[-57.9224,-31.2314],[-57.9237,-31.2309],[-57.9369,-31.2259],[-57.9574,-31.217],[-57.9668,-31.1988],[-57.9778,-31.1836]]]}},
{"type":"Feature","properties":{"name":"Diamante","georefId":"30021","provinciaGeorefId":"30","tipo":"Departamento"},"geometry":{"type":"Polygon","coordinates":[[[-60.7691,-32.4968],[-60.7747,-32.5144],[-60.7524,-32.5416],[-60.7451,-32.5647],[-60.7521,-32.6222],[-60.7259,-32.6637],[-60.7241,-32.6637],[-60.7158,-32.6638],[-60.684,-32.6799],[-60.6704,-32.6594],[-60.6694,-32.6301],[-60.6519,-32.6269],[-60.6264,-32.6408],[-60.6082,-32.6407],[-60.5635,-32.6151],[-60.5598,-32.6423],[-60.5573,-32.6167],[-60.5385,-32.6198],[-60.5147,-32.6089],[-60.5193,-32.602],[-60.5108,-32.5914],[-60.5234,-32.5825],[-60.5205,-32.5751],[-60.5313,-32.574],[-60.5259,-32.5631],[-60.5347,-32.5366],[-60.5286,-32.5287],[-60.542,-32.5261],[-60.5266,-32.5172],[-60.5241,-32.5364],[-60.5181,-32.5306],[-60.5114,-32.5377],[-60.525,-32.5457],[-60.5161,-32.5522],[-60.4818,-32.5437],[-60.4739,-32.5317],[-60.4832,-32.5246],[-60.4742,-32.5255],[-60.4691,-32.5166],[-60.481,-32.5191],[-60.4806,-32.5128],[-60.4707,-32.5125],[-60.4792,-32.5062],[-60.4697,-32.5049],[-60.4776,-32.491],[-60.45,-32.4826],[-60.4486,-32.4581],[-60.4589,-32.4403],[-60.4423,-32.4318],[-60.4412,-32.4433],[-60.4164,-32.4426],[-60.3975,-32.4272],[-60.3994,-32.4015],[-60.426,-32.3857],[-60.442,-32.34],[-60.4226,-32.3023],[-60.3901,-32.2905],[-60.3369,-32.2985],[-60.2785,-32.2459],[-60.2797,-32.2326],[-60.1739,-32.2185],[-60.1819,-32.1925],[-60.1414,-32.1584],[-60.1827,-32.1229],[-60.2097,-32.1451],[-60.2259,-32.1157],[-60.215,-32.1147],[-60.2542,-32.0527],[-60.2736,-32.055],[-60.2862,-32.0453],[-60.3031,-32.0827],[-60.3173,-32.073],[-60.3249,-32.0794],[-60.3433,-32.0613],[-60.3461,-32.0399],[-60.3532,-32.0393],[-60.3453,-32.0163],[-60.3663,-32.0024],[-60.3664,-31.995],[-60.3448,-31.9948],[-60.3444,-31.9777],[-60.3291,-31.9875],[-60.3431,-31.9479],[-60.367,-31.9477],[-60.385,-31.9324],[-60.4168,-31.9594],[-60.4192,-31.9534],[-60.4628,-31.951],[-60.4597,-31.9391],[-60.5171,-31.9256],[-60.5136,-31.8917],[-60.5382,-31.8898],[-60.5225,-31.8526],[-60.5423,-31.8486],[-60.5398,-31.8358],[-60.567,-31.832],[-60.5592,-31.8219],[-60.571,-31.8097],[-60.6005,-31.8266],[-60.6755,-31.8172],[-60.6607,-31.8512],[-60.6572,-31.9113],[-60.6719,-31.9302],[-60.7218,-31.9662],[-60.7227,-31.9722],[-60.7207,-31.9852],[-60.6844,-32.0121],[-60.6637,-32.0384],[-60.656,-32.0671],[-60.6913,-32.1217],[-60.7004,-32.1498],[-60.6971,-32.1824],[-60.6726,-32.2326],[-60.6828,-32.2865],[-60.679,-32.3195],[-60.7069,-32.3236],[-60.719,-32.334],[-60.7116,-32.3931],[-60.7238,-32.4561],[-60.7691,-32.4968]]]}},
{"type":"Feature","properties":{"name":"Federación","georefId":"30028","provinciaGeorefId":"30","tipo":"Departamento"},"geometry":{"type":"Polygon","coordinates":[[[-58.2696,-30.2524],[-58.2771,-30.2619],[-58.2775,-30.263],[-58.2779,-30.264],[-58.2783,-30.2651],[-58.3024,-30.3252],[-58.3128,-30.3347],[-58.3091,-30.3275],[-58.3385,-30.3137],[-58.3538,-30.329],[-58.3867,-30.313],[-58.4079,-30.3161],[-58.4064,-30.3461],[-58.3637,-30.3338],[-58.3485,-30.3412],[-58.339,-30.3564],[-58.3905,-30.3995],[-58.4061,-30.457],[-58.408,-30.4612],[-58.464,-30.5796],[-58.4781,-30.5723],[-58.5092,-30.6051],[-58.522,-30.6081],[-58.501,-30.6263],[-58.568,-30.6665],[-58.5775,-30.6907],[-58.5688,-30.7009],[-58.5391,-30.7078],[-58.4915,-30.7322],[-58.4841,-30.7757],[-58.4712,-30.7884],[-58.4713,-30.7987],[-58.4483,-30.817],[-58.4219,-30.8237],[-58.4183,-30.8335],[-58.4087,-30.838],[-58.3893,-30.8264],[-58.3604,-30.8407],[-58.2491,-30.8534],[-58.2766,-30.8829],[-58.2742,-30.918],[-58.2512,-30.9274],[-58.2438,-30.9479],[-58.2492,-30.992],[-58.2315,-31.0125],[-58.2428,-31.0158],[-58.2444,-31.0242],[-58.219,-31.028],[-58.2205,-31.0464],[-58.2038,-31.0565],[-58.1927,-31.0541],[-58.125,-31.0893],[-58.1052,-31.0845],[-58.0819,-31.0951],[-58.0651,-31.1142],[-58.0276,-31.1235],[-57.9778,-31.1836],[-57.9668,-31.1988],[-57.9574,-31.217],[-57.9369,-31.2259],[-57.9237,-31.2309],[-57.9224,-31.2314],[-57.9219,-31.2316],[-57.912,-31.1837],[-57.9191,-31.1299],[-57.8713,-31.0703],[-57.8616,-31.042],[-57.8666,-31.0134],[-57.915,-30.9209],[-57.8944,-30.9072],[-57.8454,-30.92],[-57.8218,-30.9078],[-57.7992,-30.8532],[-57.8067,-30.823],[-57.7974,-30.7827],[-57.8112,-30.7542],[-57.8095,-30.7302],[-57.8103,-30.7294],[-57.8215,-30.7194],[-57.8437,-30.7217],[-57.8493,-30.7081],[-57.851,-30.7005],[-57.8948,-30.6694],[-57.9329,-30.6538],[-57.9749,-30.6473],[-57.9731,-30.6377],[-57.9851,-30.6326],[-57.9802,-30.6294],[-58.0335,-30.5977],[-58.037,-30.5679],[-58.0455,-30.5592],[-58.053,-30.5632],[-58.0691,-30.5449],[-58.0628,-30.5352],[-58.0702,-30.5244],[-58.0595,-30.514],[-58.0578,-30.4964],[-58.0738,-30.4818],[-58.0688,-30.4757],[-58.0795,-30.4551],[-58.0718,-30.4515],[-58.0779,-30.4432],[-58.0709,-30.4306],[-58.128,-30.4045],[-58.1423,-30.4052],[-58.1919,-30.3356],[-58.1939,-30.3094],[-58.2069,-30.2886],[-58.2696,-30.2524]]]}},
{"type":"Feature","properties":{"name":"Federal","georefId":"30035","provinciaGeorefId":"30","tipo":"Departamento"},"geometry":{"type":"Polygon","coordinates":[[[-58.5775,-30.6907],[-58.5983,-30.674],[-58.6643,-30.7017],[-58.708,-30.6989],[-58.7223,-30.687],[-58.7597,-30.6903],[-58.791,-30.6801],[-58.8234,-30.6548],[-58.8455,-30.6637],[-58.8727,-30.6613],[-58.8876,-30.6353],[-58.901,-30.632],[-58.9044,-30.6235],[-58.915,-30.6294],[-58.9225,-30.6196],[-58.9639,-30.6014],[-59.001,-30.6132],[-59.0121,-30.6214],[-59.012,-30.6349],[-59.0262,-30.6382],[-59.0259,-30.6494],[-59.0412,-30.661],[-59.0419,-30.6704],[-59.0596,-30.6814],[-59.0682,-30.6757],[-59.0674,-30.6902],[-59.085,-30.6963],[-59.0978,-30.691],[-59.0964,-30.6979],[-59.1136,-30.7055],[-59.1174,-30.7179],[-59.1443,-30.7185],[-59.1771,-30.7446],[-59.1817,-30.7405],[-59.1926,-30.7498],[-59.2008,-30.7456],[-59.2086,-30.7654],[-59.2605,-30.7629],[-59.264,-30.77],[-59.2993,-30.7807],[-59.297,-30.7896],[-59.3314,-30.7959],[-59.3342,-30.8083],[-59.3221,-30.8101],[-59.3208,-30.8225],[-59.3091,-30.8248],[-59.2925,-30.8463],[-59.2909,-30.8694],[-59.2791,-30.8751],[-59.2818,-30.8856],[-59.2713,-30.9042],[-59.3074,-30.938],[-59.2804,-30.9685],[-59.3341,-30.9934],[-59.331,-31.0002],[-59.3308,-31.0003],[-59.3307,-31.0002],[-59.3303,-30.9998],[-59.33,-30.9998],[-59.3399,-31.0093],[-59.3202,-31.0222],[-59.315,-31.0188],[-59.2864,-31.0569],[-59.275,-31.0587],[-59.278,-31.0782],[-59.2782,-31.0788],[-59.3012,-31.1106],[-59.2615,-31.1354],[-59.2665,-31.1629],[-59.2592,-31.1747],[-59.2863,-31.2562],[-59.286,-31.2564],[-59.2861,-31.2578],[-59.2863,-31.258],[-59.2974,-31.2837],[-59.2855,-31.3029],[-59.235,-31.267],[-59.2262,-31.2885],[-59.191,-31.3061],[-59.1977,-31.3193],[-59.1731,-31.3502],[-59.1632,-31.3743],[-59.1677,-31.379],[-59.1468,-31.3979],[-59.1487,-31.4133],[-59.1321,-31.4185],[-59.1254,-31.4344],[-59.1114,-31.4357],[-59.0954,-31.4551],[-59.0905,-31.4463],[-59.0801,-31.448],[-59.0875,-31.441],[-59.0741,-31.4333],[-59.0786,-31.4251],[-59.0658,-31.4124],[-59.0749,-31.4032],[-59.0451,-31.3935],[-59.0528,-31.3791],[-59.0352,-31.3763],[-59.0464,-31.3672],[-59.0353,-31.3649],[-59.0357,-31.3492],[-59.0166,-31.347],[-59.0202,-31.3432],[-59.0097,-31.3362],[-59.0107,-31.326],[-59.019,-31.3251],[-59.0073,-31.3205],[-59.0065,-31.3051],[-58.9914,-31.2953],[-58.9985,-31.288],[-58.9718,-31.2713],[-58.976,-31.2568],[-58.9638,-31.2583],[-58.946,-31.2467],[-58.9486,-31.2369],[-58.9256,-31.2376],[-58.93,-31.2284],[-58.9109,-31.2278],[-58.9056,-31.2126],[-58.8931,-31.2133],[-58.8854,-31.2238],[-58.8633,-31.2225],[-58.8158,-31.2511],[-58.7971,-31.2536],[-58.7825,-31.2699],[-58.7434,-31.2776],[-58.6847,-31.3013],[-58.6632,-31.2922],[-58.659,-31.2992],[-58.6396,-31.2985],[-58.585,-31.2577],[-58.5326,-31.2688],[-58.4643,-31.2601],[-58.4092,-31.2386],[-58.3879,-31.2105],[-58.4292,-31.1946],[-58.4387,-31.1805],[-58.4586,-31.1709],[-58.4786,-31.1679],[-58.5321,-31.1366],[-58.5436,-31.1369],[-58.5573,-31.1251],[-58.5629,-31.1065],[-58.5725,-31.1076],[-58.58,-31.0918],[-58.5792,-31.0815],[-58.571,-31.082],[-58.5769,-31.0724],[-58.5988,-31.0617],[-58.5905,-31.0506],[-58.5794,-31.0492],[-58.5805,-31.041],[-58.573,-31.0445],[-58.5589,-31.0365],[-58.5589,-31.0439],[-58.5496,-31.0457],[-58.5446,-31.0346],[-58.5384,-31.0415],[-58.5223,-31.038],[-58.5144,-31.0257],[-58.5097,-31.0327],[-58.4896,-31.0167],[-58.4895,-30.9968],[-58.5068,-30.9896],[-58.5073,-30.9823],[-58.4943,-30.9676],[-58.4869,-30.9697],[-58.4844,-30.9506],[-58.4687,-30.9459],[-58.4695,-30.9342],[-58.4623,-30.9356],[-58.4645,-30.9082],[-58.4386,-30.8978],[-58.4461,-30.8892],[-58.4183,-30.8335],[-58.4219,-30.8237],[-58.4483,-30.817],[-58.4713,-30.7987],[-58.4712,-30.7884],[-58.4841,-30.7757],[-58.4915,-30.7322],[-58.5391,-30.7078],[-58.5688,-30.7009],[-58.5775,-30.6907]]]}},
{"type":"Feature","properties":{"name":"Feliciano","georefId":"30042","provinciaGeorefId":"30","tipo":"Departamento"},"geometry":{"type":"Polygon","coordinates":[[[-58.2771,-30.2619],[-58.2696,-30.2524],[-58.2856,-30.2446],[-58.3437,-30.2712],[-58.3693,-30.2647],[-58.387,-30.251],[-58.404,-30.2498],[-58.4146,-30.235],[-58.4365,-30.2299],[-58.437,-30.2217],[-58.4515,-30.2249],[-58.4621,-30.2065],[-58.4966,-30.2077],[-58.5255,-30.1894],[-58.5535,-30.1852],[-58.578,-30.16],[-58.5789,-30.16],[-58.579,-30.16],[-58.5794,-30.1598],[-58.5801,-30.1596],[-58.63,-30.1769],[-58.6471,-30.1632],[-58.6587,-30.1688],[-58.6817,-30.1636],[-58.6807,-30.175],[-58.7338,-30.1934],[-58.7484,-30.2139],[-58.7717,-30.2124],[-58.7879,-30.2191],[-58.7876,-30.2137],[-58.7958,-30.2185],[-58.8038,-30.2108],[-58.831,-30.2313],[-58.8698,-30.2344],[-58.8789,-30.2467],[-58.912,-30.2482],[-58.9646,-30.2185],[-59.0015,-30.2237],[-59.0087,-30.2185],[-59.0514,-30.235],[-59.0643,-30.2308],[-59.0815,-30.2491],[-59.0753,-30.257],[-59.1081,-30.2731],[-59.1082,-30.2731],[-59.1087,-30.2732],[-59.1101,-30.2799],[-59.1207,-30.276],[-59.1237,-30.2848],[-59.1366,-30.2866],[-59.1365,-30.3116],[-59.1436,-30.3171],[-59.1587,-30.323],[-59.1717,-30.3181],[-59.181,-30.333],[-59.1921,-30.3295],[-59.1922,-30.3367],[-59.2009,-30.3348],[-59.2104,-30.3471],[-59.1972,-30.3511],[-59.1768,-30.377],[-59.1307,-30.3768],[-59.0914,-30.3905],[-59.0682,-30.4213],[-59.0798,-30.4849],[-59.057,-30.4977],[-59.0544,-30.5189],[-58.9997,-30.5205],[-58.99,-30.5209],[-58.9824,-30.5212],[-58.9825,-30.5572],[-58.9317,-30.5611],[-58.9433,-30.5722],[-58.9496,-30.5675],[-58.9614,-30.5907],[-58.9835,-30.5942],[-58.9841,-30.5944],[-58.999,-30.6035],[-59.001,-30.6132],[-58.9639,-30.6014],[-58.9225,-30.6196],[-58.915,-30.6294],[-58.9044,-30.6235],[-58.901,-30.632],[-58.8876,-30.6353],[-58.8727,-30.6613],[-58.8455,-30.6637],[-58.8234,-30.6548],[-58.791,-30.6801],[-58.7597,-30.6903],[-58.7223,-30.687],[-58.708,-30.6989],[-58.6643,-30.7017],[-58.5983,-30.674],[-58.5775,-30.6907],[-58.568,-30.6665],[-58.501,-30.6263],[-58.522,-30.6081],[-58.5092,-30.6051],[-58.4781,-30.5723],[-58.464,-30.5796],[-58.408,-30.4612],[-58.4061,-30.457],[-58.3905,-30.3995],[-58.339,-30.3564],[-58.3485,-30.3412],[-58.3637,-30.3338],[-58.4064,-30.3461],[-58.4079,-30.3161],[-58.3867,-30.313],[-58.3538,-30.329],[-58.3385,-30.3137],[-58.3091,-30.3275],[-58.3128,-30.3347],[-58.3024,-30.3252],[-58.2783,-30.2651],[-58.2779,-30.264],[-58.2775,-30.263],[-58.2771,-30.2619]]]}},
{"type":"Feature","properties":{"name":"Gualeguay","georefId":"30049","provinciaGeorefId":"30","tipo":"Departamento"},"geometry":{"type":"Polygon","coordinates":[[[-59.1765,-33.7978],[-59.1784,-33.7928],[-59.1789,-33.746],[-59.2352,-33.7105],[-59.2596,-33.6374],[-59.3056,-33.595],[-59.3206,-33.543],[-59.3648,-33.5425],[-59.3852,-33.5088],[-59.4107,-33.4897],[-59.4309,-33.4611],[-59.5274,-33.4329],[-59.5407,-33.4065],[-59.5404,-33.378],[-59.5842,-33.3725],[-59.6219,-33.3569],[-59.6313,-33.3408],[-59.6083,-33.3262],[-59.6316,-33.321],[-59.6449,-33.3014],[-59.6241,-33.2811],[-59.6209,-33.265],[-59.551,-33.1984],[-59.5224,-33.1984],[-59.5159,-33.2142],[-59.4958,-33.2262],[-59.4658,-33.2211],[-59.424,-33.2281],[-59.4159,-33.2129],[-59.3912,-33.2313],[-59.3644,-33.2231],[-59.3583,-33.2305],[-59.3372,-33.2292],[-59.3427,-33.2053],[-59.3233,-33.202],[-59.3174,-33.2097],[-59.3123,-33.2029],[-59.337,-33.1834],[-59.3219,-33.1777],[-59.3087,-33.1891],[-59.2991,-33.188],[-59.2976,-33.1774],[-59.3089,-33.1789],[-59.296,-33.1699],[-59.292,-33.1535],[-59.2515,-33.1168],[-59.2681,-33.1182],[-59.271,-33.1127],[-59.2591,-33.1076],[-59.2706,-33.1049],[-59.2776,-33.0914],[-59.2733,-33.0789],[-59.2627,-33.0772],[-59.2665,-33.06],[-59.2494,-33.0549],[-59.2523,-33.0436],[-59.2346,-33.0342],[-59.237,-33.0219],[-59.2256,-33.0198],[-59.2314,-33.0052],[-59.2193,-32.9958],[-59.2191,-32.986],[-59.212,-32.9802],[-59.2011,-32.986],[-59.1966,-32.9678],[-59.2028,-32.9619],[-59.192,-32.9587],[-59.1879,-32.9349],[-59.1646,-32.9288],[-59.1625,-32.9188],[-59.1421,-32.912],[-59.1526,-32.9065],[-59.1531,-32.8828],[-59.1625,-32.8739],[-59.147,-32.8737],[-59.1425,-32.8488],[-59.1272,-32.8486],[-59.125,-32.8355],[-59.1422,-32.8259],[-59.1329,-32.8127],[-59.1149,-32.8066],[-59.1316,-32.7768],[-59.1146,-32.7739],[-59.1231,-32.7676],[-59.1117,-32.7523],[-59.1356,-32.7501],[-59.1363,-32.7336],[-59.128,-32.7258],[-59.1449,-32.7126],[-59.2276,-32.6994],[-59.2729,-32.682],[-59.2698,-32.6775],[-59.4149,-32.6398],[-59.405,-32.5995],[-59.4534,-32.5564],[-59.6017,-32.552],[-59.6054,-32.597],[-59.599,-32.6035],[-59.6077,-32.6327],[-59.638,-32.6153],[-59.6482,-32.6207],[-59.6586,-32.6131],[-59.7047,-32.6103],[-59.7538,-32.5816],[-59.7719,-32.5897],[-59.7857,-32.6019],[-59.7809,-32.6141],[-59.7932,-32.6203],[-59.7873,-32.6251],[-59.7974,-32.6274],[-59.7988,-32.6421],[-59.777,-32.6626],[-59.7837,-32.6709],[-59.7791,-32.698],[-59.7897,-32.7105],[-59.7807,-32.73],[-59.7948,-32.7367],[-59.7952,-32.766],[-59.8112,-32.7984],[-59.8457,-32.824],[-59.8511,-32.8335],[-59.8448,-32.8387],[-59.8583,-32.8392],[-59.8575,-32.8498],[-59.865,-32.8532],[-59.8572,-32.8685],[-59.872,-32.8889],[-59.8685,-32.9003],[-59.8373,-32.9129],[-59.8358,-32.9326],[-59.8565,-32.9377],[-59.8778,-32.9277],[-59.9047,-32.9308],[-59.9331,-32.9037],[-59.9557,-32.8989],[-60.0077,-32.9316],[-60.024,-32.9507],[-60.0156,-32.9754],[-60.0027,-32.9759],[-59.9863,-32.9647],[-59.9777,-32.9678],[-59.9824,-32.9919],[-60.0068,-32.9979],[-60.0359,-32.9881],[-60.0459,-32.9949],[-60.0383,-33.0094],[-60.0204,-33.0178],[-59.9965,-33.0207],[-59.9777,-33.0105],[-59.9641,-33.0299],[-59.9678,-33.0094],[-59.9603,-33.0061],[-59.9384,-33.0401],[-59.923,-33.0288],[-59.892,-33.0409],[-59.8771,-33.0719],[-59.8481,-33.1021],[-59.8376,-33.0958],[-59.837,-33.0757],[-59.8167,-33.0792],[-59.807,-33.1251],[-59.78,-33.1233],[-59.7678,-33.1362],[-59.7848,-33.1691],[-59.803,-33.1737],[-59.8215,-33.202],[-59.8198,-33.2152],[-59.7932,-33.2425],[-59.806,-33.2455],[-59.8349,-33.2713],[-59.8577,-33.2734],[-59.8845,-33.265],[-59.8871,-33.2378],[-59.9077,-33.2224],[-59.9105,-33.2448],[-59.9009,-33.2687],[-59.9089,-33.2777],[-59.9408,-33.2768],[-59.9413,-33.2449],[-59.9511,-33.2378],[-60.0169,-33.2845],[-60.0276,-33.2727],[-60.0246,-33.2497],[-60.036,-33.2295],[-60.0565,-33.2351],[-60.0351,-33.2455],[-60.0693,-33.2574],[-60.1204,-33.2196],[-60.1509,-33.2316],[-60.1461,-33.2523],[-60.1696,-33.2557],[-60.1822,-33.2482],[-60.1836,-33.2282],[-60.1982,-33.2228],[-60.2126,-33.2326],[-60.2201,-33.2554],[-60.2326,-33.2383],[-60.2341,-33.2137],[-60.265,-33.1996],[-60.2753,-33.1957],[-60.2932,-33.1928],[-60.2916,-33.1942],[-60.2845,-33.2099],[-60.2988,-33.2266],[-60.2978,-33.2423],[-60.2595,-33.2619],[-60.2007,-33.2922],[-60.1656,-33.3508],[-60.1111,-33.373],[-60.0871,-33.3944],[-60.0722,-33.4247],[-60.0353,-33.4525],[-59.9994,-33.4701],[-59.933,-33.4749],[-59.8947,-33.5103],[-59.8287,-33.5246],[-59.8095,-33.5517],[-59.8106,-33.5858],[-59.7784,-33.6067],[-59.7266,-33.6039],[-59.6589,-33.62],[-59.636,-33.6427],[-59.628,-33.6857],[-59.6128,-33.6952],[-59.5906,-33.6872],[-59.5298,-33.6334],[-59.5167,-33.6308],[-59.4891,-33.6433],[-59.4757,-33.6584],[-59.4678,-33.7043],[-59.437,-33.729],[-59.3777,-33.7365],[-59.247,-33.725],[-59.2354,-33.74],[-59.2548,-33.7939],[-59.2423,-33.8075],[-59.2227,-33.8134],[-59.1729,-33.8073],[-59.1717,-33.8078],[-59.1711,-33.8081],[-59.1765,-33.7978]]]}},
{"type":"Feature","properties":{"name":"Gualeguaychú","georefId":"30056","provinciaGeorefId":"30","tipo":"Departamento"},"geometry":{"type":"Polygon","coordinates":[[[-58.2051,-33.0274],[-58.2638,-33.0273],[-58.2627,-32.8757],[-58.4983,-32.8736],[-58.4949,-32.8609],[-58.4847,-32.8637],[-58.4865,-32.8426],[-58.4955,-32.8363],[-58.4888,-32.8108],[-58.4929,-32.8015],[-58.5014,-32.8012],[-58.4933,-32.7748],[-58.5053,-32.7565],[-58.4897,-32.7455],[-58.5046,-32.733],[-58.5092,-32.7048],[-58.518,-32.7003],[-58.5097,-32.6868],[-58.5139,-32.6739],[-58.5337,-32.6687],[-58.5198,-32.6562],[-58.5324,-32.637],[-58.5232,-32.6223],[-58.5316,-32.6109],[-58.5115,-32.5966],[-58.5173,-32.5969],[-58.5212,-32.5619],[-58.5472,-32.552],[-58.5824,-32.5535],[-58.6222,-32.5165],[-58.6415,-32.5113],[-58.6657,-32.5279],[-58.6865,-32.5279],[-58.7263,-32.5527],[-58.7514,-32.5528],[-58.7641,-32.561],[-58.803,-32.5584],[-58.8144,-32.5498],[-58.8221,-32.5541],[-58.8385,-32.5491],[-58.8813,-32.5172],[-58.9117,-32.5104],[-58.9213,-32.4919],[-58.9383,-32.4958],[-58.971,-32.5227],[-59.0284,-32.4932],[-59.068,-32.486],[-59.0962,-32.4663],[-59.0966,-32.4804],[-59.1063,-32.4846],[-59.0973,-32.5066],[-59.1121,-32.5152],[-59.1072,-32.5337],[-59.1178,-32.5308],[-59.0967,-32.5434],[-59.1029,-32.5529],[-59.097,-32.559],[-59.1101,-32.5638],[-59.0886,-32.5737],[-59.1096,-32.5879],[-59.0947,-32.5929],[-59.1015,-32.5958],[-59.0965,-32.6047],[-59.103,-32.6154],[-59.0951,-32.6144],[-59.0924,-32.6236],[-59.1058,-32.6332],[-59.1041,-32.6453],[-59.1155,-32.6623],[-59.1085,-32.666],[-59.1267,-32.6634],[-59.1178,-32.6849],[-59.1449,-32.7126],[-59.128,-32.7258],[-59.1363,-32.7336],[-59.1356,-32.7501],[-59.1117,-32.7523],[-59.1231,-32.7676],[-59.1146,-32.7739],[-59.1316,-32.7768],[-59.1149,-32.8066],[-59.1329,-32.8127],[-59.1422,-32.8259],[-59.125,-32.8355],[-59.1272,-32.8486],[-59.1425,-32.8488],[-59.147,-32.8737],[-59.1625,-32.8739],[-59.1531,-32.8828],[-59.1526,-32.9065],[-59.1421,-32.912],[-59.1625,-32.9188],[-59.1646,-32.9288],[-59.1879,-32.9349],[-59.192,-32.9587],[-59.2028,-32.9619],[-59.1966,-32.9678],[-59.2011,-32.986],[-59.212,-32.9802],[-59.2191,-32.986],[-59.2193,-32.9958],[-59.2314,-33.0052],[-59.2256,-33.0198],[-59.237,-33.0219],[-59.2346,-33.0342],[-59.2523,-33.0436],[-59.2494,-33.0549],[-59.2665,-33.06],[-59.2627,-33.0772],[-59.2733,-33.0789],[-59.2776,-33.0914],[-59.2706,-33.1049],[-59.2591,-33.1076],[-59.271,-33.1127],[-59.2681,-33.1182],[-59.2515,-33.1168],[-59.292,-33.1535],[-59.2709,-33.1656],[-59.2519,-33.2076],[-59.2232,-33.323],[-59.147,-33.4102],[-59.0948,-33.4215],[-58.9533,-33.481],[-58.8464,-33.4985],[-58.8361,-33.4971],[-58.8612,-33.4807],[-58.8409,-33.4422],[-58.8019,-33.4583],[-58.7934,-33.44],[-58.7464,-33.4765],[-58.6838,-33.4363],[-58.6589,-33.4366],[-58.6256,-33.4585],[-58.6083,-33.4579],[-58.6094,-33.4645],[-58.6023,-33.4599],[-58.6059,-33.4697],[-58.598,-33.476],[-58.5793,-33.4408],[-58.5623,-33.4576],[-58.5491,-33.4517],[-58.545,-33.4645],[-58.5341,-33.4697],[-58.4726,-33.4894],[-58.4345,-33.5015],[-58.4431,-33.4481],[-58.4311,-33.4122],[-58.4317,-33.3633],[-58.3972,-33.3138],[-58.3905,-33.2791],[-58.4098,-33.2356],[-58.4044,-33.1806],[-58.3697,-33.1277],[-58.3154,-33.1062],[-58.258,-33.1028],[-58.1768,-33.0772],[-58.1394,-33.0406],[-58.114,-33.0302],[-58.1144,-33.0301],[-58.1184,-33.0299],[-58.1318,-33.0263],[-58.1361,-33.0264],[-58.2051,-33.0274]]]}},
{"type":"Feature","properties":{"name":"Islas del Ibicuy","georefId":"30063","provinciaGeorefId":"30","tipo":"Departamento"},"geometry":{"type":"Polygon","coordinates":[[[-58.5341,-33.4697],[-58.545,-33.4645],[-58.5491,-33.4517],[-58.5623,-33.4576],[-58.5793,-33.4408],[-58.598,-33.476],[-58.6059,-33.4697],[-58.6023,-33.4599],[-58.6094,-33.4645],[-58.6083,-33.4579],[-58.6256,-33.4585],[-58.6589,-33.4366],[-58.6838,-33.4363],[-58.7464,-33.4765],[-58.7934,-33.44],[-58.8019,-33.4583],[-58.8409,-33.4422],[-58.8612,-33.4807],[-58.8361,-33.4971],[-58.8464,-33.4985],[-58.9533,-33.481],[-59.0948,-33.4215],[-59.147,-33.4102],[-59.2232,-33.323],[-59.2519,-33.2076],[-59.2709,-33.1656],[-59.292,-33.1535],[-59.296,-33.1699],[-59.3089,-33.1789],[-59.2976,-33.1774],[-59.2991,-33.188],[-59.3087,-33.1891],[-59.3219,-33.1777],[-59.337,-33.1834],[-59.3123,-33.2029],[-59.3174,-33.2097],[-59.3233,-33.202],[-59.3427,-33.2053],[-59.3372,-33.2292],[-59.3583,-33.2305],[-59.3644,-33.2231],[-59.3912,-33.2313],[-59.4159,-33.2129],[-59.424,-33.2281],[-59.4658,-33.2211],[-59.4958,-33.2262],[-59.5159,-33.2142],[-59.5224,-33.1984],[-59.551,-33.1984],[-59.6209,-33.265],[-59.6241,-33.2811],[-59.6449,-33.3014],[-59.6316,-33.321],[-59.6083,-33.3262],[-59.6313,-33.3408],[-59.6219,-33.3569],[-59.5842,-33.3725],[-59.5404,-33.378],[-59.5407,-33.4065],[-59.5274,-33.4329],[-59.4309,-33.4611],[-59.4107,-33.4897],[-59.3852,-33.5088],[-59.3648,-33.5425],[-59.3206,-33.543],[-59.3056,-33.595],[-59.2596,-33.6374],[-59.2352,-33.7105],[-59.1789,-33.746],[-59.1784,-33.7928],[-59.1765,-33.7978],[-59.1711,-33.8081],[-59.1708,-33.8082],[-59.1307,-33.8477],[-59.0555,-33.8324],[-59.0205,-33.8489],[-58.9929,-33.8418],[-58.9779,-33.8704],[-58.9336,-33.8744],[-58.8998,-33.891],[-58.8684,-33.9365],[-58.8372,-33.9538],[-58.7637,-33.9453],[-58.6753,-34.0255],[-58.6379,-34.0393],[-58.6072,-34.0379],[-58.4632,-34.0019],[-58.3789,-34.0122],[-58.345,-34.0384],[-58.3767,-34],[-58.4235,-33.9167],[-58.4378,-33.7604],[-58.4344,-33.7219],[-58.4473,-33.6879],[-58.4753,-33.6502],[-58.4946,-33.5872],[-58.48,-33.566],[-58.445,-33.5411],[-58.4345,-33.5015],[-58.4726,-33.4894],[-58.5341,-33.4697]]]}},
{"type":"Feature","properties":{"name":"La Paz","georefId":"30070","provinciaGeorefId":"30","tipo":"Departamento"},"geometry":{"type":"Polygon","coordinates":[[[-59.2104,-30.3471],[-59.2304,-30.3562],[-59.2297,-30.3642],[-59.2524,-30.3652],[-59.2735,-30.3524],[-59.2738,-30.3597],[-59.2898,-30.356],[-59.2876,-30.362],[-59.3006,-30.3567],[-59.2983,-30.3468],[-59.3237,-30.3542],[-59.3479,-30.3243],[-59.3785,-30.3258],[-59.4237,-30.3155],[-59.441,-30.3295],[-59.464,-30.3243],[-59.4648,-30.337],[-59.4771,-30.3347],[-59.4902,-30.3443],[-59.5149,-30.3425],[-59.5268,-30.3344],[-59.5457,-30.3399],[-59.5577,-30.3326],[-59.5568,-30.3523],[-59.5658,-30.3476],[-59.5747,-30.371],[-59.5724,-30.4084],[-59.5906,-30.435],[-59.6151,-30.4192],[-59.6322,-30.3906],[-59.6368,-30.3578],[-59.6575,-30.3528],[-59.6717,-30.3387],[-59.6714,-30.3763],[-59.6888,-30.3911],[-59.7192,-30.3992],[-59.7234,-30.4117],[-59.7117,-30.4303],[-59.6839,-30.4461],[-59.6514,-30.511],[-59.6459,-30.597],[-59.6784,-30.6469],[-59.6681,-30.676],[-59.6362,-30.7021],[-59.635,-30.7046],[-59.6336,-30.7073],[-59.6332,-30.7082],[-59.6333,-30.7139],[-59.6381,-30.7236],[-59.6592,-30.7445],[-59.6652,-30.7489],[-59.6756,-30.755],[-59.6839,-30.7591],[-59.6994,-30.7691],[-59.7025,-30.7922],[-59.7015,-30.8012],[-59.7049,-30.8174],[-59.708,-30.8259],[-59.7085,-30.8275],[-59.7157,-30.8455],[-59.7161,-30.8462],[-59.7218,-30.8528],[-59.7235,-30.8569],[-59.7308,-30.8683],[-59.734,-30.8749],[-59.738,-30.8802],[-59.7401,-30.8826],[-59.7687,-30.9048],[-59.7701,-30.9057],[-59.7779,-30.913],[-59.7877,-30.919],[-59.8005,-30.929],[-59.805,-30.9321],[-59.8182,-30.9425],[-59.8193,-30.9549],[-59.8237,-30.9658],[-59.8247,-30.9687],[-59.8249,-30.9691],[-59.8261,-30.9717],[-59.8304,-30.9765],[-59.8343,-30.9806],[-59.8364,-30.9829],[-59.846,-30.9999],[-59.8487,-31.0049],[-59.8649,-31.0333],[-59.8695,-31.0414],[-59.8798,-31.0584],[-59.8846,-31.0641],[-59.8848,-31.0643],[-59.8872,-31.0665],[-59.9028,-31.0848],[-59.9135,-31.0943],[-59.9254,-31.1051],[-59.934,-31.1077],[-59.9416,-31.1079],[-59.9422,-31.1079],[-59.9479,-31.1094],[-59.952,-31.1115],[-59.9654,-31.1229],[-59.9673,-31.1256],[-59.9821,-31.1534],[-59.9828,-31.1547],[-59.9833,-31.1557],[-59.9842,-31.1607],[-59.9848,-31.1664],[-59.9844,-31.1699],[-59.9833,-31.1786],[-59.9838,-31.1864],[-59.984,-31.1874],[-59.985,-31.1941],[-59.9647,-31.1969],[-59.9604,-31.2099],[-59.9529,-31.2051],[-59.9544,-31.2154],[-59.9419,-31.2271],[-59.9494,-31.233],[-59.9492,-31.2337],[-59.9447,-31.2631],[-59.9293,-31.2821],[-59.9355,-31.2911],[-59.9262,-31.292],[-59.9045,-31.3322],[-59.9042,-31.3327],[-59.8839,-31.3844],[-59.8863,-31.4069],[-59.8628,-31.4568],[-59.8587,-31.4943],[-59.8255,-31.4996],[-59.7595,-31.4316],[-59.7595,-31.4221],[-59.7368,-31.4185],[-59.7388,-31.4288],[-59.7061,-31.4359],[-59.678,-31.4333],[-59.6127,-31.4511],[-59.624,-31.4685],[-59.6263,-31.5049],[-59.5733,-31.4727],[-59.2855,-31.3029],[-59.2974,-31.2837],[-59.2863,-31.258],[-59.2861,-31.2578],[-59.286,-31.2564],[-59.2863,-31.2562],[-59.2592,-31.1747],[-59.2665,-31.1629],[-59.2615,-31.1354],[-59.3012,-31.1106],[-59.2782,-31.0788],[-59.278,-31.0782],[-59.275,-31.0587],[-59.2864,-31.0569],[-59.315,-31.0188],[-59.3202,-31.0222],[-59.3399,-31.0093],[-59.33,-30.9998],[-59.3303,-30.9998],[-59.3307,-31.0002],[-59.3308,-31.0003],[-59.331,-31.0002],[-59.3341,-30.9934],[-59.2804,-30.9685],[-59.3074,-30.938],[-59.2713,-30.9042],[-59.2818,-30.8856],[-59.2791,-30.8751],[-59.2909,-30.8694],[-59.2925,-30.8463],[-59.3091,-30.8248],[-59.3208,-30.8225],[-59.3221,-30.8101],[-59.3342,-30.8083],[-59.3314,-30.7959],[-59.297,-30.7896],[-59.2993,-30.7807],[-59.264,-30.77],[-59.2605,-30.7629],[-59.2086,-30.7654],[-59.2008,-30.7456],[-59.1926,-30.7498],[-59.1817,-30.7405],[-59.1771,-30.7446],[-59.1443,-30.7185],[-59.1174,-30.7179],[-59.1136,-30.7055],[-59.0964,-30.6979],[-59.0978,-30.691],[-59.085,-30.6963],[-59.0674,-30.6902],[-59.0682,-30.6757],[-59.0596,-30.6814],[-59.0419,-30.6704],[-59.0412,-30.661],[-59.0259,-30.6494],[-59.0262,-30.6382],[-59.012,-30.6349],[-59.0121,-30.6214],[-59.001,-30.6132],[-58.999,-30.6035],[-58.9841,-30.5944],[-58.9835,-30.5942],[-58.9614,-30.5907],[-58.9496,-30.5675],[-58.9433,-30.5722],[-58.9317,-30.5611],[-58.9825,-30.5572],[-58.9824,-30.5212],[-58.99,-30.5209],[-58.9997,-30.5205],[-59.0544,-30.5189],[-59.057,-30.4977],[-59.0798,-30.4849],[-59.0682,-30.4213],[-59.0914,-30.3905],[-59.1307,-30.3768],[-59.1768,-30.377],[-59.1972,-30.3511],[-59.2104,-30.3471]]]}},
{"type":"Feature","properties":{"name":"Nogoyá","georefId":"30077","provinciaGeorefId":"30","tipo":"Departamento"},"geometry":{"type":"Polygon","coordinates":[[[-59.3153,-31.923],[-59.3676,-31.9274],[-59.384,-31.9377],[-59.4024,-31.9337],[-59.4426,-31.9706],[-59.4544,-31.9583],[-59.4794,-31.9505],[-59.5088,-31.9586],[-59.5333,-31.9496],[-59.5489,-31.9594],[-59.5728,-31.9551],[-59.5342,-31.9249],[-59.5654,-31.8965],[-59.6119,-31.8699],[-59.6284,-31.8789],[-59.6398,-31.8757],[-59.6669,-31.8913],[-59.6831,-31.8904],[-59.7597,-31.9273],[-59.8573,-31.892],[-59.8828,-31.8952],[-59.9199,-31.8831],[-59.9217,-31.9177],[-59.9333,-31.916],[-59.9309,-31.9293],[-59.9449,-31.9267],[-59.9444,-31.9514],[-59.969,-31.9517],[-59.9846,-31.9681],[-60.0135,-31.9744],[-60.0134,-32.0007],[-60.0266,-32.0308],[-60.1404,-31.982],[-60.182,-32.0231],[-60.2542,-32.0527],[-60.215,-32.1147],[-60.2259,-32.1157],[-60.2097,-32.1451],[-60.1827,-32.1229],[-60.1414,-32.1584],[-60.1819,-32.1925],[-60.1739,-32.2185],[-60.1897,-32.234],[-60.1772,-32.2421],[-60.1904,-32.269],[-60.1666,-32.2716],[-60.1647,-32.2648],[-60.1454,-32.2746],[-60.1318,-32.2686],[-60.1172,-32.3021],[-60.0842,-32.3159],[-60.0469,-32.351],[-60.0325,-32.3763],[-60.0375,-32.3889],[-60.033,-32.385],[-59.9775,-32.4214],[-60.0002,-32.4531],[-59.9928,-32.4829],[-60.0001,-32.4911],[-59.9787,-32.4928],[-59.943,-32.5216],[-59.8767,-32.5257],[-59.8263,-32.5407],[-59.8164,-32.5351],[-59.7963,-32.5477],[-59.7872,-32.5425],[-59.7696,-32.5754],[-59.7719,-32.5897],[-59.7538,-32.5816],[-59.7047,-32.6103],[-59.6586,-32.6131],[-59.6482,-32.6207],[-59.638,-32.6153],[-59.6077,-32.6327],[-59.599,-32.6035],[-59.6054,-32.597],[-59.6017,-32.552],[-59.4534,-32.5564],[-59.4612,-32.524],[-59.4539,-32.5106],[-59.4431,-32.5122],[-59.4399,-32.489],[-59.4492,-32.4542],[-59.4763,-32.4267],[-59.4419,-32.3555],[-59.4754,-32.35],[-59.4967,-32.3383],[-59.4633,-32.2849],[-59.4838,-32.2679],[-59.4578,-32.1401],[-59.4751,-32.1249],[-59.4086,-32.0633],[-59.3963,-32.0356],[-59.3736,-32.0245],[-59.3442,-31.9696],[-59.3425,-31.9407],[-59.3335,-31.9348],[-59.3306,-31.939],[-59.3153,-31.923]]]}},
{"type":"Feature","properties":{"name":"Paraná","georefId":"30084","provinciaGeorefId":"30","tipo":"Departamento"},"geometry":{"type":"Polygon","coordinates":[[[-59.9494,-31.233],[-59.9419,-31.2271],[-59.9544,-31.2154],[-59.9529,-31.2051],[-59.9604,-31.2099],[-59.9647,-31.1969],[-59.985,-31.1941],[-60.0134,-31.2507],[-60.1101,-31.2969],[-60.0868,-31.347],[-60.0961,-31.3706],[-60.1384,-31.4134],[-60.1435,-31.4436],[-60.2124,-31.4678],[-60.2247,-31.5083],[-60.244,-31.5304],[-60.3018,-31.5342],[-60.3021,-31.5342],[-60.306,-31.5351],[-60.3076,-31.5355],[-60.3171,-31.5381],[-60.3257,-31.5419],[-60.3399,-31.5552],[-60.3257,-31.5867],[-60.3347,-31.6126],[-60.3963,-31.643],[-60.4676,-31.6983],[-60.5374,-31.6999],[-60.5972,-31.7144],[-60.6388,-31.742],[-60.6441,-31.7579],[-60.6386,-31.7875],[-60.6655,-31.7977],[-60.6755,-31.8172],[-60.6005,-31.8266],[-60.571,-31.8097],[-60.5592,-31.8219],[-60.567,-31.832],[-60.5398,-31.8358],[-60.5423,-31.8486],[-60.5225,-31.8526],[-60.5382,-31.8898],[-60.5136,-31.8917],[-60.5171,-31.9256],[-60.4597,-31.9391],[-60.4628,-31.951],[-60.4192,-31.9534],[-60.4168,-31.9594],[-60.385,-31.9324],[-60.367,-31.9477],[-60.3431,-31.9479],[-60.3291,-31.9875],[-60.3444,-31.9777],[-60.3448,-31.9948],[-60.3664,-31.995],[-60.3663,-32.0024],[-60.3453,-32.0163],[-60.3532,-32.0393],[-60.3461,-32.0399],[-60.3433,-32.0613],[-60.3249,-32.0794],[-60.3173,-32.073],[-60.3031,-32.0827],[-60.2862,-32.0453],[-60.2736,-32.055],[-60.2542,-32.0527],[-60.182,-32.0231],[-60.1404,-31.982],[-60.0266,-32.0308],[-60.0134,-32.0007],[-60.0135,-31.9744],[-59.9846,-31.9681],[-59.969,-31.9517],[-59.9444,-31.9514],[-59.9449,-31.9267],[-59.9309,-31.9293],[-59.9333,-31.916],[-59.9217,-31.9177],[-59.9199,-31.8831],[-59.8828,-31.8952],[-59.8573,-31.892],[-59.7597,-31.9273],[-59.6831,-31.8904],[-59.6669,-31.8913],[-59.6398,-31.8757],[-59.6284,-31.8789],[-59.6119,-31.8699],[-59.6128,-31.8339],[-59.5996,-31.8298],[-59.604,-31.8068],[-59.5808,-31.7843],[-59.5948,-31.7696],[-59.5875,-31.7673],[-59.5952,-31.7609],[-59.5926,-31.7502],[-59.5727,-31.7205],[-59.5464,-31.7141],[-59.5396,-31.6935],[-59.5208,-31.6918],[-59.5217,-31.6695],[-59.506,-31.6507],[-59.5151,-31.6455],[-59.5009,-31.6349],[-59.5205,-31.6166],[-59.5315,-31.6156],[-59.5397,-31.6235],[-59.554,-31.6155],[-59.5633,-31.6237],[-59.5852,-31.6083],[-59.5733,-31.4727],[-59.6263,-31.5049],[-59.624,-31.4685],[-59.6127,-31.4511],[-59.678,-31.4333],[-59.7061,-31.4359],[-59.7388,-31.4288],[-59.7368,-31.4185],[-59.7595,-31.4221],[-59.7595,-31.4316],[-59.8255,-31.4996],[-59.8587,-31.4943],[-59.8628,-31.4568],[-59.8863,-31.4069],[-59.8839,-31.3844],[-59.9042,-31.3327],[-59.9045,-31.3322],[-59.9262,-31.292],[-59.9355,-31.2911],[-59.9293,-31.2821],[-59.9447,-31.2631],[-59.9492,-31.2337],[-59.9494,-31.233]]]}},
{"type":"Feature","properties":{"name":"San Salvador","georefId":"30088","provinciaGeorefId":"30","tipo":"Departamento"},"geometry":{"type":"Polygon","coordinates":[[[-58.2885,-31.6687],[-58.2754,-31.6654],[-58.2654,-31.6024],[-58.2975,-31.6026],[-58.2871,-31.5396],[-58.3288,-31.5448],[-58.3302,-31.5232],[-58.343,-31.5216],[-58.3463,-31.5065],[-58.3275,-31.5014],[-58.3256,-31.4859],[-58.3463,-31.4903],[-58.4497,-31.4313],[-58.4512,-31.4017],[-58.4599,-31.3891],[-58.4313,-31.365],[-58.4198,-31.3689],[-58.4119,-31.3512],[-58.4564,-31.2787],[-58.4719,-31.2665],[-58.4643,-31.2601],[-58.5326,-31.2688],[-58.585,-31.2577],[-58.6396,-31.2985],[-58.659,-31.2992],[-58.6632,-31.2922],[-58.6847,-31.3013],[-58.6384,-31.3811],[-58.6315,-31.3805],[-58.628,-31.3673],[-58.6096,-31.3841],[-58.5866,-31.3917],[-58.566,-31.4446],[-58.5463,-31.4611],[-58.5126,-31.4702],[-58.527,-31.5022],[-58.5185,-31.5549],[-58.5569,-31.6032],[-58.5584,-31.6186],[-58.5701,-31.6287],[-58.5851,-31.6246],[-58.6035,-31.714],[-58.5882,-31.7163],[-58.6008,-31.7596],[-58.6163,-31.7594],[-58.6223,-31.7928],[-58.6572,-31.8336],[-58.7228,-31.8236],[-58.7295,-31.8562],[-58.6986,-31.8606],[-58.7086,-31.888],[-58.6076,-31.9023],[-58.6278,-31.8828],[-58.5951,-31.8454],[-58.5839,-31.858],[-58.5652,-31.8613],[-58.5371,-31.8433],[-58.5435,-31.8221],[-58.5074,-31.7873],[-58.4869,-31.8063],[-58.473,-31.8034],[-58.4529,-31.8172],[-58.4237,-31.8077],[-58.4012,-31.8112],[-58.4202,-31.785],[-58.4311,-31.7402],[-58.3789,-31.7435],[-58.3743,-31.7218],[-58.3714,-31.7262],[-58.3503,-31.7061],[-58.3437,-31.7113],[-58.2885,-31.6687]]]}},
{"type":"Feature","properties":{"name":"Tala","georefId":"30091","provinciaGeorefId":"30","tipo":"Departamento"},"geometry":{"type":"Polygon","coordinates":[[[-59.0628,-32.0695],[-59.0594,-32.0527],[-59.0699,-32.0491],[-59.0626,-32.0455],[-59.0644,-32.0337],[-59.0764,-32.0335],[-59.0752,-32.0196],[-59.0842,-32.0145],[-59.073,-32.0093],[-59.0725,-32.0011],[-59.0812,-32.0026],[-59.0802,-31.991],[-59.1161,-31.9836],[-59.1507,-31.9873],[-59.171,-31.9734],[-59.1753,-31.9608],[-59.1871,-31.9626],[-59.2011,-31.9477],[-59.2139,-31.9528],[-59.2343,-31.9323],[-59.2421,-31.9341],[-59.2556,-31.92],[-59.266,-31.9252],[-59.274,-31.9139],[-59.2824,-31.919],[-59.2888,-31.9134],[-59.3093,-31.9273],[-59.3153,-31.923],[-59.3306,-31.939],[-59.3335,-31.9348],[-59.3425,-31.9407],[-59.3442,-31.9696],[-59.3736,-32.0245],[-59.3963,-32.0356],[-59.4086,-32.0633],[-59.4751,-32.1249],[-59.4578,-32.1401],[-59.4838,-32.2679],[-59.4633,-32.2849],[-59.4967,-32.3383],[-59.4754,-32.35],[-59.4419,-32.3555],[-59.4763,-32.4267],[-59.4492,-32.4542],[-59.4399,-32.489],[-59.4431,-32.5122],[-59.4539,-32.5106],[-59.4612,-32.524],[-59.4534,-32.5564],[-59.405,-32.5995],[-59.4149,-32.6398],[-59.2698,-32.6775],[-59.2729,-32.682],[-59.2276,-32.6994],[-59.1449,-32.7126],[-59.1178,-32.6849],[-59.1267,-32.6634],[-59.1085,-32.666],[-59.1155,-32.6623],[-59.1041,-32.6453],[-59.1058,-32.6332],[-59.0924,-32.6236],[-59.0951,-32.6144],[-59.103,-32.6154],[-59.0965,-32.6047],[-59.1015,-32.5958],[-59.0947,-32.5929],[-59.1096,-32.5879],[-59.0886,-32.5737],[-59.1101,-32.5638],[-59.097,-32.559],[-59.1029,-32.5529],[-59.0967,-32.5434],[-59.1178,-32.5308],[-59.1072,-32.5337],[-59.1121,-32.5152],[-59.0973,-32.5066],[-59.1063,-32.4846],[-59.0966,-32.4804],[-59.0962,-32.4663],[-59.1143,-32.4557],[-59.0994,-32.4288],[-59.0875,-32.4264],[-59.101,-32.4209],[-59.0957,-32.4181],[-59.1035,-32.4139],[-59.0936,-32.4112],[-59.1057,-32.4032],[-59.0907,-32.3979],[-59.097,-32.3904],[-59.0844,-32.386],[-59.0839,-32.377],[-59.0942,-32.3731],[-59.0861,-32.3721],[-59.0827,-32.3617],[-59.0886,-32.3543],[-59.0967,-32.3587],[-59.103,-32.3479],[-59.084,-32.3421],[-59.0963,-32.3296],[-59.0778,-32.3203],[-59.084,-32.313],[-59.0738,-32.312],[-59.0818,-32.2945],[-59.0761,-32.2901],[-59.0853,-32.287],[-59.0771,-32.2773],[-59.0902,-32.2593],[-59.0844,-32.2503],[-59.0949,-32.2451],[-59.1045,-32.2504],[-59.1056,-32.2382],[-59.1131,-32.2358],[-59.1066,-32.2332],[-59.1115,-32.2254],[-59.1015,-32.2218],[-59.1074,-32.2101],[-59.1008,-32.1964],[-59.0772,-32.1776],[-59.085,-32.1651],[-59.0782,-32.1583],[-59.0974,-32.1368],[-59.0953,-32.1273],[-59.0853,-32.1216],[-59.0749,-32.1262],[-59.0712,-32.1196],[-59.0859,-32.1109],[-59.0778,-32.1082],[-59.0784,-32.0982],[-59.0866,-32.1001],[-59.0991,-32.0895],[-59.0915,-32.0906],[-59.0957,-32.084],[-59.0815,-32.0708],[-59.0628,-32.0695]]]}},
{"type":"Feature","properties":{"name":"Uruguay","georefId":"30098","provinciaGeorefId":"30","tipo":"Departamento"},"geometry":{"type":"Polygon","coordinates":[[[-58.1914,-32.3802],[-58.1982,-32.3567],[-58.212,-32.3545],[-58.2252,-32.3666],[-58.2217,-32.3573],[-58.2313,-32.3571],[-58.2399,-32.3437],[-58.2864,-32.3317],[-58.2888,-32.3193],[-58.3134,-32.2932],[-58.3205,-32.2939],[-58.3243,-32.2766],[-58.3407,-32.2646],[-58.3554,-32.2641],[-58.3629,-32.2556],[-58.4141,-32.2503],[-58.4122,-32.1836],[-58.5302,-32.1906],[-58.5434,-32.2045],[-58.5401,-32.2277],[-58.5531,-32.2438],[-58.5632,-32.244],[-58.557,-32.2321],[-58.5631,-32.2116],[-58.5804,-32.2086],[-58.5933,-32.1943],[-58.6287,-32.1932],[-58.6482,-32.1726],[-58.6574,-32.0865],[-58.6723,-32.074],[-58.6658,-32.0619],[-58.6761,-32.0606],[-58.6836,-32.0456],[-58.6777,-32.0418],[-58.6975,-32.0293],[-58.6919,-32.0194],[-58.7071,-31.9646],[-58.7205,-31.9762],[-58.7267,-31.9711],[-58.768,-32.0092],[-58.8615,-32.0263],[-58.8715,-32.0466],[-58.9023,-32.052],[-58.9192,-32.0655],[-58.968,-32.0512],[-58.9903,-32.061],[-59.0033,-32.0834],[-59.0628,-32.0695],[-59.0815,-32.0708],[-59.0957,-32.084],[-59.0915,-32.0906],[-59.0991,-32.0895],[-59.0866,-32.1001],[-59.0784,-32.0982],[-59.0778,-32.1082],[-59.0859,-32.1109],[-59.0712,-32.1196],[-59.0749,-32.1262],[-59.0853,-32.1216],[-59.0953,-32.1273],[-59.0974,-32.1368],[-59.0782,-32.1583],[-59.085,-32.1651],[-59.0772,-32.1776],[-59.1008,-32.1964],[-59.1074,-32.2101],[-59.1015,-32.2218],[-59.1115,-32.2254],[-59.1066,-32.2332],[-59.1131,-32.2358],[-59.1056,-32.2382],[-59.1045,-32.2504],[-59.0949,-32.2451],[-59.0844,-32.2503],[-59.0902,-32.2593],[-59.0771,-32.2773],[-59.0853,-32.287],[-59.0761,-32.2901],[-59.0818,-32.2945],[-59.0738,-32.312],[-59.084,-32.313],[-59.0778,-32.3203],[-59.0963,-32.3296],[-59.084,-32.3421],[-59.103,-32.3479],[-59.0967,-32.3587],[-59.0886,-32.3543],[-59.0827,-32.3617],[-59.0861,-32.3721],[-59.0942,-32.3731],[-59.0839,-32.377],[-59.0844,-32.386],[-59.097,-32.3904],[-59.0907,-32.3979],[-59.1057,-32.4032],[-59.0936,-32.4112],[-59.1035,-32.4139],[-59.0957,-32.4181],[-59.101,-32.4209],[-59.0875,-32.4264],[-59.0994,-32.4288],[-59.1143,-32.4557],[-59.0962,-32.4663],[-59.068,-32.486],[-59.0284,-32.4932],[-58.971,-32.5227],[-58.9383,-32.4958],[-58.9213,-32.4919],[-58.9117,-32.5104],[-58.8813,-32.5172],[-58.8385,-32.5491],[-58.8221,-32.5541],[-58.8144,-32.5498],[-58.803,-32.5584],[-58.7641,-32.561],[-58.7514,-32.5528],[-58.7263,-32.5527],[-58.6865,-32.5279],[-58.6657,-32.5279],[-58.6415,-32.5113],[-58.6222,-32.5165],[-58.5824,-32.5535],[-58.5472,-32.552],[-58.5212,-32.5619],[-58.5173,-32.5969],[-58.5115,-32.5966],[-58.5316,-32.6109],[-58.5232,-32.6223],[-58.5324,-32.637],[-58.5198,-32.6562],[-58.5337,-32.6687],[-58.5139,-32.6739],[-58.5097,-32.6868],[-58.518,-32.7003],[-58.5092,-32.7048],[-58.5046,-32.733],[-58.4897,-32.7455],[-58.5053,-32.7565],[-58.4933,-32.7748],[-58.5014,-32.8012],[-58.4929,-32.8015],[-58.4888,-32.8108],[-58.4955,-32.8363],[-58.4865,-32.8426],[-58.4847,-32.8637],[-58.4949,-32.8609],[-58.4983,-32.8736],[-58.2627,-32.8757],[-58.2638,-33.0273],[-58.2051,-33.0274],[-58.1361,-33.0264],[-58.1318,-33.0263],[-58.1184,-33.0299],[-58.1144,-33.0301],[-58.114,-33.0302],[-58.0849,-33.0041],[-58.0868,-32.9608],[-58.1156,-32.9198],[-58.1243,-32.8354],[-58.1198,-32.8152],[-58.15,-32.732],[-58.145,-32.6711],[-58.1606,-32.5708],[-58.1874,-32.5329],[-58.2044,-32.4633],[-58.1846,-32.3809],[-58.1854,-32.3808],[-58.1914,-32.3802]],[[-58.1103,-32.9713],[-58.0997,-32.9516],[-58.0905,-32.9561],[-58.0874,-32.9968],[-58.1146,-33.0247],[-58.1077,-33.0017],[-58.1103,-32.9713]],[[-58.114,-33.0211],[-58.121,-33.0286],[-58.1184,-33.0244],[-58.1288,-33.0254],[-58.1157,-32.9904],[-58.1081,-33.0015],[-58.114,-33.0211]],[[-58.115,-32.9742],[-58.1125,-32.9312],[-58.1014,-32.9544],[-58.115,-32.9742]]]}},
{"type":"Feature","properties":{"name":"Victoria","georefId":"30105","provinciaGeorefId":"30","tipo":"Departamento"},"geometry":{"type":"Polygon","coordinates":[[[-59.7719,-32.5897],[-59.7696,-32.5754],[-59.7872,-32.5425],[-59.7963,-32.5477],[-59.8164,-32.5351],[-59.8263,-32.5407],[-59.8767,-32.5257],[-59.943,-32.5216],[-59.9787,-32.4928],[-60.0001,-32.4911],[-59.9928,-32.4829],[-60.0002,-32.4531],[-59.9775,-32.4214],[-60.033,-32.385],[-60.0375,-32.3889],[-60.0325,-32.3763],[-60.0469,-32.351],[-60.0842,-32.3159],[-60.1172,-32.3021],[-60.1318,-32.2686],[-60.1454,-32.2746],[-60.1647,-32.2648],[-60.1666,-32.2716],[-60.1904,-32.269],[-60.1772,-32.2421],[-60.1897,-32.234],[-60.1739,-32.2185],[-60.2797,-32.2326],[-60.2785,-32.2459],[-60.3369,-32.2985],[-60.3901,-32.2905],[-60.4226,-32.3023],[-60.442,-32.34],[-60.426,-32.3857],[-60.3994,-32.4015],[-60.3975,-32.4272],[-60.4164,-32.4426],[-60.4412,-32.4433],[-60.4423,-32.4318],[-60.4589,-32.4403],[-60.4486,-32.4581],[-60.45,-32.4826],[-60.4776,-32.491],[-60.4697,-32.5049],[-60.4792,-32.5062],[-60.4707,-32.5125],[-60.4806,-32.5128],[-60.481,-32.5191],[-60.4691,-32.5166],[-60.4742,-32.5255],[-60.4832,-32.5246],[-60.4739,-32.5317],[-60.4818,-32.5437],[-60.5161,-32.5522],[-60.525,-32.5457],[-60.5114,-32.5377],[-60.5181,-32.5306],[-60.5241,-32.5364],[-60.5266,-32.5172],[-60.542,-32.5261],[-60.5286,-32.5287],[-60.5347,-32.5366],[-60.5259,-32.5631],[-60.5313,-32.574],[-60.5205,-32.5751],[-60.5234,-32.5825],[-60.5108,-32.5914],[-60.5193,-32.602],[-60.5147,-32.6089],[-60.5385,-32.6198],[-60.5573,-32.6167],[-60.5598,-32.6423],[-60.5635,-32.6151],[-60.6082,-32.6407],[-60.6264,-32.6408],[-60.6519,-32.6269],[-60.6694,-32.6301],[-60.6704,-32.6594],[-60.684,-32.6799],[-60.7158,-32.6638],[-60.7241,-32.6637],[-60.7259,-32.6637],[-60.716,-32.7736],[-60.6943,-32.8056],[-60.6589,-32.8339],[-60.665,-32.8551],[-60.6814,-32.8716],[-60.6762,-32.8996],[-60.6202,-32.9479],[-60.6055,-32.9998],[-60.5544,-33.0536],[-60.5132,-33.1129],[-60.4934,-33.1314],[-60.4454,-33.1526],[-60.4285,-33.1714],[-60.398,-33.1868],[-60.3825,-33.1892],[-60.3429,-33.1779],[-60.3414,-33.1777],[-60.3109,-33.1804],[-60.2943,-33.1918],[-60.2932,-33.1928],[-60.2753,-33.1957],[-60.265,-33.1996],[-60.2341,-33.2137],[-60.2326,-33.2383],[-60.2201,-33.2554],[-60.2126,-33.2326],[-60.1982,-33.2228],[-60.1836,-33.2282],[-60.1822,-33.2482],[-60.1696,-33.2557],[-60.1461,-33.2523],[-60.1509,-33.2316],[-60.1204,-33.2196],[-60.0693,-33.2574],[-60.0351,-33.2455],[-60.0565,-33.2351],[-60.036,-33.2295],[-60.0246,-33.2497],[-60.0276,-33.2727],[-60.0169,-33.2845],[-59.9511,-33.2378],[-59.9413,-33.2449],[-59.9408,-33.2768],[-59.9089,-33.2777],[-59.9009,-33.2687],[-59.9105,-33.2448],[-59.9077,-33.2224],[-59.8871,-33.2378],[-59.8845,-33.265],[-59.8577,-33.2734],[-59.8349,-33.2713],[-59.806,-33.2455],[-59.7932,-33.2425],[-59.8198,-33.2152],[-59.8215,-33.202],[-59.803,-33.1737],[-59.7848,-33.1691],[-59.7678,-33.1362],[-59.78,-33.1233],[-59.807,-33.1251],[-59.8167,-33.0792],[-59.837,-33.0757],[-59.8376,-33.0958],[-59.8481,-33.1021],[-59.8771,-33.0719],[-59.892,-33.0409],[-59.923,-33.0288],[-59.9384,-33.0401],[-59.9603,-33.0061],[-59.9678,-33.0094],[-59.9641,-33.0299],[-59.9777,-33.0105],[-59.9965,-33.0207],[-60.0204,-33.0178],[-60.0383,-33.0094],[-60.0459,-32.9949],[-60.0359,-32.9881],[-60.0068,-32.9979],[-59.9824,-32.9919],[-59.9777,-32.9678],[-59.9863,-32.9647],[-60.0027,-32.9759],[-60.0156,-32.9754],[-60.024,-32.9507],[-60.0077,-32.9316],[-59.9557,-32.8989],[-59.9331,-32.9037],[-59.9047,-32.9308],[-59.8778,-32.9277],[-59.8565,-32.9377],[-59.8358,-32.9326],[-59.8373,-32.9129],[-59.8685,-32.9003],[-59.872,-32.8889],[-59.8572,-32.8685],[-59.865,-32.8532],[-59.8575,-32.8498],[-59.8583,-32.8392],[-59.8448,-32.8387],[-59.8511,-32.8335],[-59.8457,-32.824],[-59.8112,-32.7984],[-59.7952,-32.766],[-59.7948,-32.7367],[-59.7807,-32.73],[-59.7897,-32.7105],[-59.7791,-32.698],[-59.7837,-32.6709],[-59.777,-32.6626],[-59.7988,-32.6421],[-59.7974,-32.6274],[-59.7873,-32.6251],[-59.7932,-32.6203],[-59.7809,-32.6141],[-59.7857,-32.6019],[-59.7719,-32.5897]]]}},
{"type":"Feature","properties":{"name":"Villaguay","georefId":"30113","provinciaGeorefId":"30","tipo":"Departamento"},"geometry":{"type":"Polygon","coordinates":[[[-58.6847,-31.3013],[-58.7434,-31.2776],[-58.7825,-31.2699],[-58.7971,-31.2536],[-58.8158,-31.2511],[-58.8633,-31.2225],[-58.8854,-31.2238],[-58.8931,-31.2133],[-58.9056,-31.2126],[-58.9109,-31.2278],[-58.93,-31.2284],[-58.9256,-31.2376],[-58.9486,-31.2369],[-58.946,-31.2467],[-58.9638,-31.2583],[-58.976,-31.2568],[-58.9718,-31.2713],[-58.9985,-31.288],[-58.9914,-31.2953],[-59.0065,-31.3051],[-59.0073,-31.3205],[-59.019,-31.3251],[-59.0107,-31.326],[-59.0097,-31.3362],[-59.0202,-31.3432],[-59.0166,-31.347],[-59.0357,-31.3492],[-59.0353,-31.3649],[-59.0464,-31.3672],[-59.0352,-31.3763],[-59.0528,-31.3791],[-59.0451,-31.3935],[-59.0749,-31.4032],[-59.0658,-31.4124],[-59.0786,-31.4251],[-59.0741,-31.4333],[-59.0875,-31.441],[-59.0801,-31.448],[-59.0905,-31.4463],[-59.0954,-31.4551],[-59.1114,-31.4357],[-59.1254,-31.4344],[-59.1321,-31.4185],[-59.1487,-31.4133],[-59.1468,-31.3979],[-59.1677,-31.379],[-59.1632,-31.3743],[-59.1731,-31.3502],[-59.1977,-31.3193],[-59.191,-31.3061],[-59.2262,-31.2885],[-59.235,-31.267],[-59.2855,-31.3029],[-59.5733,-31.4727],[-59.5852,-31.6083],[-59.5633,-31.6237],[-59.554,-31.6155],[-59.5397,-31.6235],[-59.5315,-31.6156],[-59.5205,-31.6166],[-59.5009,-31.6349],[-59.5151,-31.6455],[-59.506,-31.6507],[-59.5217,-31.6695],[-59.5208,-31.6918],[-59.5396,-31.6935],[-59.5464,-31.7141],[-59.5727,-31.7205],[-59.5926,-31.7502],[-59.5952,-31.7609],[-59.5875,-31.7673],[-59.5948,-31.7696],[-59.5808,-31.7843],[-59.604,-31.8068],[-59.5996,-31.8298],[-59.6128,-31.8339],[-59.6119,-31.8699],[-59.5654,-31.8965],[-59.5342,-31.9249],[-59.5728,-31.9551],[-59.5489,-31.9594],[-59.5333,-31.9496],[-59.5088,-31.9586],[-59.4794,-31.9505],[-59.4544,-31.9583],[-59.4426,-31.9706],[-59.4024,-31.9337],[-59.384,-31.9377],[-59.3676,-31.9274],[-59.3153,-31.923],[-59.3093,-31.9273],[-59.2888,-31.9134],[-59.2824,-31.919],[-59.274,-31.9139],[-59.266,-31.9252],[-59.2556,-31.92],[-59.2421,-31.9341],[-59.2343,-31.9323],[-59.2139,-31.9528],[-59.2011,-31.9477],[-59.1871,-31.9626],[-59.1753,-31.9608],[-59.171,-31.9734],[-59.1507,-31.9873],[-59.1161,-31.9836],[-59.0802,-31.991],[-59.0812,-32.0026],[-59.0725,-32.0011],[-59.073,-32.0093],[-59.0842,-32.0145],[-59.0752,-32.0196],[-59.0764,-32.0335],[-59.0644,-32.0337],[-59.0626,-32.0455],[-59.0699,-32.0491],[-59.0594,-32.0527],[-59.0628,-32.0695],[-59.0033,-32.0834],[-58.9903,-32.061],[-58.968,-32.0512],[-58.9192,-32.0655],[-58.9023,-32.052],[-58.8715,-32.0466],[-58.8615,-32.0263],[-58.768,-32.0092],[-58.7267,-31.9711],[-58.7431,-31.921],[-58.7295,-31.8562],[-58.7228,-31.8236],[-58.6572,-31.8336],[-58.6223,-31.7928],[-58.6163,-31.7594],[-58.6008,-31.7596],[-58.5882,-31.7163],[-58.6035,-31.714],[-58.5851,-31.6246],[-58.5701,-31.6287],[-58.5584,-31.6186],[-58.5569,-31.6032],[-58.5185,-31.5549],[-58.527,-31.5022],[-58.5126,-31.4702],[-58.5463,-31.4611],[-58.566,-31.4446],[-58.5866,-31.3917],[-58.6096,-31.3841],[-58.628,-31.3673],[-58.6315,-31.3805],[-58.6384,-31.3811],[-58.6847,-31.3013]]]}},
{"type":"Feature","properties":{"name":"Bermejo","georefId":"34007","provinciaGeorefId":"34","tipo":"Departamento"},"geometry":{"type":"Polygon","coordinates":[[[-60.365,-24.0202],[-60.3805,-24.0191],[-60.3892,-23.9937],[-60.4276,-23.9778],[-60.443,-23.9624],[-60.4778,-23.951],[-60.4867,-23.951],[-60.5087,-23.9708],[-60.5537,-23.9657],[-60.5595,-23.9544],[-60.5888,-23.9589],[-60.5783,-23.9526],[-60.5907,-23.9428],[-60.5951,-23.9209],[-60.5866,-23.9181],[-60.6041,-23.9159],[-60.6003,-23.9106],[-60.6124,-23.9036],[-60.6437,-23.909],[-60.6812,-23.8941],[-60.6931,-23.9019],[-60.7153,-23.8816],[-60.733,-23.8835],[-60.7427,-23.8727],[-60.748,-23.879],[-60.7845,-23.8718],[-60.7989,-23.8768],[-60.8059,-23.8679],[-60.8473,-23.8715],[-60.8574,-23.8495],[-60.8665,-23.8536],[-60.9037,-23.8267],[-60.9089,-23.8133],[-60.9323,-23.8007],[-60.9444,-23.8018],[-60.9384,-23.8079],[-60.9538,-23.81],[-60.9589,-23.8206],[-60.9649,-23.8086],[-60.9868,-23.8129],[-61.0204,-23.7726],[-61.0151,-23.7582],[-61.04,-23.743],[-61.0585,-23.7055],[-61.0656,-23.7073],[-61.0867,-23.6799],[-61.0811,-23.6709],[-61.0952,-23.6667],[-61.0993,-23.6574],[-61.0905,-23.6391],[-61.1012,-23.627],[-61.0895,-23.6139],[-61.1212,-23.5961],[-61.1219,-23.5849],[-61.1319,-23.598],[-61.1302,-23.5785],[-61.1466,-23.5802],[-61.1552,-23.5729],[-61.1456,-23.5704],[-61.165,-23.5667],[-61.1766,-23.5475],[-61.1954,-23.55],[-61.1897,-23.5407],[-61.2151,-23.5518],[-61.2469,-23.5408],[-61.2632,-23.5163],[-61.2776,-23.517],[-61.273,-23.5068],[-61.2834,-23.5004],[-61.2921,-23.5093],[-61.2809,-23.4887],[-61.2927,-23.4954],[-61.297,-23.4831],[-61.306,-23.4869],[-61.3179,-23.4701],[-61.3466,-23.4639],[-61.3521,-23.45],[-61.3764,-23.4576],[-61.3847,-23.4472],[-61.3847,-23.459],[-61.4011,-23.4452],[-61.4196,-23.4472],[-61.4495,-23.419],[-61.4551,-23.4249],[-61.4671,-23.419],[-61.4721,-23.4266],[-61.4773,-23.4178],[-61.4941,-23.4244],[-61.5061,-23.3944],[-61.5222,-23.3773],[-61.516,-23.3511],[-61.537,-23.3446],[-61.5456,-23.3495],[-61.5666,-23.3394],[-61.5668,-23.3235],[-61.5773,-23.3138],[-61.573,-23.304],[-61.59,-23.3047],[-61.6075,-23.2835],[-61.6352,-23.2828],[-61.6367,-23.2754],[-61.6696,-23.2851],[-61.6723,-23.2798],[-61.6631,-23.2766],[-61.6814,-23.2737],[-61.6861,-23.2617],[-61.7105,-23.2424],[-61.7281,-23.2416],[-61.7369,-23.2317],[-61.7347,-23.1995],[-61.7486,-23.1778],[-61.773,-23.1625],[-61.7934,-23.1652],[-61.792,-23.1549],[-61.8088,-23.1554],[-61.8183,-23.1271],[-61.8307,-23.1257],[-61.8518,-23.0945],[-61.8514,-23.1145],[-61.8508,-23.1465],[-61.8439,-23.4929],[-61.8348,-24.3142],[-61.8024,-24.3224],[-61.7986,-24.3363],[-61.7615,-24.3067],[-61.7658,-24.3224],[-61.7606,-24.3285],[-61.7206,-24.3398],[-61.7282,-24.3594],[-61.694,-24.366],[-61.714,-24.3834],[-61.6945,-24.4152],[-61.6397,-24.4346],[-61.6241,-24.4226],[-61.6103,-24.4217],[-61.6042,-24.4556],[-61.5975,-24.4382],[-61.5845,-24.44],[-61.582,-24.4537],[-61.5964,-24.4793],[-61.5218,-24.5181],[-61.5262,-24.5337],[-61.5188,-24.547],[-61.4772,-24.5752],[-61.4715,-24.5848],[-61.4839,-24.59],[-61.4811,-24.5952],[-61.454,-24.6122],[-61.4402,-24.6096],[-61.4238,-24.6175],[-61.3827,-24.6128],[-61.3812,-24.6378],[-61.3618,-24.6216],[-61.3461,-24.6387],[-61.2847,-24.6243],[-61.2761,-24.6392],[-61.2557,-24.6217],[-61.2443,-24.6535],[-61.2301,-24.6352],[-61.2272,-24.6552],[-61.2149,-24.6491],[-61.1973,-24.6613],[-61.1992,-24.6743],[-61.2177,-24.6656],[-61.2011,-24.6826],[-61.2081,-24.698],[-61.1801,-24.7225],[-61.1706,-24.6999],[-61.1569,-24.7038],[-61.1702,-24.7099],[-61.1626,-24.7216],[-61.1716,-24.7342],[-61.1564,-24.7386],[-61.1502,-24.7499],[-61.1488,-24.7611],[-61.1583,-24.7577],[-61.1564,-24.785],[-61.1383,-24.7868],[-60.5164,-24.1721],[-60.4295,-24.0849],[-60.365,-24.0202]]]}},
{"type":"Feature","properties":{"name":"Formosa","georefId":"34014","provinciaGeorefId":"34","tipo":"Departamento"},"geometry":{"type":"Polygon","coordinates":[[[-57.8288,-25.7577],[-57.8549,-25.7432],[-57.9087,-25.7375],[-57.9793,-25.7128],[-58.0206,-25.6873],[-58.0356,-25.6583],[-58.0293,-25.6345],[-58.0372,-25.6083],[-58.1527,-25.5629],[-58.1901,-25.5777],[-58.2206,-25.5604],[-58.2212,-25.588],[-58.605,-25.5831],[-58.6047,-25.7772],[-58.9259,-25.7786],[-58.926,-26.1853],[-58.7577,-26.1836],[-58.7567,-26.1573],[-58.5687,-26.1592],[-58.569,-26.1735],[-58.5054,-26.1736],[-58.5041,-26.3434],[-58.3384,-26.3485],[-58.2674,-26.3442],[-58.2159,-26.3841],[-58.1597,-26.3488],[-58.1544,-26.3139],[-58.1672,-26.2916],[-58.1638,-26.2644],[-58.1095,-26.2409],[-58.1047,-26.2327],[-58.1075,-26.2177],[-58.1403,-26.2001],[-58.1579,-26.1799],[-58.1197,-26.1865],[-58.1186,-26.1544],[-58.0909,-26.1163],[-58.0673,-26.108],[-58.037,-26.1112],[-58.0154,-26.1017],[-57.9464,-26.066],[-57.9195,-26.0323],[-57.8522,-26.0052],[-57.854,-25.9874],[-57.8953,-25.9607],[-57.879,-25.9323],[-57.8368,-25.9156],[-57.8392,-25.9022],[-57.863,-25.8822],[-57.8585,-25.858],[-57.8163,-25.8474],[-57.7966,-25.8249],[-57.7965,-25.8102],[-57.8288,-25.7577]]]}},
{"type":"Feature","properties":{"name":"Laishi","georefId":"34021","provinciaGeorefId":"34","tipo":"Departamento"},"geometry":{"type":"Polygon","coordinates":[[[-58.2159,-26.3841],[-58.2674,-26.3442],[-58.3384,-26.3485],[-58.5041,-26.3434],[-58.5054,-26.1736],[-58.569,-26.1735],[-58.5687,-26.1592],[-58.7567,-26.1573],[-58.7577,-26.1836],[-58.926,-26.1853],[-58.9745,-26.1858],[-58.9749,-26.3885],[-58.9556,-26.3999],[-58.942,-26.4307],[-58.9149,-26.4451],[-58.9098,-26.4626],[-58.8658,-26.4751],[-58.8568,-26.5089],[-58.8456,-26.5192],[-58.8233,-26.525],[-58.7923,-26.5194],[-58.795,-26.5365],[-58.7723,-26.5369],[-58.7553,-26.5633],[-58.7606,-26.5723],[-58.7444,-26.6026],[-58.7201,-26.6021],[-58.701,-26.5899],[-58.6894,-26.5942],[-58.6884,-26.604],[-58.677,-26.6344],[-58.6815,-26.6425],[-58.6611,-26.6488],[-58.6532,-26.6594],[-58.6421,-26.6556],[-58.6282,-26.6623],[-58.611,-26.6815],[-58.5722,-26.6875],[-58.5771,-26.6968],[-58.5691,-26.7277],[-58.558,-26.729],[-58.5454,-26.7516],[-58.5446,-26.7386],[-58.5308,-26.7408],[-58.5341,-26.7561],[-58.5208,-26.7561],[-58.4971,-26.792],[-58.4857,-26.795],[-58.4719,-26.8129],[-58.4819,-26.8184],[-58.4733,-26.8282],[-58.4681,-26.8188],[-58.4505,-26.8171],[-58.4438,-26.8321],[-58.4224,-26.8244],[-58.4281,-26.8338],[-58.421,-26.8368],[-58.4091,-26.8274],[-58.4044,-26.8406],[-58.401,-26.8299],[-58.3906,-26.841],[-58.3987,-26.8649],[-58.3825,-26.8589],[-58.3782,-26.8798],[-58.3702,-26.8643],[-58.3253,-26.8697],[-58.3179,-26.8527],[-58.3349,-26.8096],[-58.3071,-26.8084],[-58.284,-26.7954],[-58.2933,-26.7578],[-58.2647,-26.7627],[-58.248,-26.7546],[-58.2602,-26.6451],[-58.2457,-26.6423],[-58.2151,-26.6549],[-58.1913,-26.6463],[-58.2102,-26.6221],[-58.1941,-26.5978],[-58.1998,-26.5605],[-58.2249,-26.5361],[-58.2075,-26.4984],[-58.234,-26.4742],[-58.2286,-26.4646],[-58.1949,-26.4643],[-58.1809,-26.4574],[-58.2185,-26.4178],[-58.2159,-26.3841]]]}},
{"type":"Feature","properties":{"name":"Matacos","georefId":"34028","provinciaGeorefId":"34","tipo":"Departamento"},"geometry":{"type":"Polygon","coordinates":[[[-61.8348,-24.3142],[-61.8439,-23.4929],[-62.342,-23.4954],[-62.3422,-24.1102],[-62.3267,-24.0787],[-62.3096,-24.1053],[-62.3243,-24.1232],[-62.3015,-24.1162],[-62.2925,-24.1262],[-62.2435,-24.1454],[-62.2283,-24.1354],[-62.2164,-24.1511],[-62.1827,-24.155],[-62.1717,-24.1777],[-62.1808,-24.1952],[-62.1751,-24.2013],[-62.1361,-24.196],[-62.1385,-24.2187],[-62.0764,-24.2013],[-62.0876,-24.2204],[-62.0829,-24.2305],[-62.0553,-24.2113],[-62.041,-24.2405],[-62.0116,-24.2274],[-61.9892,-24.2505],[-61.9792,-24.2453],[-61.9847,-24.2271],[-61.9521,-24.2366],[-61.945,-24.2418],[-61.9545,-24.2614],[-61.9388,-24.2662],[-61.9078,-24.2594],[-61.904,-24.2778],[-61.9203,-24.2839],[-61.9085,-24.3068],[-61.8837,-24.2666],[-61.8793,-24.3073],[-61.8661,-24.3101],[-61.8399,-24.3015],[-61.8348,-24.3142]]]}},
{"type":"Feature","properties":{"name":"Patiño","georefId":"34035","provinciaGeorefId":"34","tipo":"Departamento"},"geometry":{"type":"Polygon","coordinates":[[[-58.8917,-24.715],[-58.9424,-24.6807],[-58.9665,-24.6722],[-58.973,-24.6621],[-59.0239,-24.6601],[-59.0336,-24.648],[-59.0518,-24.6421],[-59.0574,-24.631],[-59.0798,-24.6213],[-59.1,-24.6167],[-59.1107,-24.6238],[-59.1278,-24.618],[-59.1326,-24.6081],[-59.1534,-24.5997],[-59.1571,-24.5875],[-59.1779,-24.578],[-59.1855,-24.5636],[-59.2413,-24.5461],[-59.2576,-24.5197],[-59.2869,-24.518],[-59.3199,-24.492],[-59.3419,-24.4892],[-59.3522,-24.4812],[-59.3741,-24.4219],[-59.4213,-24.4089],[-59.4256,-24.3959],[-59.4566,-24.3735],[-59.4581,-24.3575],[-59.4722,-24.3475],[-59.4714,-24.3353],[-60.039,-24.0117],[-60.0731,-24.0111],[-60.0907,-24.0244],[-60.1034,-24.0199],[-60.127,-24.0349],[-60.1924,-24.0448],[-60.2845,-24.0431],[-60.3232,-24.0329],[-60.3337,-24.0212],[-60.365,-24.0202],[-60.4295,-24.0849],[-60.5164,-24.1721],[-61.1383,-24.7868],[-61.1331,-24.7868],[-61.1435,-24.7928],[-61.144,-24.805],[-61.1074,-24.8348],[-61.0927,-24.8349],[-61.0913,-24.8527],[-61.068,-24.8575],[-61.0788,-24.8646],[-61.0751,-24.8727],[-61.0632,-24.8726],[-61.0428,-24.8974],[-61.0242,-24.8891],[-61.0318,-24.9013],[-61.0162,-24.9095],[-61.0202,-24.9213],[-61.0119,-24.9244],[-60.9942,-24.9164],[-60.9957,-24.9338],[-60.964,-24.9484],[-60.9535,-24.9726],[-60.9216,-24.9793],[-60.9192,-24.9836],[-60.9415,-24.991],[-60.9401,-25.0044],[-60.9273,-24.9927],[-60.9211,-25.0105],[-60.8921,-25.0113],[-60.875,-25.0197],[-60.8697,-25.0313],[-60.8217,-25.0343],[-60.8208,-25.0395],[-60.8369,-25.0382],[-60.8141,-25.0746],[-60.807,-25.0642],[-60.782,-25.0711],[-60.7485,-25.0694],[-60.7675,-25.0906],[-60.7419,-25.1018],[-60.7381,-25.0975],[-60.7328,-25.117],[-60.7205,-25.1161],[-60.7214,-25.1252],[-60.7,-25.1196],[-60.6763,-25.1356],[-60.6744,-25.1278],[-60.6863,-25.114],[-60.6535,-25.1196],[-60.6706,-25.149],[-60.6444,-25.1542],[-60.6425,-25.1598],[-60.6539,-25.1585],[-60.6515,-25.1654],[-60.6373,-25.1654],[-60.6306,-25.1776],[-60.6259,-25.1706],[-60.6083,-25.1771],[-60.6054,-25.1594],[-60.586,-25.178],[-60.5712,-25.1698],[-60.5684,-25.1988],[-60.5612,-25.1836],[-60.5441,-25.1802],[-60.541,-25.1674],[-60.5267,-25.1743],[-60.5102,-25.1883],[-60.5083,-25.2138],[-60.4898,-25.2095],[-60.485,-25.2359],[-60.466,-25.2424],[-60.4418,-25.2653],[-60.4432,-25.2864],[-60.4313,-25.2817],[-60.4275,-25.3154],[-60.4137,-25.3076],[-60.4009,-25.3297],[-60.389,-25.3353],[-60.3709,-25.3266],[-60.3638,-25.3314],[-60.3543,-25.3227],[-60.35,-25.3556],[-60.34,-25.3573],[-60.3386,-25.3655],[-60.3462,-25.3802],[-60.331,-25.3776],[-60.3129,-25.3884],[-60.3339,-25.3914],[-60.3272,-25.4074],[-60.3077,-25.4057],[-60.3229,-25.4242],[-60.3068,-25.4212],[-60.2958,-25.41],[-60.3001,-25.4277],[-60.2825,-25.4333],[-60.2744,-25.4665],[-60.2526,-25.4639],[-60.2488,-25.4747],[-60.2388,-25.473],[-60.2245,-25.4851],[-60.2412,-25.5088],[-60.2269,-25.5015],[-60.2202,-25.5343],[-60.2264,-25.5429],[-60.2416,-25.5446],[-60.2378,-25.5593],[-60.2312,-25.5679],[-60.2221,-25.5584],[-60.2193,-25.5701],[-60.205,-25.5739],[-60.2264,-25.586],[-60.2117,-25.5929],[-60.2207,-25.5985],[-60.2155,-25.602],[-60.1841,-25.6114],[-60.2031,-25.6136],[-60.1751,-25.6304],[-60.1927,-25.636],[-60.1813,-25.6438],[-60.177,-25.6597],[-60.1713,-25.6485],[-60.1423,-25.6373],[-60.1399,-25.6511],[-60.1109,-25.664],[-60.1014,-25.6575],[-60.0985,-25.6692],[-60.0781,-25.6795],[-60.0634,-25.6739],[-60.0349,-25.6894],[-60.0182,-25.7041],[-60.0215,-25.723],[-60.0116,-25.7295],[-59.9982,-25.7346],[-59.9797,-25.723],[-59.9868,-25.7432],[-59.955,-25.7699],[-59.9426,-25.7596],[-59.9431,-25.7734],[-59.9279,-25.7699],[-59.9217,-25.779],[-59.9265,-25.7919],[-59.8775,-25.8022],[-59.8813,-25.8151],[-59.8718,-25.8284],[-59.8791,-25.842],[-59.8696,-25.8354],[-59.8592,-25.838],[-59.8713,-25.8458],[-59.8437,-25.856],[-59.8361,-25.876],[-59.8272,-25.8696],[-59.8157,-25.8844],[-59.8268,-25.8899],[-59.8116,-25.8962],[-59.8018,-25.8921],[-59.8043,-25.8983],[-59.7892,-25.903],[-59.7812,-25.8967],[-59.7883,-25.9097],[-59.7646,-25.916],[-59.7686,-25.9257],[-59.7535,-25.9207],[-59.7579,-25.938],[-59.7476,-25.9433],[-59.7545,-25.9556],[-59.7436,-25.9495],[-59.7514,-25.9632],[-59.7408,-25.9755],[-59.7279,-25.9701],[-59.7251,-25.9998],[-59.7081,-25.9963],[-59.7078,-26.0098],[-59.7023,-26.0005],[-59.6961,-26.0065],[-59.6822,-26.0004],[-59.67,-26.0057],[-59.6699,-26.0114],[-59.6853,-26.0087],[-59.6682,-26.0249],[-59.6764,-26.0301],[-59.6726,-26.0498],[-59.6786,-26.0541],[-59.6715,-26.0615],[-59.6631,-26.0552],[-59.6731,-26.0702],[-59.6657,-26.076],[-59.6825,-26.0895],[-59.6743,-26.0961],[-59.6783,-26.115],[-59.6493,-26.1195],[-59.6618,-26.1423],[-59.6262,-26.1343],[-59.6397,-26.1264],[-59.6366,-26.1199],[-59.6351,-25.6075],[-59.0536,-25.174],[-58.8912,-25.052],[-58.8914,-24.9034],[-58.8916,-24.8047],[-58.8917,-24.715]]]}},
{"type":"Feature","properties":{"name":"Pilagás","georefId":"34042","provinciaGeorefId":"34","tipo":"Departamento"},"geometry":{"type":"Polygon","coordinates":[[[-58.3808,-24.9562],[-58.4001,-24.9431],[-58.4083,-24.9231],[-58.4286,-24.9234],[-58.43,-24.8933],[-58.4408,-24.8793],[-58.4737,-24.8609],[-58.4975,-24.858],[-58.5109,-24.8435],[-58.5262,-24.8508],[-58.5505,-24.8277],[-58.5736,-24.821],[-58.611,-24.8311],[-58.6487,-24.8245],[-58.6735,-24.8315],[-58.6887,-24.8102],[-58.7086,-24.8105],[-58.7131,-24.7908],[-58.727,-24.7743],[-58.7434,-24.7809],[-58.8074,-24.7724],[-58.8548,-24.7326],[-58.8705,-24.7281],[-58.8791,-24.7328],[-58.8917,-24.715],[-58.8916,-24.8047],[-58.8914,-24.9034],[-58.8912,-25.052],[-59.0536,-25.174],[-58.6051,-25.4707],[-58.6052,-25.3943],[-58.3784,-25.393],[-58.3806,-24.9948],[-58.3808,-24.9576],[-58.3808,-24.9562]]]}},
{"type":"Feature","properties":{"name":"Pilcomayo","georefId":"34049","provinciaGeorefId":"34","tipo":"Departamento"},"geometry":{"type":"Polygon","coordinates":[[[-57.8288,-25.7577],[-57.8176,-25.7512],[-57.7802,-25.7612],[-57.7323,-25.724],[-57.7288,-25.7095],[-57.7593,-25.7095],[-57.7657,-25.6903],[-57.7347,-25.6468],[-57.7151,-25.6475],[-57.6881,-25.6615],[-57.6747,-25.659],[-57.6731,-25.5953],[-57.656,-25.597],[-57.6327,-25.6164],[-57.6108,-25.6106],[-57.6046,-25.5688],[-57.5804,-25.5694],[-57.5706,-25.5493],[-57.5797,-25.5125],[-57.5594,-25.4618],[-57.5743,-25.4272],[-57.5965,-25.4011],[-57.6424,-25.3834],[-57.6506,-25.3666],[-57.6818,-25.3423],[-57.6857,-25.3294],[-57.6885,-25.3332],[-57.6927,-25.3227],[-57.7029,-25.3222],[-57.6979,-25.3088],[-57.7072,-25.3001],[-57.6944,-25.286],[-57.7051,-25.2917],[-57.7032,-25.2825],[-57.7137,-25.2835],[-57.7118,-25.2731],[-57.7224,-25.2775],[-57.7182,-25.2656],[-57.7301,-25.2575],[-57.7227,-25.2531],[-57.7291,-25.2465],[-57.741,-25.2533],[-57.7357,-25.2346],[-57.7483,-25.2352],[-57.7442,-25.2283],[-57.7591,-25.2203],[-57.7506,-25.2166],[-57.7574,-25.2102],[-57.7486,-25.2067],[-57.7546,-25.2058],[-57.7492,-25.1963],[-57.7561,-25.1967],[-57.7588,-25.1866],[-57.7535,-25.1765],[-57.7684,-25.1729],[-57.7802,-25.1525],[-57.7918,-25.1554],[-57.79,-25.1499],[-57.8053,-25.1482],[-57.8072,-25.1423],[-57.813,-25.1478],[-57.8264,-25.1306],[-57.837,-25.1314],[-57.8611,-25.0816],[-57.8701,-25.0842],[-57.884,-25.0756],[-57.8959,-25.0836],[-57.9077,-25.0797],[-57.9062,-25.0734],[-57.931,-25.0781],[-57.9418,-25.0717],[-57.9526,-25.0806],[-57.9564,-25.0729],[-57.9713,-25.0772],[-57.9754,-25.0863],[-57.9907,-25.0818],[-57.991,-25.0749],[-57.9995,-25.0742],[-57.996,-25.0597],[-58.0057,-25.0351],[-58.0163,-25.042],[-58.0317,-25.0357],[-58.0687,-25.0457],[-58.0906,-25.0087],[-58.1132,-25.0196],[-58.1372,-25.0117],[-58.1375,-24.9888],[-58.1531,-24.9819],[-58.1498,-24.9752],[-58.1597,-24.9708],[-58.1624,-24.9755],[-58.1691,-24.9663],[-58.1737,-24.9712],[-58.1935,-24.968],[-58.202,-24.9497],[-58.217,-24.9506],[-58.2143,-24.9455],[-58.2244,-24.942],[-58.2193,-24.9316],[-58.2247,-24.9271],[-58.2554,-24.9319],[-58.3296,-25.0009],[-58.3414,-24.9963],[-58.3494,-24.9707],[-58.3808,-24.9562],[-58.3808,-24.9576],[-58.3806,-24.9948],[-58.3784,-25.393],[-58.6052,-25.3943],[-58.6051,-25.4707],[-58.605,-25.5831],[-58.2212,-25.588],[-58.2206,-25.5604],[-58.1901,-25.5777],[-58.1527,-25.5629],[-58.0372,-25.6083],[-58.0293,-25.6345],[-58.0356,-25.6583],[-58.0206,-25.6873],[-57.9793,-25.7128],[-57.9087,-25.7375],[-57.8549,-25.7432],[-57.8288,-25.7577]]]}},
{"type":"Feature","properties":{"name":"Pirané","georefId":"34056","provinciaGeorefId":"34","tipo":"Departamento"},"geometry":{"type":"Polygon","coordinates":[[[-58.926,-26.1853],[-58.9259,-25.7786],[-58.6047,-25.7772],[-58.605,-25.5831],[-58.6051,-25.4707],[-59.0536,-25.174],[-59.6351,-25.6075],[-59.6366,-26.1199],[-59.6089,-26.1237],[-59.6033,-26.1152],[-59.5972,-26.131],[-59.5848,-26.1218],[-59.5742,-26.1528],[-59.5473,-26.1509],[-59.5473,-26.1426],[-59.5355,-26.1413],[-59.5321,-26.1506],[-59.5178,-26.1438],[-59.5077,-26.1597],[-59.4954,-26.1539],[-59.4958,-26.1624],[-59.4893,-26.1554],[-59.4758,-26.1617],[-59.465,-26.1506],[-59.4562,-26.1602],[-59.4542,-26.1476],[-59.4461,-26.1534],[-59.4383,-26.1491],[-59.4214,-26.1612],[-59.424,-26.1672],[-59.4137,-26.1681],[-59.4089,-26.18],[-59.4207,-26.1783],[-59.425,-26.1891],[-59.4187,-26.1962],[-59.4294,-26.1978],[-59.4103,-26.2071],[-59.4159,-26.2222],[-59.3946,-26.2476],[-59.3979,-26.2586],[-59.3807,-26.2649],[-59.3961,-26.2738],[-59.3846,-26.2793],[-59.3869,-26.2947],[-59.4033,-26.294],[-59.4033,-26.2995],[-59.386,-26.3045],[-59.3575,-26.338],[-59.3439,-26.3278],[-59.3335,-26.3357],[-59.313,-26.3189],[-59.3111,-26.3394],[-59.2976,-26.3358],[-59.2777,-26.3498],[-59.2524,-26.3487],[-59.2547,-26.3405],[-59.2296,-26.3431],[-59.2037,-26.3268],[-59.1926,-26.3297],[-59.1841,-26.3229],[-59.1904,-26.3165],[-59.182,-26.3047],[-59.1715,-26.3091],[-59.1676,-26.2986],[-59.1402,-26.2994],[-59.1388,-26.3127],[-59.1521,-26.308],[-59.1539,-26.3169],[-59.1307,-26.3281],[-59.1103,-26.326],[-59.1288,-26.344],[-59.106,-26.3449],[-59.0685,-26.3742],[-59.0429,-26.3653],[-59.0353,-26.3744],[-59.0244,-26.3733],[-59.0241,-26.3812],[-59.0027,-26.3741],[-58.9749,-26.3885],[-58.9745,-26.1858],[-58.926,-26.1853]]]}},
{"type":"Feature","properties":{"name":"Ramón Lista","georefId":"34063","provinciaGeorefId":"34","tipo":"Departamento"},"geometry":{"type":"Polygon","coordinates":[[[-61.8518,-23.0945],[-61.8636,-23.0847],[-61.8726,-23.0931],[-61.8777,-23.0824],[-61.8882,-23.0872],[-61.8853,-23.0757],[-61.8918,-23.0696],[-61.8969,-23.0756],[-61.9099,-23.0678],[-61.9347,-23.0677],[-61.9401,-23.0465],[-61.9553,-23.0485],[-61.9516,-23.0338],[-61.9828,-23.0229],[-61.9895,-23.0029],[-61.9971,-23.0102],[-61.9925,-22.992],[-62.002,-22.9948],[-62.0059,-22.9885],[-61.9946,-22.9775],[-61.9968,-22.9661],[-62.0104,-22.9757],[-61.9959,-22.9515],[-62.0038,-22.9393],[-61.9996,-22.9296],[-62.0061,-22.9264],[-62.0076,-22.9337],[-62.0185,-22.9233],[-62.0248,-22.9277],[-62.0216,-22.9083],[-62.0315,-22.8995],[-62.0405,-22.8694],[-62.0571,-22.8628],[-62.0602,-22.8485],[-62.0722,-22.8467],[-62.0757,-22.8287],[-62.0889,-22.8266],[-62.0952,-22.8061],[-62.1082,-22.8195],[-62.1156,-22.7949],[-62.1396,-22.7807],[-62.1346,-22.7715],[-62.1473,-22.7648],[-62.1386,-22.7616],[-62.1575,-22.7605],[-62.1625,-22.753],[-62.1611,-22.7325],[-62.1859,-22.7043],[-62.195,-22.7151],[-62.2009,-22.707],[-62.1997,-22.6942],[-62.1772,-22.6936],[-62.1863,-22.6787],[-62.201,-22.6837],[-62.1967,-22.6717],[-62.2036,-22.6619],[-62.1925,-22.6533],[-62.189,-22.6225],[-62.2077,-22.6457],[-62.2257,-22.6226],[-62.2351,-22.6233],[-62.2349,-22.631],[-62.242,-22.6287],[-62.2358,-22.6157],[-62.2515,-22.6125],[-62.2536,-22.6005],[-62.2638,-22.6036],[-62.2625,-22.5968],[-62.2461,-22.5907],[-62.2442,-22.5743],[-62.2332,-22.5699],[-62.2341,-22.5443],[-62.2549,-22.5316],[-62.2504,-22.517],[-62.2809,-22.5114],[-62.2865,-22.5231],[-62.2836,-22.4959],[-62.291,-22.4925],[-62.2902,-22.4746],[-62.309,-22.4867],[-62.3273,-22.4843],[-62.3358,-22.4769],[-62.3331,-22.4659],[-62.3423,-22.4609],[-62.342,-23.4954],[-61.8439,-23.4929],[-61.8508,-23.1465],[-61.8514,-23.1145],[-61.8518,-23.0945]]]}},
{"type":"Feature","properties":{"name":"Cochinoca","georefId":"38007","provinciaGeorefId":"38","tipo":"Departamento"},"geometry":{"type":"Polygon","coordinates":[[[-65.3486,-22.5512],[-65.4191,-22.5486],[-65.4464,-22.555],[-65.5077,-22.5259],[-65.5473,-22.4795],[-65.5915,-22.4699],[-65.6959,-22.4628],[-65.8285,-22.4387],[-65.8386,-22.5376],[-65.8689,-22.5667],[-65.8858,-22.5567],[-65.891,-22.5771],[-65.9213,-22.6207],[-65.9995,-22.5896],[-66.0022,-22.6032],[-66.0395,-22.6481],[-66.0779,-22.6678],[-66.1366,-22.6823],[-66.1721,-22.6817],[-66.1815,-22.6717],[-66.2042,-22.7037],[-66.2232,-22.7103],[-66.232,-22.7001],[-66.2584,-22.6908],[-66.3123,-22.695],[-66.3314,-22.7128],[-66.3567,-22.7675],[-66.4316,-22.7286],[-66.4439,-22.7412],[-66.4363,-22.7676],[-66.4429,-22.7872],[-66.4574,-22.7966],[-66.4538,-22.8044],[-66.4902,-22.8004],[-66.4962,-22.8108],[-66.51,-22.8136],[-66.5201,-22.8328],[-66.5679,-22.8325],[-66.5915,-22.8521],[-66.5849,-22.9993],[-66.2818,-22.9993],[-66.1994,-23.0701],[-66.1153,-23.1557],[-66.1061,-23.1732],[-66.1059,-23.2233],[-66.1983,-23.3917],[-66.1844,-23.4169],[-66.1637,-23.4154],[-66.1198,-23.4303],[-66.0892,-23.4593],[-66.0112,-23.5088],[-65.9991,-23.5148],[-65.9872,-23.5097],[-66.0019,-23.6819],[-65.9708,-23.6708],[-65.9595,-23.6786],[-65.9587,-23.662],[-65.921,-23.6359],[-65.9032,-23.6151],[-65.8966,-23.5893],[-65.8812,-23.5806],[-65.8739,-23.5558],[-65.8581,-23.5482],[-65.8436,-23.4816],[-65.867,-23.4543],[-65.864,-23.4398],[-65.8393,-23.4191],[-65.8334,-23.3835],[-65.82,-23.3729],[-65.7602,-23.4157],[-65.7427,-23.4126],[-65.7309,-23.3546],[-65.744,-23.3143],[-65.7211,-23.2736],[-65.7363,-23.229],[-65.7204,-23.2009],[-65.7188,-23.1407],[-65.6925,-23.0868],[-65.7031,-23.065],[-65.6934,-22.9936],[-65.6727,-22.9552],[-65.6061,-22.9188],[-65.5775,-22.8612],[-65.5224,-22.825],[-65.5076,-22.7653],[-65.443,-22.7631],[-65.4105,-22.7447],[-65.3928,-22.7188],[-65.3846,-22.6868],[-65.3447,-22.6064],[-65.3511,-22.5965],[-65.3446,-22.5867],[-65.3486,-22.5512]]]}},
{"type":"Feature","properties":{"name":"El Carmen","georefId":"38014","provinciaGeorefId":"38","tipo":"Departamento"},"geometry":{"type":"Polygon","coordinates":[[[-65.1406,-24.3322],[-65.1939,-24.3295],[-65.2695,-24.3138],[-65.2694,-24.362],[-65.3572,-24.383],[-65.3679,-24.411],[-65.3506,-24.429],[-65.3574,-24.4625],[-65.351,-24.471],[-65.3578,-24.4819],[-65.3535,-24.4909],[-65.3173,-24.5023],[-65.2868,-24.4907],[-65.2293,-24.4862],[-65.2298,-24.4693],[-65.2006,-24.4599],[-65.1737,-24.4699],[-65.1548,-24.4881],[-65.1547,-24.4882],[-65.1547,-24.4887],[-65.1361,-24.5078],[-65.1052,-24.523],[-65.0797,-24.5622],[-65.0166,-24.5786],[-64.9968,-24.5762],[-64.9274,-24.5998],[-64.8969,-24.592],[-64.8889,-24.5708],[-64.8837,-24.5719],[-64.8935,-24.5609],[-64.8794,-24.5269],[-64.8855,-24.5208],[-64.8771,-24.5004],[-64.8619,-24.494],[-64.8551,-24.4723],[-64.954,-24.4497],[-64.8998,-24.3833],[-64.997,-24.3601],[-65.0207,-24.365],[-65.1406,-24.3322]]]}},
{"type":"Feature","properties":{"name":"Dr. Manuel Belgrano","georefId":"38021","provinciaGeorefId":"38","tipo":"Departamento"},"geometry":{"type":"Polygon","coordinates":[[[-65.2895,-23.8624],[-65.3055,-23.8643],[-65.3177,-23.8459],[-65.3532,-23.8567],[-65.3392,-23.8686],[-65.3451,-23.9272],[-65.3606,-23.9253],[-65.3615,-23.9191],[-65.3826,-23.938],[-65.4193,-23.9432],[-65.4197,-23.9783],[-65.4435,-23.9904],[-65.4331,-24.0268],[-65.5076,-24.0128],[-65.5467,-24.0213],[-65.558,-24.0078],[-65.5858,-24.0015],[-65.6004,-23.9893],[-65.6036,-23.9263],[-65.5946,-23.8864],[-65.6198,-23.8679],[-65.6476,-23.8299],[-65.6752,-23.842],[-65.6882,-23.8638],[-65.7003,-23.901],[-65.6956,-23.9181],[-65.705,-23.9839],[-65.7164,-23.9911],[-65.7528,-24.058],[-65.7463,-24.0624],[-65.7517,-24.0738],[-65.7333,-24.084],[-65.7209,-24.1093],[-65.7308,-24.1442],[-65.7154,-24.1669],[-65.725,-24.186],[-65.6945,-24.2148],[-65.6972,-24.2297],[-65.6725,-24.2487],[-65.6284,-24.2778],[-65.5755,-24.2944],[-65.4881,-24.2957],[-65.4459,-24.2692],[-65.3796,-24.2777],[-65.3458,-24.255],[-65.235,-24.2767],[-65.2281,-24.2546],[-65.2571,-24.2298],[-65.2349,-24.2171],[-65.2043,-24.2302],[-65.2184,-24.2081],[-65.2097,-24.1683],[-65.2134,-24.1389],[-65.2408,-24.1294],[-65.2091,-24.1082],[-65.2008,-24.0824],[-65.1864,-24.0936],[-65.1584,-24.0954],[-65.1312,-24.0866],[-65.1256,-24.0542],[-65.1163,-24.0525],[-65.1205,-24.0419],[-65.1099,-24.0325],[-65.1145,-24.0118],[-65.1335,-23.9978],[-65.1366,-23.9743],[-65.1798,-23.9774],[-65.207,-23.999],[-65.223,-23.9983],[-65.2191,-23.9725],[-65.1821,-23.9511],[-65.1818,-23.9251],[-65.2895,-23.8624]]]}},
{"type":"Feature","properties":{"name":"Humahuaca","georefId":"38028","provinciaGeorefId":"38","tipo":"Departamento"},"geometry":{"type":"Polygon","coordinates":[[[-65.068,-23.0449],[-65.0896,-23.0262],[-65.1173,-23.0202],[-65.1338,-23.0019],[-65.1889,-22.9982],[-65.1875,-22.9718],[-65.2017,-22.9692],[-65.199,-22.9581],[-65.2182,-22.9589],[-65.2332,-22.9386],[-65.2517,-22.928],[-65.2492,-22.8905],[-65.2526,-22.875],[-65.2628,-22.874],[-65.2595,-22.8581],[-65.2761,-22.8169],[-65.2742,-22.7901],[-65.302,-22.765],[-65.2974,-22.7404],[-65.3061,-22.7304],[-65.2717,-22.6482],[-65.3447,-22.6064],[-65.3846,-22.6868],[-65.3928,-22.7188],[-65.4105,-22.7447],[-65.443,-22.7631],[-65.5076,-22.7653],[-65.5224,-22.825],[-65.5775,-22.8612],[-65.6061,-22.9188],[-65.6727,-22.9552],[-65.6934,-22.9936],[-65.7031,-23.065],[-65.6925,-23.0868],[-65.7188,-23.1407],[-65.7204,-23.2009],[-65.7363,-23.229],[-65.7211,-23.2736],[-65.744,-23.3143],[-65.7309,-23.3546],[-65.7427,-23.4126],[-65.6899,-23.3758],[-65.5262,-23.3117],[-65.5048,-23.3147],[-65.4901,-23.3275],[-65.436,-23.3321],[-65.3957,-23.3675],[-65.3612,-23.3715],[-65.3387,-23.3911],[-65.1789,-23.3197],[-65.16,-23.3075],[-65.1218,-23.2618],[-65.1193,-23.2443],[-65.09,-23.2137],[-65.0845,-23.1971],[-65.0697,-23.1995],[-65.045,-23.1557],[-65.0717,-23.1377],[-65.0622,-23.1188],[-65.068,-23.0449]]]}},
{"type":"Feature","properties":{"name":"Ledesma","georefId":"38035","provinciaGeorefId":"38","tipo":"Departamento"},"geometry":{"type":"Polygon","coordinates":[[[-64.4311,-23.6335],[-64.4483,-23.6394],[-64.4473,-23.6272],[-64.464,-23.6203],[-64.4585,-23.6152],[-64.4788,-23.6082],[-64.4959,-23.5671],[-64.5348,-23.5384],[-64.5326,-23.5214],[-64.5439,-23.524],[-64.5521,-23.5122],[-64.5665,-23.5139],[-64.568,-23.5072],[-64.5759,-23.5145],[-64.5861,-23.5122],[-64.6146,-23.4923],[-64.6577,-23.4832],[-64.6633,-23.468],[-64.6825,-23.4524],[-64.7384,-23.4676],[-64.7394,-23.4789],[-64.7612,-23.4757],[-64.7875,-23.4962],[-64.8409,-23.4844],[-64.8447,-23.4914],[-64.8431,-23.5331],[-64.86,-23.5607],[-64.8596,-23.5833],[-64.8942,-23.5985],[-64.8906,-23.6158],[-64.9018,-23.6371],[-64.8961,-23.6546],[-64.9039,-23.666],[-64.8993,-23.6717],[-64.9201,-23.7064],[-64.9119,-23.7216],[-64.9203,-23.7333],[-64.9359,-23.722],[-64.9608,-23.7225],[-64.9798,-23.7084],[-64.9967,-23.7101],[-65.0085,-23.6994],[-65.0179,-23.7],[-65.0378,-23.7024],[-65.0879,-23.738],[-65.0863,-23.7515],[-65.0978,-23.764],[-65.1024,-23.7862],[-65.1012,-23.8096],[-65.0925,-23.8222],[-65.0967,-23.8566],[-65.1293,-23.8443],[-65.1816,-23.799],[-65.2071,-23.7863],[-65.2327,-23.7905],[-65.2356,-23.8021],[-65.246,-23.802],[-65.2541,-23.8192],[-65.2713,-23.8282],[-65.2959,-23.8195],[-65.2971,-23.846],[-65.2895,-23.8624],[-65.1818,-23.9251],[-65.1821,-23.9511],[-65.2191,-23.9725],[-65.223,-23.9983],[-65.207,-23.999],[-65.1798,-23.9774],[-65.1366,-23.9743],[-65.1335,-23.9978],[-65.1145,-24.0118],[-65.1099,-24.0325],[-65.0941,-24.0186],[-65.0792,-24.0259],[-65.0737,-24.0155],[-65.0539,-24.0144],[-65.0013,-24.0222],[-64.9522,-24.0094],[-64.9194,-24.0107],[-64.8811,-24.0255],[-64.8526,-24.0502],[-64.8515,-24.0736],[-64.8441,-24.0789],[-64.7836,-24.0945],[-64.7782,-24.0864],[-64.7699,-24.0879],[-64.772,-24.0832],[-64.7646,-24.0878],[-64.7579,-24.0728],[-64.7499,-24.0702],[-64.7483,-24.0761],[-64.743,-24.0661],[-64.7283,-24.061],[-64.7248,-24.0663],[-64.7266,-24.06],[-64.7157,-24.0558],[-64.7066,-24.051],[-64.7058,-24.0412],[-64.6955,-24.0407],[-64.6914,-24.0197],[-64.6796,-24.016],[-64.6804,-24.0102],[-64.6936,-24.014],[-64.6889,-23.9934],[-64.664,-23.9924],[-64.6742,-23.9827],[-64.6614,-23.9734],[-64.67,-23.9653],[-64.6587,-23.9514],[-64.6671,-23.9412],[-64.665,-23.9315],[-64.6476,-23.9257],[-64.6601,-23.9134],[-64.6467,-23.9003],[-64.6447,-23.8773],[-64.6283,-23.8737],[-64.634,-23.865],[-64.6271,-23.8551],[-64.6213,-23.858],[-64.6272,-23.8487],[-64.6166,-23.8548],[-64.6118,-23.8476],[-64.6194,-23.8336],[-64.6097,-23.8254],[-64.6114,-23.8164],[-64.5906,-23.8187],[-64.5832,-23.7937],[-64.5723,-23.7885],[-64.5744,-23.7557],[-64.5642,-23.7439],[-64.5684,-23.7303],[-64.5414,-23.7237],[-64.5395,-23.7128],[-64.5107,-23.6998],[-64.4848,-23.7006],[-64.4868,-23.6834],[-64.4686,-23.6708],[-64.462,-23.653],[-64.4409,-23.6504],[-64.4311,-23.6335]]]}},
{"type":"Feature","properties":{"name":"Palpalá","georefId":"38042","provinciaGeorefId":"38","tipo":"Departamento"},"geometry":{"type":"Polygon","coordinates":[[[-65.0207,-24.365],[-65.0348,-24.3188],[-65.0523,-24.3117],[-65.0636,-24.2926],[-65.0539,-24.2526],[-65.0752,-24.1993],[-65.0693,-24.1868],[-65.0743,-24.1708],[-65.049,-24.1804],[-65.0539,-24.0144],[-65.0737,-24.0155],[-65.0792,-24.0259],[-65.0941,-24.0186],[-65.1099,-24.0325],[-65.1205,-24.0419],[-65.1163,-24.0525],[-65.1256,-24.0542],[-65.1312,-24.0866],[-65.1584,-24.0954],[-65.1864,-24.0936],[-65.2008,-24.0824],[-65.2091,-24.1082],[-65.2408,-24.1294],[-65.2134,-24.1389],[-65.2097,-24.1683],[-65.2184,-24.2081],[-65.2043,-24.2302],[-65.2349,-24.2171],[-65.2571,-24.2298],[-65.2281,-24.2546],[-65.235,-24.2767],[-65.2038,-24.2865],[-65.1787,-24.2783],[-65.1384,-24.3239],[-65.1406,-24.3322],[-65.0207,-24.365]]]}},
{"type":"Feature","properties":{"name":"Rinconada","georefId":"38049","provinciaGeorefId":"38","tipo":"Departamento"},"geometry":{"type":"Polygon","coordinates":[[[-65.9861,-22.4033],[-66.0229,-22.2801],[-66.0312,-22.2695],[-66.0595,-22.2584],[-66.2973,-22.3149],[-66.3193,-22.3256],[-66.3331,-22.3169],[-66.3498,-22.2823],[-66.3695,-22.2751],[-66.3869,-22.2804],[-66.3962,-22.2687],[-66.4091,-22.2709],[-66.414,-22.2464],[-66.421,-22.2667],[-66.4355,-22.2773],[-66.4539,-22.3093],[-66.464,-22.3119],[-66.4926,-22.3764],[-66.5705,-22.4202],[-66.5863,-22.4123],[-66.5947,-22.4163],[-66.598,-22.4097],[-66.6816,-22.3778],[-66.7343,-22.3804],[-66.7664,-22.3577],[-66.7843,-22.4018],[-66.7825,-22.4381],[-66.9286,-22.4922],[-66.9729,-22.5407],[-67.0272,-22.5409],[-67.0141,-22.6548],[-67.1278,-22.7221],[-67.1805,-22.8141],[-66.9912,-22.9993],[-66.5849,-22.9993],[-66.5915,-22.8521],[-66.5679,-22.8325],[-66.5201,-22.8328],[-66.51,-22.8136],[-66.4962,-22.8108],[-66.4902,-22.8004],[-66.4538,-22.8044],[-66.4574,-22.7966],[-66.4429,-22.7872],[-66.4363,-22.7676],[-66.4439,-22.7412],[-66.4316,-22.7286],[-66.3567,-22.7675],[-66.3314,-22.7128],[-66.3123,-22.695],[-66.2584,-22.6908],[-66.232,-22.7001],[-66.2232,-22.7103],[-66.2042,-22.7037],[-66.1815,-22.6717],[-66.1721,-22.6817],[-66.1366,-22.6823],[-66.0779,-22.6678],[-66.0395,-22.6481],[-66.0022,-22.6032],[-65.9995,-22.5896],[-65.9213,-22.6207],[-65.891,-22.5771],[-65.8858,-22.5567],[-65.8689,-22.5667],[-65.8386,-22.5376],[-65.8285,-22.4387],[-65.9861,-22.4033]]]}},
{"type":"Feature","properties":{"name":"San Antonio","georefId":"38056","provinciaGeorefId":"38","tipo":"Departamento"},"geometry":{"type":"Polygon","coordinates":[[[-65.235,-24.2767],[-65.3458,-24.255],[-65.3796,-24.2777],[-65.4459,-24.2692],[-65.4881,-24.2957],[-65.5755,-24.2944],[-65.6284,-24.2778],[-65.6725,-24.2487],[-65.6827,-24.3077],[-65.6696,-24.3411],[-65.6559,-24.3551],[-65.6586,-24.3687],[-65.6534,-24.3803],[-65.6214,-24.3818],[-65.612,-24.4068],[-65.6002,-24.417],[-65.5713,-24.4222],[-65.5404,-24.4515],[-65.5204,-24.4463],[-65.5063,-24.4554],[-65.5044,-24.4381],[-65.488,-24.4276],[-65.4643,-24.4306],[-65.4347,-24.4622],[-65.4253,-24.4504],[-65.392,-24.4612],[-65.3574,-24.4625],[-65.3506,-24.429],[-65.3679,-24.411],[-65.3572,-24.383],[-65.2694,-24.362],[-65.2695,-24.3138],[-65.1939,-24.3295],[-65.1406,-24.3322],[-65.1384,-24.3239],[-65.1787,-24.2783],[-65.2038,-24.2865],[-65.235,-24.2767]]]}},
{"type":"Feature","properties":{"name":"San Pedro","georefId":"38063","provinciaGeorefId":"38","tipo":"Departamento"},"geometry":{"type":"Polygon","coordinates":[[[-64.7157,-24.0558],[-64.7266,-24.06],[-64.7248,-24.0663],[-64.7283,-24.061],[-64.743,-24.0661],[-64.7483,-24.0761],[-64.7499,-24.0702],[-64.7579,-24.0728],[-64.7646,-24.0878],[-64.772,-24.0832],[-64.7699,-24.0879],[-64.7782,-24.0864],[-64.7836,-24.0945],[-64.8441,-24.0789],[-64.8515,-24.0736],[-64.8526,-24.0502],[-64.8811,-24.0255],[-64.9194,-24.0107],[-64.9522,-24.0094],[-65.0013,-24.0222],[-65.0539,-24.0144],[-65.049,-24.1804],[-65.0743,-24.1708],[-65.0693,-24.1868],[-65.0752,-24.1993],[-65.0539,-24.2526],[-65.0636,-24.2926],[-65.0523,-24.3117],[-65.0348,-24.3188],[-65.0207,-24.365],[-64.997,-24.3601],[-64.8998,-24.3833],[-64.954,-24.4497],[-64.8551,-24.4723],[-64.8375,-24.4692],[-64.7706,-24.5042],[-64.7554,-24.5233],[-64.7258,-24.5299],[-64.7045,-24.5634],[-64.6805,-24.5762],[-64.6836,-24.5908],[-64.6742,-24.6039],[-64.6407,-24.6113],[-64.6401,-24.6112],[-64.6399,-24.6111],[-64.6189,-24.5976],[-64.618,-24.5963],[-64.6132,-24.5939],[-64.6089,-24.5919],[-64.5601,-24.5772],[-64.5326,-24.5048],[-64.5227,-24.4602],[-64.5478,-24.4346],[-64.5473,-24.4214],[-64.5242,-24.334],[-64.4959,-24.3015],[-64.5305,-24.3254],[-64.579,-24.3206],[-64.614,-24.3342],[-64.6445,-24.336],[-64.6917,-24.3352],[-64.7412,-24.3152],[-64.7402,-24.3019],[-64.7306,-24.2971],[-64.7323,-24.2855],[-64.7276,-24.2905],[-64.7119,-24.2622],[-64.699,-24.2093],[-64.6928,-24.2094],[-64.6929,-24.1655],[-64.7038,-24.1541],[-64.7217,-24.097],[-64.7142,-24.0939],[-64.7155,-24.0685],[-64.7057,-24.0642],[-64.7157,-24.0558]]]}},
{"type":"Feature","properties":{"name":"Santa Bárbara","georefId":"38070","provinciaGeorefId":"38","tipo":"Departamento"},"geometry":{"type":"Polygon","coordinates":[[[-64.1579,-24.1544],[-64.1508,-24.1364],[-64.1537,-24.0798],[-64.161,-24.0706],[-64.1571,-23.518],[-64.3543,-23.518],[-64.3515,-23.5316],[-64.3688,-23.5376],[-64.3856,-23.5636],[-64.3862,-23.5813],[-64.4022,-23.5965],[-64.3932,-23.6101],[-64.4123,-23.6318],[-64.4311,-23.6335],[-64.4409,-23.6504],[-64.462,-23.653],[-64.4686,-23.6708],[-64.4868,-23.6834],[-64.4848,-23.7006],[-64.5107,-23.6998],[-64.5395,-23.7128],[-64.5414,-23.7237],[-64.5684,-23.7303],[-64.5642,-23.7439],[-64.5744,-23.7557],[-64.5723,-23.7885],[-64.5832,-23.7937],[-64.5906,-23.8187],[-64.6114,-23.8164],[-64.6097,-23.8254],[-64.6194,-23.8336],[-64.6118,-23.8476],[-64.6166,-23.8548],[-64.6272,-23.8487],[-64.6213,-23.858],[-64.6271,-23.8551],[-64.634,-23.865],[-64.6283,-23.8737],[-64.6447,-23.8773],[-64.6467,-23.9003],[-64.6601,-23.9134],[-64.6476,-23.9257],[-64.665,-23.9315],[-64.6671,-23.9412],[-64.6587,-23.9514],[-64.67,-23.9653],[-64.6614,-23.9734],[-64.6742,-23.9827],[-64.664,-23.9924],[-64.6889,-23.9934],[-64.6936,-24.014],[-64.6804,-24.0102],[-64.6796,-24.016],[-64.6914,-24.0197],[-64.6955,-24.0407],[-64.7058,-24.0412],[-64.7066,-24.051],[-64.7157,-24.0558],[-64.7057,-24.0642],[-64.7155,-24.0685],[-64.7142,-24.0939],[-64.7217,-24.097],[-64.7038,-24.1541],[-64.6929,-24.1655],[-64.6928,-24.2094],[-64.699,-24.2093],[-64.7119,-24.2622],[-64.7276,-24.2905],[-64.7323,-24.2855],[-64.7306,-24.2971],[-64.7402,-24.3019],[-64.7412,-24.3152],[-64.6917,-24.3352],[-64.6445,-24.336],[-64.614,-24.3342],[-64.579,-24.3206],[-64.5305,-24.3254],[-64.4959,-24.3015],[-64.5242,-24.334],[-64.5473,-24.4214],[-64.5478,-24.4346],[-64.5227,-24.4602],[-64.5326,-24.5048],[-64.5,-24.5064],[-64.4819,-24.4651],[-64.4554,-24.463],[-64.4363,-24.4427],[-64.437,-24.4267],[-64.4217,-24.4022],[-64.3901,-24.4057],[-64.348,-24.4253],[-64.3183,-24.4272],[-64.2978,-24.4052],[-64.2888,-24.4071],[-64.2738,-24.3933],[-64.252,-24.3642],[-64.2524,-24.3444],[-64.2231,-24.3294],[-64.2167,-24.3086],[-64.2055,-24.3029],[-64.18,-24.2636],[-64.1719,-24.2313],[-64.1618,-24.2211],[-64.175,-24.2126],[-64.158,-24.1548],[-64.1579,-24.1544]]]}},
{"type":"Feature","properties":{"name":"Santa Catalina","georefId":"38077","provinciaGeorefId":"38","tipo":"Departamento"},"geometry":{"type":"Polygon","coordinates":[[[-65.809,-22.0703],[-65.9248,-21.9335],[-66.0482,-21.919],[-66.0433,-21.8719],[-66.0763,-21.835],[-66.1941,-21.796],[-66.221,-21.7809],[-66.243,-21.794],[-66.2359,-21.8523],[-66.2509,-21.9015],[-66.2603,-21.9061],[-66.2608,-21.9362],[-66.2746,-21.9444],[-66.272,-21.9669],[-66.2838,-21.9865],[-66.2776,-22.0237],[-66.2924,-22.0346],[-66.2862,-22.042],[-66.2919,-22.0517],[-66.2836,-22.0504],[-66.2931,-22.0621],[-66.2842,-22.0684],[-66.2886,-22.087],[-66.3077,-22.0946],[-66.3174,-22.0848],[-66.3255,-22.0883],[-66.3316,-22.1183],[-66.3479,-22.1199],[-66.3478,-22.128],[-66.6232,-22.1974],[-66.6382,-22.2255],[-66.6862,-22.2095],[-66.7393,-22.2385],[-66.7664,-22.3577],[-66.7343,-22.3804],[-66.6816,-22.3778],[-66.598,-22.4097],[-66.5947,-22.4163],[-66.5863,-22.4123],[-66.5705,-22.4202],[-66.4926,-22.3764],[-66.464,-22.3119],[-66.4539,-22.3093],[-66.4355,-22.2773],[-66.421,-22.2667],[-66.414,-22.2464],[-66.4091,-22.2709],[-66.3962,-22.2687],[-66.3869,-22.2804],[-66.3695,-22.2751],[-66.3498,-22.2823],[-66.3331,-22.3169],[-66.3193,-22.3256],[-66.2973,-22.3149],[-66.0595,-22.2584],[-66.0312,-22.2695],[-66.0229,-22.2801],[-65.9861,-22.4033],[-65.9701,-22.2961],[-65.9604,-22.2629],[-65.9471,-22.2459],[-65.9477,-22.222],[-65.9619,-22.203],[-65.9591,-22.194],[-65.9488,-22.1841],[-65.9244,-22.2035],[-65.9037,-22.1954],[-65.8587,-22.207],[-65.8253,-22.1877],[-65.809,-22.0703]]]}},
{"type":"Feature","properties":{"name":"Susques","georefId":"38084","provinciaGeorefId":"38","tipo":"Departamento"},"geometry":{"type":"Polygon","coordinates":[[[-66.5849,-22.9993],[-66.9912,-22.9993],[-67.213,-23.6949],[-66.9928,-23.8899],[-66.9411,-23.984],[-66.9152,-23.9702],[-66.8806,-23.9744],[-66.8799,-23.9939],[-66.8374,-24.0707],[-66.7974,-24.0964],[-66.7752,-24.0878],[-66.7457,-24.0892],[-66.7265,-24.1223],[-66.6786,-24.1421],[-66.6463,-24.1725],[-66.5908,-24.188],[-66.5587,-24.1873],[-66.5436,-24.2076],[-66.5269,-24.2048],[-66.5239,-24.2038],[-66.5035,-24.1978],[-66.4834,-24.213],[-66.469,-24.1984],[-66.4788,-24.1835],[-66.4457,-24.1647],[-66.4225,-24.1639],[-66.4143,-24.1287],[-66.3818,-24.1278],[-66.3758,-24.1173],[-66.3623,-24.0874],[-66.3705,-24.0801],[-66.3702,-24.0501],[-66.3505,-24.0237],[-66.3533,-23.9986],[-66.3394,-23.9843],[-66.3629,-23.9835],[-66.3681,-23.9719],[-66.3599,-23.9123],[-66.3544,-23.8839],[-66.3765,-23.8551],[-66.3808,-23.8279],[-66.372,-23.8219],[-66.3533,-23.8253],[-66.3605,-23.7842],[-66.3769,-23.7502],[-66.3676,-23.7331],[-66.3726,-23.7222],[-66.3676,-23.6946],[-66.3574,-23.6738],[-66.3381,-23.669],[-66.3383,-23.6588],[-66.3303,-23.6566],[-66.3294,-23.632],[-66.3355,-23.6285],[-66.3175,-23.6075],[-66.3111,-23.5614],[-66.2977,-23.5616],[-66.2964,-23.5693],[-66.2836,-23.5747],[-66.2642,-23.5655],[-66.2491,-23.5088],[-66.2396,-23.4925],[-66.219,-23.485],[-66.1829,-23.4384],[-66.1844,-23.4169],[-66.1983,-23.3917],[-66.1059,-23.2233],[-66.1061,-23.1732],[-66.1153,-23.1557],[-66.1994,-23.0701],[-66.2818,-22.9993],[-66.5849,-22.9993]]]}},
{"type":"Feature","properties":{"name":"Tilcara","georefId":"38094","provinciaGeorefId":"38","tipo":"Departamento"},"geometry":{"type":"Polygon","coordinates":[[[-65.1789,-23.3197],[-65.3387,-23.3911],[-65.3612,-23.3715],[-65.3957,-23.3675],[-65.436,-23.3321],[-65.4901,-23.3275],[-65.5048,-23.3147],[-65.5262,-23.3117],[-65.6899,-23.3758],[-65.6349,-23.3831],[-65.5796,-23.4343],[-65.5599,-23.5201],[-65.545,-23.5357],[-65.5436,-23.5522],[-65.515,-23.5723],[-65.505,-23.5927],[-65.5115,-23.6476],[-65.4921,-23.6641],[-65.4881,-23.6843],[-65.4522,-23.7015],[-65.4153,-23.7068],[-65.4056,-23.721],[-65.3933,-23.7227],[-65.3808,-23.7052],[-65.3519,-23.712],[-65.3652,-23.7315],[-65.3752,-23.7843],[-65.32,-23.803],[-65.2959,-23.8195],[-65.2713,-23.8282],[-65.2541,-23.8192],[-65.246,-23.802],[-65.2356,-23.8021],[-65.2327,-23.7905],[-65.2071,-23.7863],[-65.1816,-23.799],[-65.1293,-23.8443],[-65.0967,-23.8566],[-65.0925,-23.8222],[-65.1012,-23.8096],[-65.1024,-23.7862],[-65.0978,-23.764],[-65.0863,-23.7515],[-65.0879,-23.738],[-65.0378,-23.7024],[-65.0179,-23.7],[-65.0315,-23.6741],[-65.0706,-23.6361],[-65.0848,-23.6018],[-65.1064,-23.5983],[-65.1266,-23.5772],[-65.1313,-23.5307],[-65.1624,-23.4871],[-65.1602,-23.449],[-65.1413,-23.4312],[-65.1374,-23.4173],[-65.1428,-23.39],[-65.1456,-23.3805],[-65.1665,-23.3714],[-65.1789,-23.3197]]]}},
{"type":"Feature","properties":{"name":"Tumbaya","georefId":"38098","provinciaGeorefId":"38","tipo":"Departamento"},"geometry":{"type":"Polygon","coordinates":[[[-65.7427,-23.4126],[-65.7602,-23.4157],[-65.82,-23.3729],[-65.8334,-23.3835],[-65.8393,-23.4191],[-65.864,-23.4398],[-65.867,-23.4543],[-65.8436,-23.4816],[-65.8581,-23.5482],[-65.8739,-23.5558],[-65.8812,-23.5806],[-65.8966,-23.5893],[-65.9032,-23.6151],[-65.921,-23.6359],[-65.9587,-23.662],[-65.9595,-23.6786],[-65.9708,-23.6708],[-66.0019,-23.6819],[-66.0081,-23.8048],[-66.0219,-23.8617],[-66.011,-23.8984],[-66.0165,-23.9181],[-65.9992,-23.9365],[-65.9909,-23.9817],[-65.9563,-23.9661],[-65.942,-23.9675],[-65.9391,-23.9775],[-65.9399,-23.9779],[-65.9416,-23.9795],[-65.9418,-23.98],[-65.9475,-24.0072],[-65.8674,-24.0033],[-65.8045,-24.033],[-65.7866,-24.0554],[-65.7528,-24.058],[-65.7164,-23.9911],[-65.705,-23.9839],[-65.6956,-23.9181],[-65.7003,-23.901],[-65.6882,-23.8638],[-65.6752,-23.842],[-65.6476,-23.8299],[-65.6198,-23.8679],[-65.5946,-23.8864],[-65.6036,-23.9263],[-65.6004,-23.9893],[-65.5858,-24.0015],[-65.558,-24.0078],[-65.5467,-24.0213],[-65.5076,-24.0128],[-65.4331,-24.0268],[-65.4435,-23.9904],[-65.4197,-23.9783],[-65.4193,-23.9432],[-65.3826,-23.938],[-65.3615,-23.9191],[-65.3606,-23.9253],[-65.3451,-23.9272],[-65.3392,-23.8686],[-65.3532,-23.8567],[-65.3177,-23.8459],[-65.3055,-23.8643],[-65.2895,-23.8624],[-65.2971,-23.846],[-65.2959,-23.8195],[-65.32,-23.803],[-65.3752,-23.7843],[-65.3652,-23.7315],[-65.3519,-23.712],[-65.3808,-23.7052],[-65.3933,-23.7227],[-65.4056,-23.721],[-65.4153,-23.7068],[-65.4522,-23.7015],[-65.4881,-23.6843],[-65.4921,-23.6641],[-65.5115,-23.6476],[-65.505,-23.5927],[-65.515,-23.5723],[-65.5436,-23.5522],[-65.545,-23.5357],[-65.5599,-23.5201],[-65.5796,-23.4343],[-65.6349,-23.3831],[-65.6899,-23.3758],[-65.7427,-23.4126]]]}},
{"type":"Feature","properties":{"name":"Valle Grande","georefId":"38105","provinciaGeorefId":"38","tipo":"Departamento"},"geometry":{"type":"Polygon","coordinates":[[[-65.0697,-23.1995],[-65.0845,-23.1971],[-65.09,-23.2137],[-65.1193,-23.2443],[-65.1218,-23.2618],[-65.16,-23.3075],[-65.1789,-23.3197],[-65.1665,-23.3714],[-65.1456,-23.3805],[-65.1428,-23.39],[-65.1374,-23.4173],[-65.1413,-23.4312],[-65.1602,-23.449],[-65.1624,-23.4871],[-65.1313,-23.5307],[-65.1266,-23.5772],[-65.1064,-23.5983],[-65.0848,-23.6018],[-65.0706,-23.6361],[-65.0315,-23.6741],[-65.0179,-23.7],[-65.0085,-23.6994],[-64.9967,-23.7101],[-64.9798,-23.7084],[-64.9608,-23.7225],[-64.9359,-23.722],[-64.9203,-23.7333],[-64.9119,-23.7216],[-64.9201,-23.7064],[-64.8993,-23.6717],[-64.9039,-23.666],[-64.8961,-23.6546],[-64.9018,-23.6371],[-64.8906,-23.6158],[-64.8942,-23.5985],[-64.8596,-23.5833],[-64.86,-23.5607],[-64.8431,-23.5331],[-64.8447,-23.4914],[-64.845,-23.4972],[-64.8734,-23.4787],[-64.8684,-23.4474],[-64.8949,-23.4404],[-64.9067,-23.4238],[-64.9038,-23.4086],[-64.9105,-23.4008],[-64.8924,-23.3594],[-64.9047,-23.3543],[-64.8997,-23.3354],[-64.9102,-23.3108],[-64.9284,-23.301],[-64.9473,-23.2691],[-64.9646,-23.2861],[-64.9869,-23.2811],[-65.0101,-23.2851],[-65.0189,-23.2626],[-65.0359,-23.2524],[-65.0386,-23.2269],[-65.0519,-23.2295],[-65.072,-23.2203],[-65.0697,-23.1995]]]}},
{"type":"Feature","properties":{"name":"Yavi","georefId":"38112","provinciaGeorefId":"38","tipo":"Departamento"},"geometry":{"type":"Polygon","coordinates":[[[-65.1866,-22.0853],[-65.4733,-22.0886],[-65.4838,-22.0958],[-65.5746,-22.0762],[-65.5861,-22.0977],[-65.6067,-22.0945],[-65.6753,-22.1116],[-65.7149,-22.0974],[-65.7254,-22.1071],[-65.7483,-22.1091],[-65.809,-22.0703],[-65.8253,-22.1877],[-65.8587,-22.207],[-65.9037,-22.1954],[-65.9244,-22.2035],[-65.9488,-22.1841],[-65.9591,-22.194],[-65.9619,-22.203],[-65.9477,-22.222],[-65.9471,-22.2459],[-65.9604,-22.2629],[-65.9701,-22.2961],[-65.9861,-22.4033],[-65.8285,-22.4387],[-65.6959,-22.4628],[-65.5915,-22.4699],[-65.5473,-22.4795],[-65.5077,-22.5259],[-65.4464,-22.555],[-65.4191,-22.5486],[-65.3486,-22.5512],[-65.3454,-22.5283],[-65.3456,-22.5277],[-65.3468,-22.5194],[-65.3057,-22.4666],[-65.2947,-22.4195],[-65.2817,-22.4134],[-65.2846,-22.3903],[-65.2627,-22.3383],[-65.2268,-22.3207],[-65.2403,-22.2792],[-65.2205,-22.1696],[-65.2138,-22.15],[-65.1941,-22.1447],[-65.1956,-22.1077],[-65.1866,-22.0853]]]}},
{"type":"Feature","properties":{"name":"Atreucó","georefId":"42007","provinciaGeorefId":"42","tipo":"Departamento"},"geometry":{"type":"Polygon","coordinates":[[[-63.3853,-36.8086],[-63.3852,-36.8078],[-63.9458,-36.8062],[-64.1699,-36.8056],[-64.1721,-36.9868],[-64.1742,-37.2569],[-63.3854,-37.2589],[-63.3853,-37.2589],[-63.3853,-37.2584],[-63.3853,-36.8763],[-63.3853,-36.8086]]]}},
{"type":"Feature","properties":{"name":"Caleu Caleu","georefId":"42014","provinciaGeorefId":"42","tipo":"Departamento"},"geometry":{"type":"Polygon","coordinates":[[[-64.5282,-38.2464],[-64.5367,-38.8581],[-64.5152,-38.8684],[-64.4764,-38.86],[-64.4319,-38.879],[-64.4207,-38.8718],[-64.4134,-38.8838],[-64.3974,-38.8732],[-64.3979,-38.8859],[-64.3804,-38.8861],[-64.378,-38.892],[-64.3667,-38.8827],[-64.3558,-38.8912],[-64.3486,-38.8835],[-64.3254,-38.9065],[-64.294,-38.8976],[-64.2796,-38.914],[-64.2301,-38.9241],[-64.1526,-38.9632],[-64.064,-38.9917],[-64.0625,-39.01],[-64.0474,-38.999],[-64.0137,-39.0009],[-64.0087,-39.0068],[-64.0236,-39.0175],[-63.9916,-39.0109],[-64.0024,-39.025],[-63.9986,-39.0356],[-63.9602,-39.0445],[-63.9571,-39.0542],[-63.9335,-39.0616],[-63.9265,-39.0752],[-63.9328,-39.0935],[-63.9115,-39.0871],[-63.8979,-39.107],[-63.8717,-39.1078],[-63.8796,-39.1004],[-63.8703,-39.096],[-63.8583,-39.1104],[-63.8418,-39.1092],[-63.8317,-39.1221],[-63.835,-39.1363],[-63.7974,-39.1239],[-63.7914,-39.1175],[-63.7972,-39.1093],[-63.7882,-39.1092],[-63.7772,-39.1284],[-63.7571,-39.1292],[-63.7637,-39.1547],[-63.7448,-39.1638],[-63.7372,-39.1794],[-63.743,-39.1888],[-63.7238,-39.1869],[-63.7142,-39.1984],[-63.6909,-39.2064],[-63.6717,-39.2036],[-63.6743,-39.2223],[-63.6579,-39.2188],[-63.6544,-39.2288],[-63.6334,-39.2274],[-63.6317,-39.2478],[-63.6176,-39.2359],[-63.6144,-39.2518],[-63.593,-39.2459],[-63.5858,-39.257],[-63.5672,-39.258],[-63.5661,-39.2663],[-63.558,-39.2614],[-63.5388,-39.2791],[-63.5412,-39.2967],[-63.512,-39.3127],[-63.4856,-39.3083],[-63.4574,-39.3288],[-63.453,-39.3204],[-63.4318,-39.3305],[-63.3833,-39.3285],[-63.3842,-38.8292],[-63.3853,-38.2529],[-64.5282,-38.2464]]]}},
{"type":"Feature","properties":{"name":"Capital","georefId":"42021","provinciaGeorefId":"42","tipo":"Departamento"},"geometry":{"type":"Polygon","coordinates":[[[-63.9435,-36.3555],[-63.9429,-36.2656],[-64.4998,-36.2623],[-64.5054,-36.6223],[-64.357,-36.6249],[-64.2829,-36.6866],[-64.283,-36.7152],[-64.1704,-36.7164],[-64.1699,-36.8056],[-63.9458,-36.8062],[-63.9435,-36.3555]]]}},
{"type":"Feature","properties":{"name":"Catriló","georefId":"42028","provinciaGeorefId":"42","tipo":"Departamento"},"geometry":{"type":"Polygon","coordinates":[[[-63.3856,-36.3569],[-63.9435,-36.3568],[-63.9458,-36.8062],[-63.3852,-36.8078],[-63.3852,-36.7957],[-63.3854,-36.5249],[-63.3856,-36.3618],[-63.3856,-36.357],[-63.3856,-36.3569]]]}},
{"type":"Feature","properties":{"name":"Conhelo","georefId":"42035","provinciaGeorefId":"42","tipo":"Departamento"},"geometry":{"type":"Polygon","coordinates":[[[-65.1077,-35.8902],[-65.1078,-35.9791],[-65.1078,-35.9823],[-65.1053,-35.9824],[-65.0506,-35.9834],[-65.055,-36.0739],[-65.0589,-36.2534],[-65.0565,-36.2535],[-64.812,-36.2581],[-64.7374,-36.2591],[-64.4998,-36.2623],[-63.9429,-36.2656],[-63.9405,-35.9047],[-63.9399,-35.8662],[-63.9392,-35.8139],[-63.9398,-35.814],[-64.4932,-35.8107],[-65.1062,-35.8023],[-65.1076,-35.8023],[-65.1077,-35.8902]]]}},
{"type":"Feature","properties":{"name":"Curacó","georefId":"42042","provinciaGeorefId":"42","tipo":"Departamento"},"geometry":{"type":"Polygon","coordinates":[[[-65.6553,-37.6898],[-65.6549,-37.676],[-65.9777,-37.6832],[-67.1117,-37.7002],[-67.1022,-38.3803],[-67.1017,-38.3811],[-67.0918,-38.3996],[-67.007,-38.4243],[-66.9958,-38.4457],[-66.9704,-38.4426],[-66.9489,-38.4526],[-66.897,-38.4437],[-66.8921,-38.462],[-66.8716,-38.4634],[-66.8544,-38.4756],[-66.812,-38.4848],[-66.7861,-38.4805],[-66.7459,-38.5173],[-66.7144,-38.521],[-66.7122,-38.5318],[-66.6448,-38.5376],[-66.6336,-38.5447],[-66.6338,-38.5568],[-66.6099,-38.558],[-66.6058,-38.5808],[-66.5953,-38.5897],[-66.6006,-38.5983],[-66.5782,-38.6228],[-66.5983,-38.6505],[-66.5954,-38.6747],[-66.6071,-38.6791],[-66.5788,-38.6905],[-66.5833,-38.6969],[-66.5752,-38.7014],[-66.5544,-38.6979],[-66.5386,-38.7209],[-66.4988,-38.718],[-66.4882,-38.7295],[-66.4757,-38.7274],[-66.4764,-38.7371],[-66.464,-38.7315],[-66.4418,-38.7456],[-66.4165,-38.7437],[-66.4076,-38.7306],[-66.4044,-38.7441],[-66.3891,-38.7384],[-66.3575,-38.7449],[-66.3418,-38.7577],[-66.3233,-38.748],[-66.3151,-38.7613],[-66.3084,-38.7429],[-66.2901,-38.7459],[-66.2883,-38.7557],[-66.249,-38.7362],[-66.218,-38.741],[-66.2074,-38.7313],[-66.1982,-38.7372],[-66.1802,-38.7313],[-66.1769,-38.7452],[-66.155,-38.7289],[-66.1331,-38.7393],[-66.1205,-38.734],[-66.1198,-38.7433],[-66.107,-38.7277],[-66.0846,-38.7253],[-66.0647,-38.7511],[-66.0549,-38.7427],[-66.0377,-38.7476],[-66.032,-38.7389],[-66.0307,-38.7513],[-66.019,-38.7409],[-65.951,-38.7473],[-65.9467,-38.7679],[-65.9255,-38.7642],[-65.9276,-38.7752],[-65.9125,-38.7649],[-65.9112,-38.7829],[-65.8771,-38.7779],[-65.8824,-38.7904],[-65.8658,-38.789],[-65.8643,-38.7998],[-65.8411,-38.7866],[-65.8244,-38.7988],[-65.8202,-38.7887],[-65.8047,-38.7939],[-65.8111,-38.8026],[-65.805,-38.8063],[-65.7873,-38.7946],[-65.7782,-38.8116],[-65.7561,-38.8161],[-65.7486,-38.8104],[-65.7126,-38.825],[-65.7018,-38.8163],[-65.6887,-38.8337],[-65.6849,-38.8317],[-65.6553,-37.6898]]]}},
{"type":"Feature","properties":{"name":"Chalileo","georefId":"42049","provinciaGeorefId":"42","tipo":"Departamento"},"geometry":{"type":"Polygon","coordinates":[[[-66.6378,-36.0006],[-67.1325,-35.9991],[-67.1326,-35.9991],[-67.1326,-35.9996],[-67.1269,-36.7995],[-66.0054,-36.7814],[-66.0198,-36.3204],[-66.0384,-36.3211],[-66.0486,-36.1514],[-66.0229,-36.1509],[-66.0266,-36.0604],[-66.0177,-36],[-66.0177,-35.9999],[-66.6378,-36.0006]]]}},
{"type":"Feature","properties":{"name":"Chapaleufú","georefId":"42056","provinciaGeorefId":"42","tipo":"Departamento"},"geometry":{"type":"Polygon","coordinates":[[[-63.3856,-35.4541],[-63.3857,-35.3697],[-63.3857,-35.0022],[-63.9349,-35.0076],[-63.9374,-35.4524],[-63.7392,-35.4533],[-63.3875,-35.4541],[-63.3856,-35.4541]]]}},
{"type":"Feature","properties":{"name":"Chical Co","georefId":"42063","provinciaGeorefId":"42","tipo":"Departamento"},"geometry":{"type":"Polygon","coordinates":[[[-67.1326,-35.9991],[-67.1329,-35.9991],[-67.1948,-35.9993],[-67.1949,-35.9993],[-67.2492,-35.9992],[-68.2722,-35.9976],[-68.2964,-35.9976],[-68.2961,-36.1725],[-68.2502,-36.1725],[-68.2468,-36.8028],[-67.1269,-36.7995],[-67.1326,-35.9996],[-67.1326,-35.9991]]]}},
{"type":"Feature","properties":{"name":"Guatraché","georefId":"42070","provinciaGeorefId":"42","tipo":"Departamento"},"geometry":{"type":"Polygon","coordinates":[[[-63.3854,-37.2589],[-64.1742,-37.2569],[-64.1802,-37.7066],[-63.3855,-37.7099],[-63.3855,-37.7076],[-63.3853,-37.2664],[-63.3853,-37.2589],[-63.3854,-37.2589]]]}},
{"type":"Feature","properties":{"name":"Hucal","georefId":"42077","provinciaGeorefId":"42","tipo":"Departamento"},"geometry":{"type":"Polygon","coordinates":[[[-64.5282,-38.2464],[-63.3853,-38.2529],[-63.3857,-37.8088],[-63.3855,-37.7099],[-64.1802,-37.7066],[-64.5202,-37.7039],[-64.5282,-38.2464]]]}},
{"type":"Feature","properties":{"name":"Lihuel Calel","georefId":"42084","provinciaGeorefId":"42","tipo":"Departamento"},"geometry":{"type":"Polygon","coordinates":[[[-64.5282,-38.2464],[-64.5202,-37.7039],[-65.6553,-37.6898],[-65.6849,-38.8317],[-65.6525,-38.8274],[-65.6464,-38.8094],[-65.631,-38.8183],[-65.6322,-38.8024],[-65.6171,-38.8087],[-65.6085,-38.7984],[-65.6243,-38.7875],[-65.5849,-38.7745],[-65.5695,-38.7848],[-65.5232,-38.7792],[-65.5025,-38.7981],[-65.3908,-38.8307],[-65.3771,-38.8556],[-65.2805,-38.8214],[-65.2184,-38.8371],[-65.2067,-38.8311],[-65.189,-38.834],[-65.1916,-38.8098],[-65.1671,-38.8023],[-65.14,-38.8184],[-65.1299,-38.8059],[-65.1114,-38.7998],[-65.0336,-38.8175],[-64.9668,-38.8205],[-64.9243,-38.8332],[-64.8914,-38.8267],[-64.8771,-38.8145],[-64.8472,-38.8266],[-64.8073,-38.816],[-64.738,-38.8407],[-64.7046,-38.8371],[-64.6935,-38.8437],[-64.6724,-38.8336],[-64.634,-38.8448],[-64.6294,-38.8528],[-64.6034,-38.8478],[-64.5964,-38.8592],[-64.5725,-38.8553],[-64.5381,-38.8656],[-64.5367,-38.8581],[-64.5282,-38.2464]]]}},
{"type":"Feature","properties":{"name":"Limay Mahuida","georefId":"42091","provinciaGeorefId":"42","tipo":"Departamento"},"geometry":{"type":"Polygon","coordinates":[[[-65.9777,-37.6832],[-65.9997,-36.9614],[-66.0054,-36.7814],[-67.1269,-36.7995],[-67.1117,-37.7002],[-65.9777,-37.6832]]]}},
{"type":"Feature","properties":{"name":"Loventué","georefId":"42098","provinciaGeorefId":"42","tipo":"Departamento"},"geometry":{"type":"Polygon","coordinates":[[[-66.0177,-36],[-66.0266,-36.0604],[-66.0229,-36.1509],[-66.0486,-36.1514],[-66.0384,-36.3211],[-66.0198,-36.3204],[-66.0054,-36.7814],[-65.9997,-36.9614],[-65.6344,-36.9516],[-65.6348,-36.9658],[-65.3981,-36.9706],[-65.0713,-36.9772],[-65.067,-36.7649],[-65.0623,-36.4867],[-65.0606,-36.3441],[-65.0599,-36.2993],[-65.0595,-36.282],[-65.0589,-36.2534],[-65.055,-36.0739],[-65.0506,-35.9834],[-65.1053,-35.9824],[-65.1078,-35.9823],[-65.1078,-35.9882],[-65.1078,-35.9991],[-66.0177,-35.9999],[-66.0177,-36]]]}},
{"type":"Feature","properties":{"name":"Maracó","georefId":"42105","provinciaGeorefId":"42","tipo":"Departamento"},"geometry":{"type":"Polygon","coordinates":[[[-63.3856,-35.4555],[-63.3856,-35.4553],[-63.3856,-35.4541],[-63.3875,-35.4541],[-63.7392,-35.4533],[-63.9374,-35.4524],[-63.9374,-35.4529],[-63.9375,-35.464],[-63.9376,-35.6836],[-63.9386,-35.7639],[-63.9391,-35.8068],[-63.9392,-35.8139],[-63.9399,-35.8662],[-63.9405,-35.9047],[-63.3854,-35.9056],[-63.3854,-35.9055],[-63.3855,-35.8837],[-63.3856,-35.4555]]]}},
{"type":"Feature","properties":{"name":"Puelén","georefId":"42112","provinciaGeorefId":"42","tipo":"Departamento"},"geometry":{"type":"Polygon","coordinates":[[[-67.1269,-36.7995],[-68.2468,-36.8028],[-68.2543,-37.5719],[-68.2391,-37.585],[-68.2193,-37.5882],[-68.1525,-37.5803],[-68.1068,-37.5962],[-68.0841,-37.5891],[-68.0655,-37.598],[-68.0292,-37.5964],[-67.9831,-37.6079],[-67.9442,-37.6032],[-67.9173,-37.6184],[-67.8766,-37.6191],[-67.8706,-37.6129],[-67.8443,-37.6194],[-67.8093,-37.6467],[-67.7856,-37.6523],[-67.7703,-37.6705],[-67.7604,-37.7434],[-67.7403,-37.7654],[-67.74,-37.7886],[-67.7238,-37.7935],[-67.7305,-37.8519],[-67.7668,-37.8851],[-67.7805,-37.8874],[-67.7817,-37.8955],[-67.818,-37.9029],[-67.8728,-37.9399],[-67.8706,-37.9506],[-67.885,-37.9555],[-67.9033,-37.9821],[-67.8994,-37.998],[-67.8884,-38.0004],[-67.8951,-38.0181],[-67.8831,-38.0188],[-67.8614,-38.0535],[-67.8497,-38.0518],[-67.8493,-38.0663],[-67.8352,-38.0559],[-67.8093,-38.0724],[-67.7819,-38.0519],[-67.7625,-38.0687],[-67.7507,-38.0561],[-67.7476,-38.074],[-67.7303,-38.0758],[-67.7301,-38.1148],[-67.7186,-38.1304],[-67.7075,-38.1234],[-67.687,-38.1358],[-67.6818,-38.1648],[-67.6565,-38.2018],[-67.5932,-38.2406],[-67.5479,-38.2563],[-67.3442,-38.2518],[-67.3171,-38.2476],[-67.2611,-38.2171],[-67.1876,-38.2145],[-67.1966,-38.2538],[-67.1705,-38.2609],[-67.1724,-38.2792],[-67.1531,-38.2913],[-67.1582,-38.3061],[-67.1479,-38.3316],[-67.156,-38.3533],[-67.1414,-38.3616],[-67.1329,-38.3537],[-67.1197,-38.356],[-67.1029,-38.3791],[-67.1022,-38.3803],[-67.1117,-37.7002],[-67.1269,-36.7995]]]}},
{"type":"Feature","properties":{"name":"Quemú Quemú","georefId":"42119","provinciaGeorefId":"42","tipo":"Departamento"},"geometry":{"type":"Polygon","coordinates":[[[-63.9435,-36.3568],[-63.3856,-36.3569],[-63.3856,-36.3563],[-63.3855,-36.3381],[-63.3854,-35.9184],[-63.3854,-35.9056],[-63.9405,-35.9047],[-63.9429,-36.2656],[-63.9435,-36.3555],[-63.9435,-36.3568]]]}},
{"type":"Feature","properties":{"name":"Rancul","georefId":"42126","provinciaGeorefId":"42","tipo":"Departamento"},"geometry":{"type":"Polygon","coordinates":[[[-65.1076,-35.8012],[-65.1076,-35.8023],[-65.1062,-35.8023],[-64.4932,-35.8107],[-64.4878,-35.4499],[-64.4802,-35.0121],[-64.4802,-35.0115],[-64.4809,-35.0115],[-65.1068,-35.0153],[-65.1076,-35.8012]]]}},
{"type":"Feature","properties":{"name":"Realicó","georefId":"42133","provinciaGeorefId":"42","tipo":"Departamento"},"geometry":{"type":"Polygon","coordinates":[[[-64.4802,-35.0121],[-64.4878,-35.4499],[-63.9374,-35.4524],[-63.9349,-35.0076],[-63.9393,-35.0077],[-64.4059,-35.0111],[-64.4802,-35.0115],[-64.4802,-35.0121]]]}},
{"type":"Feature","properties":{"name":"Toay","georefId":"42140","provinciaGeorefId":"42","tipo":"Departamento"},"geometry":{"type":"Polygon","coordinates":[[[-65.0589,-36.2534],[-65.0595,-36.282],[-65.0599,-36.2993],[-65.0606,-36.3441],[-65.0623,-36.4867],[-65.067,-36.7649],[-65.0713,-36.9772],[-64.1721,-36.9868],[-64.1699,-36.8056],[-64.1704,-36.7164],[-64.283,-36.7152],[-64.2829,-36.6866],[-64.357,-36.6249],[-64.5054,-36.6223],[-64.4998,-36.2623],[-64.7374,-36.2591],[-64.812,-36.2581],[-65.0565,-36.2535],[-65.0589,-36.2534]]]}},
{"type":"Feature","properties":{"name":"Trenel","georefId":"42147","provinciaGeorefId":"42","tipo":"Departamento"},"geometry":{"type":"Polygon","coordinates":[[[-63.9392,-35.8139],[-63.9391,-35.8068],[-63.9386,-35.7639],[-63.9376,-35.6836],[-63.9375,-35.464],[-63.9374,-35.4529],[-63.9374,-35.4524],[-64.4878,-35.4499],[-64.4932,-35.8107],[-63.9398,-35.814],[-63.9392,-35.8139]]]}},
{"type":"Feature","properties":{"name":"Utracán","georefId":"42154","provinciaGeorefId":"42","tipo":"Departamento"},"geometry":{"type":"Polygon","coordinates":[[[-64.1742,-37.2569],[-64.1721,-36.9868],[-65.0713,-36.9772],[-65.3981,-36.9706],[-65.6348,-36.9658],[-65.6344,-36.9516],[-65.9997,-36.9614],[-65.9777,-37.6832],[-65.6549,-37.676],[-65.6553,-37.6898],[-64.5202,-37.7039],[-64.1802,-37.7066],[-64.1742,-37.2569]]]}},
{"type":"Feature","properties":{"name":"Arauco","georefId":"46007","provinciaGeorefId":"46","tipo":"Departamento"},"geometry":{"type":"Polygon","coordinates":[[[-66.3526,-28.7328],[-66.3518,-28.7205],[-66.3682,-28.721],[-66.3787,-28.7134],[-66.396,-28.677],[-66.4962,-28.6223],[-66.4963,-28.5313],[-66.5309,-28.5315],[-66.514,-28.4654],[-66.5708,-28.2886],[-66.9426,-28.2662],[-67.0228,-28.3569],[-67.0224,-28.3782],[-66.9879,-28.4755],[-66.9903,-28.5181],[-67.0127,-28.5699],[-67.0119,-28.6038],[-66.8366,-28.628],[-66.7347,-28.8523],[-66.3526,-28.7328]]]}},
{"type":"Feature","properties":{"name":"Capital","georefId":"46014","provinciaGeorefId":"46","tipo":"Departamento"},"geometry":{"type":"Polygon","coordinates":[[[-66.4112,-28.8163],[-66.3888,-28.8017],[-66.3796,-28.7683],[-66.3526,-28.7328],[-66.7347,-28.8523],[-66.7754,-29.049],[-66.7997,-29.0714],[-66.8322,-29.1516],[-66.8622,-29.1744],[-66.8838,-29.2007],[-66.8981,-29.2544],[-66.9294,-29.2865],[-66.946,-29.3573],[-66.9762,-29.3906],[-67.0213,-29.4229],[-67.0481,-29.4328],[-67.0715,-29.4288],[-67.09,-29.4055],[-67.1014,-29.43],[-67.0956,-29.4592],[-67.0827,-29.4773],[-67.0488,-29.5012],[-67.0303,-29.5449],[-67.0596,-29.6301],[-67.0559,-29.6638],[-67.0336,-29.7152],[-67.0286,-29.7575],[-66.9763,-29.819],[-66.8472,-29.8297],[-66.6092,-29.8491],[-66.6322,-30.1102],[-66.5256,-30.1472],[-66.4822,-30.1864],[-66.4303,-30.0243],[-65.7008,-29.8271],[-65.5448,-29.8277],[-65.5905,-29.7182],[-65.7192,-29.4099],[-65.7173,-29.3286],[-65.7483,-29.2697],[-65.8162,-29.2698],[-65.8174,-29.1789],[-65.9265,-29.0822],[-65.9478,-29.0774],[-66.0997,-28.9444],[-66.2882,-28.888],[-66.3128,-28.887],[-66.3282,-28.8762],[-66.394,-28.8673],[-66.4035,-28.8562],[-66.4015,-28.8282],[-66.4112,-28.8163]]]}},
{"type":"Feature","properties":{"name":"Castro Barros","georefId":"46021","provinciaGeorefId":"46","tipo":"Departamento"},"geometry":{"type":"Polygon","coordinates":[[[-66.7347,-28.8523],[-66.8366,-28.628],[-67.0119,-28.6038],[-67.0232,-28.6358],[-67.0647,-28.6526],[-67.0687,-28.7186],[-67.1422,-28.8482],[-67.0444,-28.9711],[-66.9625,-29.0092],[-66.9433,-29.109],[-66.923,-29.1328],[-66.8622,-29.1744],[-66.8322,-29.1516],[-66.7997,-29.0714],[-66.7754,-29.049],[-66.7347,-28.8523]]]}},
{"type":"Feature","properties":{"name":"General Felipe Varela","georefId":"46028","provinciaGeorefId":"46","tipo":"Departamento"},"geometry":{"type":"Polygon","coordinates":[[[-67.8534,-29.0771],[-68.2453,-29.2243],[-68.9482,-28.9711],[-68.9304,-28.9823],[-68.9305,-29.0186],[-68.914,-29.0288],[-68.9085,-29.0449],[-68.908,-29.0728],[-68.9168,-29.0739],[-68.9251,-29.0919],[-68.9119,-29.1286],[-68.9338,-29.1492],[-68.935,-29.1664],[-68.9572,-29.1646],[-68.969,-29.1454],[-69.0012,-29.1866],[-68.9791,-29.2305],[-68.9922,-29.2551],[-68.9891,-29.274],[-68.9588,-29.2853],[-68.9633,-29.3101],[-68.9576,-29.3172],[-68.9697,-29.3138],[-68.9849,-29.3264],[-68.9746,-29.3642],[-69.0022,-29.3997],[-68.9967,-29.4152],[-68.9792,-29.4236],[-68.9749,-29.4571],[-68.9874,-29.478],[-69.0002,-29.4664],[-69.0088,-29.496],[-69.0337,-29.533],[-69.0206,-29.6363],[-69.0101,-29.6527],[-68.9761,-29.6496],[-68.9575,-29.6575],[-68.9383,-29.6516],[-68.9348,-29.6201],[-68.9078,-29.6198],[-68.8844,-29.5926],[-68.8873,-29.6204],[-68.8631,-29.6351],[-68.7928,-29.6222],[-68.7585,-29.6328],[-68.7153,-29.6247],[-68.6825,-29.6465],[-68.6686,-29.6399],[-68.6206,-29.6458],[-68.5673,-29.637],[-68.4677,-29.6443],[-68.4413,-29.6505],[-68.2588,-29.7467],[-68.2678,-29.7586],[-68.2538,-29.7807],[-68.199,-29.7811],[-68.1926,-29.7866],[-68.1818,-29.8206],[-68.1844,-29.8481],[-68.1637,-29.8641],[-68.1588,-29.8854],[-68.1052,-29.8842],[-68.0543,-29.9003],[-67.992,-29.9792],[-67.8945,-29.8723],[-67.817,-29.8013],[-67.7235,-29.7263],[-67.6125,-29.656],[-67.6863,-29.5285],[-67.7227,-29.4413],[-67.7542,-29.4036],[-67.7679,-29.3542],[-67.8001,-29.3223],[-67.8304,-29.2738],[-67.8512,-29.2129],[-67.8564,-29.1706],[-67.8534,-29.0771]]]}},
{"type":"Feature","properties":{"name":"Chamical","georefId":"46035","provinciaGeorefId":"46","tipo":"Departamento"},"geometry":{"type":"Polygon","coordinates":[[[-65.5448,-29.8277],[-65.7008,-29.8271],[-66.4303,-30.0243],[-66.4822,-30.1864],[-66.501,-30.2682],[-66.4756,-30.3046],[-66.4021,-30.4712],[-66.3718,-30.5097],[-66.2324,-30.5266],[-65.9976,-30.3936],[-65.4925,-30.3718],[-65.423,-30.1196],[-65.5448,-29.8277]]]}},
{"type":"Feature","properties":{"name":"Chilecito","georefId":"46042","provinciaGeorefId":"46","tipo":"Departamento"},"geometry":{"type":"Polygon","coordinates":[[[-67.09,-29.4055],[-67.1068,-29.3694],[-67.1392,-29.3323],[-67.1506,-29.2955],[-67.1809,-29.2745],[-67.2216,-29.1746],[-67.2187,-29.1367],[-67.1991,-29.1134],[-67.2164,-29.0558],[-67.2159,-29.0132],[-67.8352,-29.0146],[-67.8534,-29.0771],[-67.8564,-29.1706],[-67.8512,-29.2129],[-67.8304,-29.2738],[-67.8001,-29.3223],[-67.7679,-29.3542],[-67.7542,-29.4036],[-67.7227,-29.4413],[-67.6863,-29.5285],[-67.6125,-29.656],[-67.5368,-29.7861],[-66.9763,-29.819],[-67.0286,-29.7575],[-67.0336,-29.7152],[-67.0559,-29.6638],[-67.0596,-29.6301],[-67.0303,-29.5449],[-67.0488,-29.5012],[-67.0827,-29.4773],[-67.0956,-29.4592],[-67.1014,-29.43],[-67.09,-29.4055]]]}},
{"type":"Feature","properties":{"name":"Famatina","georefId":"46049","provinciaGeorefId":"46","tipo":"Departamento"},"geometry":{"type":"Polygon","coordinates":[[[-67.4464,-28.368],[-67.6957,-28.3118],[-67.7604,-28.3294],[-67.7568,-28.3542],[-67.7999,-28.3456],[-67.8132,-28.3717],[-67.8446,-28.3748],[-67.851,-28.3706],[-67.8413,-28.3172],[-67.861,-28.2953],[-67.8737,-28.3265],[-67.8763,-28.3648],[-67.8298,-28.5355],[-67.8771,-28.7611],[-67.8247,-28.8813],[-67.8355,-29.008],[-67.8352,-29.0146],[-67.2159,-29.0132],[-67.2091,-28.971],[-67.1748,-28.9055],[-67.2255,-28.8502],[-67.258,-28.7381],[-67.2648,-28.6829],[-67.2535,-28.5757],[-67.2622,-28.5371],[-67.3001,-28.4981],[-67.4374,-28.417],[-67.4485,-28.4003],[-67.4464,-28.368]]]}},
{"type":"Feature","properties":{"name":"Ángel Vicente Peñaloza","georefId":"46056","provinciaGeorefId":"46","tipo":"Departamento"},"geometry":{"type":"Polygon","coordinates":[[[-66.4822,-30.1864],[-66.5256,-30.1472],[-66.6322,-30.1102],[-66.6092,-29.8491],[-66.8472,-29.8297],[-66.8611,-30.0025],[-66.878,-30.0372],[-66.8566,-30.1151],[-66.861,-30.4036],[-66.9002,-30.4669],[-66.9171,-30.5313],[-66.7813,-30.5347],[-66.7787,-30.5735],[-66.7484,-30.6315],[-66.6828,-30.6601],[-66.6158,-30.6746],[-66.5824,-30.7395],[-66.3847,-30.6767],[-66.4167,-30.6389],[-66.4203,-30.6137],[-66.3716,-30.5307],[-66.3718,-30.5097],[-66.4021,-30.4712],[-66.4756,-30.3046],[-66.501,-30.2682],[-66.4822,-30.1864]]]}},
{"type":"Feature","properties":{"name":"General Belgrano","georefId":"46063","provinciaGeorefId":"46","tipo":"Departamento"},"geometry":{"type":"Polygon","coordinates":[[[-65.4925,-30.3718],[-65.9976,-30.3936],[-66.2324,-30.5266],[-66.3718,-30.5097],[-66.3716,-30.5307],[-66.4203,-30.6137],[-66.4167,-30.6389],[-66.3847,-30.6767],[-66.3644,-30.706],[-66.3533,-30.7477],[-65.6423,-30.754],[-65.5991,-30.6567],[-65.5252,-30.4908],[-65.4925,-30.3718]]]}},
{"type":"Feature","properties":{"name":"General Juan Facundo Quiroga","georefId":"46070","provinciaGeorefId":"46","tipo":"Departamento"},"geometry":{"type":"Polygon","coordinates":[[[-66.3847,-30.6767],[-66.5824,-30.7395],[-66.6158,-30.6746],[-66.6828,-30.6601],[-66.7484,-30.6315],[-66.7787,-30.5735],[-66.7813,-30.5347],[-66.9171,-30.5313],[-67.5078,-30.5157],[-67.4849,-30.548],[-67.4463,-30.578],[-67.4195,-30.62],[-67.2828,-30.6953],[-67.2206,-30.7692],[-67.1876,-30.8285],[-67.1288,-30.8956],[-67.0821,-30.9161],[-67.1164,-31.016],[-67.0669,-31.084],[-66.4807,-31.0957],[-66.4899,-30.9869],[-66.4114,-30.9389],[-66.3902,-30.8488],[-66.3257,-30.7929],[-66.3533,-30.7477],[-66.3644,-30.706],[-66.3847,-30.6767]]]}},
{"type":"Feature","properties":{"name":"General Lamadrid","georefId":"46077","provinciaGeorefId":"46","tipo":"Departamento"},"geometry":{"type":"Polygon","coordinates":[[[-69.3224,-28.2706],[-69.4622,-28.1929],[-69.4784,-28.207],[-69.482,-28.2237],[-69.4744,-28.2372],[-69.5027,-28.2643],[-69.4991,-28.2831],[-69.5201,-28.3115],[-69.5236,-28.3297],[-69.5828,-28.3524],[-69.5969,-28.392],[-69.6087,-28.3938],[-69.6246,-28.3782],[-69.635,-28.3841],[-69.6298,-28.3937],[-69.6057,-28.419],[-69.5552,-28.4058],[-69.5162,-28.4319],[-69.4966,-28.4159],[-69.4688,-28.4153],[-69.4306,-28.4509],[-69.43,-28.451],[-69.3745,-28.4477],[-69.3278,-28.4269],[-69.3162,-28.4116],[-69.2026,-28.596],[-69.2165,-28.6062],[-69.2096,-28.6824],[-69.1984,-28.7094],[-69.1707,-28.7361],[-69.162,-28.7611],[-68.9087,-28.8593],[-68.9208,-28.8669],[-68.9315,-28.9069],[-68.9489,-28.92],[-68.9561,-28.9495],[-68.9482,-28.9711],[-68.2453,-29.2243],[-67.8534,-29.0771],[-67.8352,-29.0146],[-67.8355,-29.008],[-68.0127,-28.9027],[-68.2188,-28.8691],[-69.2627,-28.303],[-69.3224,-28.2706]]]}},
{"type":"Feature","properties":{"name":"General Ortiz de Ocampo","georefId":"46084","provinciaGeorefId":"46","tipo":"Departamento"},"geometry":{"type":"Polygon","coordinates":[[[-65.6423,-30.754],[-66.3533,-30.7477],[-66.3257,-30.7929],[-66.3902,-30.8488],[-66.4114,-30.9389],[-66.4899,-30.9869],[-66.4807,-31.0957],[-66.463,-31.096],[-66.4276,-31.1361],[-66.4193,-31.1875],[-66.3081,-31.1887],[-66.2653,-31.2032],[-65.7708,-31.3683],[-65.771,-31.2614],[-65.7715,-31.0442],[-65.6423,-30.754]]]}},
{"type":"Feature","properties":{"name":"General San Martín","georefId":"46091","provinciaGeorefId":"46","tipo":"Departamento"},"geometry":{"type":"Polygon","coordinates":[[[-65.7708,-31.3683],[-66.2653,-31.2032],[-66.3357,-31.2468],[-66.3411,-31.2581],[-66.3568,-31.4312],[-66.3436,-31.4634],[-66.2931,-31.5366],[-66.2847,-31.6256],[-66.2608,-31.6855],[-66.2848,-31.7313],[-66.2931,-31.7945],[-66.3112,-31.8269],[-66.5053,-31.7671],[-66.8253,-31.7613],[-66.8043,-31.8088],[-66.7775,-31.8399],[-66.6618,-31.9205],[-66.6045,-31.9234],[-66.6048,-31.9343],[-66.5688,-31.9498],[-66.3494,-31.9984],[-66.3375,-31.9432],[-66.299,-31.9313],[-66.2269,-31.9426],[-66.1602,-31.9628],[-66.161,-31.9403],[-66.1391,-31.941],[-66.0793,-31.9719],[-66.0692,-31.9365],[-65.979,-31.8892],[-65.9149,-31.9099],[-65.8264,-31.8974],[-65.7698,-31.8886],[-65.7701,-31.7434],[-65.7708,-31.3683]]]}},
{"type":"Feature","properties":{"name":"Vinchina","georefId":"46098","provinciaGeorefId":"46","tipo":"Departamento"},"geometry":{"type":"Polygon","coordinates":[[[-67.861,-28.2953],[-67.8733,-28.286],[-67.8712,-28.2723],[-67.8942,-28.2591],[-67.906,-28.2294],[-67.8991,-28.2106],[-67.9128,-28.2073],[-67.9136,-28.1831],[-67.9213,-28.1735],[-67.9324,-28.1748],[-67.9224,-28.1712],[-67.9253,-28.1373],[-67.9144,-28.1137],[-67.9505,-28.109],[-68.0224,-28.1247],[-68.0246,-28.1393],[-68.0355,-28.1446],[-68.0538,-28.1398],[-68.0715,-28.1625],[-68.1073,-28.1735],[-68.1412,-28.1018],[-68.1644,-28.1108],[-68.1831,-28.086],[-68.2341,-28.0823],[-68.2462,-28.0711],[-68.2747,-28.0951],[-68.2954,-28.0686],[-68.2862,-28.0265],[-68.312,-28.0245],[-68.3358,-28.0376],[-68.3517,-28.0172],[-68.3966,-28.0042],[-68.44,-28.0254],[-68.4567,-28.0156],[-68.454,-27.9371],[-68.4403,-27.899],[-68.4403,-27.8737],[-68.4635,-27.856],[-68.5141,-27.8426],[-68.5391,-27.7854],[-68.5329,-27.7336],[-68.5453,-27.7071],[-68.562,-27.7353],[-68.5652,-27.7779],[-68.5827,-27.8199],[-68.6258,-27.7919],[-68.6652,-27.8099],[-68.7193,-27.8152],[-68.7315,-27.8059],[-68.7236,-27.789],[-68.7853,-27.7682],[-68.799,-27.7557],[-68.862,-27.7644],[-69.093,-27.7963],[-69.0952,-27.7966],[-69.1137,-27.8415],[-69.1103,-27.8522],[-69.1315,-27.8717],[-69.123,-27.9015],[-69.1556,-27.932],[-69.1548,-27.9466],[-69.1733,-27.9714],[-69.2068,-27.9635],[-69.2212,-27.9714],[-69.2371,-27.9665],[-69.2353,-27.9786],[-69.2516,-27.9898],[-69.2513,-28.0045],[-69.2691,-28.0113],[-69.2631,-28.0467],[-69.3014,-28.0713],[-69.297,-28.0789],[-69.3074,-28.1289],[-69.3363,-28.1641],[-69.3629,-28.1802],[-69.3818,-28.1818],[-69.3823,-28.2123],[-69.3914,-28.2264],[-69.411,-28.2053],[-69.4287,-28.2035],[-69.452,-28.1842],[-69.4622,-28.1929],[-69.3224,-28.2706],[-69.2627,-28.303],[-68.2188,-28.8691],[-68.0127,-28.9027],[-67.8355,-29.008],[-67.8247,-28.8813],[-67.8771,-28.7611],[-67.8298,-28.5355],[-67.8763,-28.3648],[-67.8737,-28.3265],[-67.861,-28.2953]]]}},
{"type":"Feature","properties":{"name":"Independencia","georefId":"46105","provinciaGeorefId":"46","tipo":"Departamento"},"geometry":{"type":"Polygon","coordinates":[[[-66.9763,-29.819],[-67.5368,-29.7861],[-67.6125,-29.656],[-67.7235,-29.7263],[-67.817,-29.8013],[-67.8945,-29.8723],[-67.992,-29.9792],[-67.9684,-30.0093],[-67.9305,-30.0302],[-67.9092,-30.0518],[-67.8983,-30.0743],[-67.8865,-30.0798],[-67.8865,-30.0739],[-67.8774,-30.0751],[-67.857,-30.1005],[-67.8358,-30.1059],[-67.8163,-30.1272],[-67.6859,-30.215],[-67.6743,-30.2356],[-67.6065,-30.2934],[-67.5909,-30.2981],[-67.578,-30.4042],[-67.5078,-30.5157],[-66.9171,-30.5313],[-66.9002,-30.4669],[-66.861,-30.4036],[-66.8566,-30.1151],[-66.878,-30.0372],[-66.8611,-30.0025],[-66.8472,-29.8297],[-66.9763,-29.819]]]}},
{"type":"Feature","properties":{"name":"Rosario Vera Peñaloza","georefId":"46112","provinciaGeorefId":"46","tipo":"Departamento"},"geometry":{"type":"Polygon","coordinates":[[[-66.4807,-31.0957],[-67.0669,-31.084],[-67.1012,-31.383],[-67.0783,-31.434],[-66.952,-31.6333],[-66.8682,-31.6333],[-66.8253,-31.7613],[-66.5053,-31.7671],[-66.3112,-31.8269],[-66.2931,-31.7945],[-66.2848,-31.7313],[-66.2608,-31.6855],[-66.2847,-31.6256],[-66.2931,-31.5366],[-66.3436,-31.4634],[-66.3568,-31.4312],[-66.3411,-31.2581],[-66.3357,-31.2468],[-66.2653,-31.2032],[-66.3081,-31.1887],[-66.4193,-31.1875],[-66.4276,-31.1361],[-66.463,-31.096],[-66.4807,-31.0957]]]}},
{"type":"Feature","properties":{"name":"San Blas de Los Sauces","georefId":"46119","provinciaGeorefId":"46","tipo":"Departamento"},"geometry":{"type":"Polygon","coordinates":[[[-66.9426,-28.2662],[-66.9902,-28.2633],[-66.9982,-28.2551],[-67.0302,-28.2602],[-67.0566,-28.273],[-67.0747,-28.2702],[-67.1554,-28.3844],[-67.3753,-28.3845],[-67.4464,-28.368],[-67.4485,-28.4003],[-67.4374,-28.417],[-67.3001,-28.4981],[-67.2622,-28.5371],[-67.2535,-28.5757],[-67.2648,-28.6829],[-67.258,-28.7381],[-67.2255,-28.8502],[-67.1748,-28.9055],[-67.1422,-28.8482],[-67.0687,-28.7186],[-67.0647,-28.6526],[-67.0232,-28.6358],[-67.0119,-28.6038],[-67.0127,-28.5699],[-66.9903,-28.5181],[-66.9879,-28.4755],[-67.0224,-28.3782],[-67.0228,-28.3569],[-66.9426,-28.2662]]]}},
{"type":"Feature","properties":{"name":"Sanagasta","georefId":"46126","provinciaGeorefId":"46","tipo":"Departamento"},"geometry":{"type":"Polygon","coordinates":[[[-66.8622,-29.1744],[-66.923,-29.1328],[-66.9433,-29.109],[-66.9625,-29.0092],[-67.0444,-28.9711],[-67.1422,-28.8482],[-67.1748,-28.9055],[-67.2091,-28.971],[-67.2159,-29.0132],[-67.2164,-29.0558],[-67.1991,-29.1134],[-67.2187,-29.1367],[-67.2216,-29.1746],[-67.1809,-29.2745],[-67.1506,-29.2955],[-67.1392,-29.3323],[-67.1068,-29.3694],[-67.09,-29.4055],[-67.0715,-29.4288],[-67.0481,-29.4328],[-67.0213,-29.4229],[-66.9762,-29.3906],[-66.946,-29.3573],[-66.9294,-29.2865],[-66.8981,-29.2544],[-66.8838,-29.2007],[-66.8622,-29.1744]]]}},
{"type":"Feature","properties":{"name":"Capital","georefId":"50007","provinciaGeorefId":"50","tipo":"Departamento"},"geometry":{"type":"Polygon","coordinates":[[[-68.8203,-32.8739],[-68.8174,-32.8673],[-68.8326,-32.862],[-68.8628,-32.8636],[-68.8701,-32.8639],[-68.9582,-32.8635],[-68.9582,-32.8731],[-68.9582,-32.9003],[-68.9582,-32.9034],[-68.871,-32.9008],[-68.8651,-32.9014],[-68.8376,-32.9046],[-68.8203,-32.8739]]]}},
{"type":"Feature","properties":{"name":"General Alvear","georefId":"50014","provinciaGeorefId":"50","tipo":"Departamento"},"geometry":{"type":"Polygon","coordinates":[[[-66.7564,-34.512],[-66.771,-34.5124],[-66.7939,-34.4912],[-66.8048,-34.4963],[-66.815,-34.4902],[-66.8458,-34.4925],[-66.8697,-34.5127],[-66.8907,-34.506],[-66.9018,-34.5181],[-66.9218,-34.5156],[-66.9225,-34.5236],[-66.943,-34.5369],[-66.9964,-34.5462],[-67.0174,-34.5584],[-67.0583,-34.5552],[-67.0791,-34.5747],[-67.1039,-34.5637],[-67.1463,-34.5675],[-67.1528,-34.5593],[-67.2056,-34.5661],[-67.2267,-34.5492],[-67.2412,-34.5526],[-67.2486,-34.5438],[-67.2582,-34.5472],[-67.2846,-34.5378],[-67.3211,-34.5388],[-67.3373,-34.5501],[-67.3874,-34.5406],[-67.4273,-34.559],[-67.453,-34.549],[-67.4852,-34.5562],[-67.5599,-34.5328],[-67.5778,-34.5398],[-67.6275,-34.5279],[-67.64,-34.5361],[-67.6342,-34.5664],[-67.6658,-34.6247],[-67.6848,-34.7315],[-67.682,-34.7747],[-67.7227,-34.9699],[-67.709,-35.0047],[-67.6932,-35.0142],[-67.697,-35.0277],[-67.7082,-35.0287],[-67.6976,-35.0367],[-67.7121,-35.0552],[-67.6994,-35.0852],[-67.7187,-35.0984],[-67.7086,-35.1052],[-67.7186,-35.1238],[-67.713,-35.1285],[-67.7193,-35.1458],[-67.7301,-35.1496],[-67.7214,-35.1583],[-67.7277,-35.1651],[-67.712,-35.1758],[-67.7263,-35.1828],[-67.7321,-35.2059],[-67.7136,-35.2083],[-67.7151,-35.2214],[-67.7069,-35.2238],[-67.7146,-35.2413],[-67.6807,-35.2538],[-67.6803,-35.2698],[-67.6663,-35.2863],[-67.6717,-35.2965],[-67.6451,-35.3166],[-67.6552,-35.3379],[-67.6443,-35.3536],[-67.6531,-35.3743],[-67.6477,-35.3917],[-67.6416,-35.3971],[-67.6345,-35.3933],[-67.624,-35.4057],[-67.5935,-35.4569],[-67.5725,-35.4607],[-67.5678,-35.4739],[-67.5432,-35.4835],[-67.5067,-35.5507],[-67.49,-35.5513],[-67.4798,-35.5644],[-67.4787,-35.5914],[-67.43,-35.6345],[-67.4302,-35.6485],[-67.413,-35.6567],[-67.4041,-35.6818],[-67.4138,-35.6832],[-67.4157,-35.7228],[-67.3967,-35.7293],[-67.3934,-35.7464],[-67.379,-35.7563],[-67.3699,-35.7765],[-67.3403,-35.7946],[-67.3364,-35.8082],[-67.3057,-35.8314],[-67.2859,-35.8334],[-67.2839,-35.8496],[-67.261,-35.8765],[-67.2539,-35.8986],[-67.2353,-35.9132],[-67.2382,-35.9252],[-67.1939,-35.9891],[-67.1948,-35.9988],[-67.1949,-35.9992],[-67.1949,-35.9993],[-67.1948,-35.9993],[-67.1329,-35.9991],[-67.1326,-35.9991],[-67.1325,-35.9991],[-66.6378,-36.0006],[-66.6187,-35.9653],[-66.6171,-35.9483],[-66.6289,-35.9286],[-66.6181,-35.903],[-66.6267,-35.8979],[-66.6222,-35.8484],[-66.5894,-35.7944],[-66.5807,-35.7686],[-66.5806,-35.7038],[-66.5623,-35.6825],[-66.5602,-35.6543],[-66.5477,-35.6388],[-66.5647,-35.6191],[-66.5702,-35.5812],[-66.541,-35.5639],[-66.5252,-35.5402],[-66.5171,-35.4707],[-66.5297,-35.4428],[-66.5218,-35.4078],[-66.5081,-35.3975],[-66.5143,-35.3888],[-66.4956,-35.3105],[-66.5181,-35.2879],[-66.5195,-35.2743],[-66.5007,-35.2474],[-66.4842,-35.2408],[-66.4897,-35.2276],[-66.4833,-35.2091],[-66.497,-35.1958],[-66.4968,-35.1729],[-66.4945,-35.1581],[-66.478,-35.1419],[-66.49,-35.132],[-66.4873,-35.1212],[-66.4978,-35.1076],[-66.4881,-35.0954],[-66.5071,-35.0907],[-66.5035,-35.0845],[-66.512,-35.0829],[-66.521,-35.0636],[-66.5145,-35.0521],[-66.5266,-35.049],[-66.5226,-35.0198],[-66.5409,-35.0149],[-66.5323,-35.0053],[-66.5457,-34.9693],[-66.5249,-34.9436],[-66.5375,-34.9176],[-66.5465,-34.9137],[-66.5492,-34.9188],[-66.5547,-34.9105],[-66.5542,-34.8911],[-66.5445,-34.8821],[-66.5612,-34.8327],[-66.6025,-34.8021],[-66.5952,-34.791],[-66.6067,-34.7741],[-66.6497,-34.7583],[-66.6479,-34.744],[-66.6475,-34.7436],[-66.6473,-34.7434],[-66.6465,-34.7424],[-66.6406,-34.7175],[-66.6769,-34.6906],[-66.6901,-34.6907],[-66.6959,-34.6536],[-66.712,-34.6284],[-66.7031,-34.6198],[-66.7266,-34.6102],[-66.7292,-34.5851],[-66.7529,-34.5709],[-66.7652,-34.5509],[-66.755,-34.5327],[-66.7563,-34.5121],[-66.7564,-34.512]]]}},
{"type":"Feature","properties":{"name":"Godoy Cruz","georefId":"50021","provinciaGeorefId":"50","tipo":"Departamento"},"geometry":{"type":"Polygon","coordinates":[[[-68.871,-32.9008],[-68.9582,-32.9034],[-68.9582,-32.9045],[-68.972,-32.9045],[-69.0033,-32.9045],[-69.0019,-32.909],[-69.0017,-32.9093],[-69.0065,-32.9186],[-69.0072,-32.9182],[-69.0097,-32.9173],[-69.0105,-32.9175],[-69.0172,-32.9175],[-69.0031,-32.9362],[-69.0092,-32.9605],[-69.0044,-32.9604],[-68.8299,-32.9603],[-68.8041,-32.9273],[-68.8257,-32.922],[-68.8391,-32.9295],[-68.8376,-32.9046],[-68.8651,-32.9014],[-68.871,-32.9008]]]}},
{"type":"Feature","properties":{"name":"Guaymallén","georefId":"50028","provinciaGeorefId":"50","tipo":"Departamento"},"geometry":{"type":"Polygon","coordinates":[[[-68.6506,-32.859],[-68.6499,-32.841],[-68.6369,-32.8323],[-68.6846,-32.8289],[-68.7212,-32.8419],[-68.7234,-32.8417],[-68.8203,-32.8739],[-68.8376,-32.9046],[-68.8391,-32.9295],[-68.8257,-32.922],[-68.8041,-32.9273],[-68.7193,-32.9441],[-68.7038,-32.9704],[-68.6623,-32.9185],[-68.6637,-32.8912],[-68.6504,-32.878],[-68.6506,-32.859]]]}},
{"type":"Feature","properties":{"name":"Junín","georefId":"50035","provinciaGeorefId":"50","tipo":"Departamento"},"geometry":{"type":"Polygon","coordinates":[[[-68.5728,-33.0476],[-68.5978,-33.0853],[-68.6183,-33.0977],[-68.629,-33.133],[-68.6457,-33.147],[-68.6813,-33.2512],[-68.6645,-33.2211],[-68.6405,-33.2067],[-68.6444,-33.1975],[-68.6326,-33.189],[-68.629,-33.1866],[-68.5978,-33.1754],[-68.586,-33.1728],[-68.5469,-33.1546],[-68.4799,-33.1505],[-68.4382,-33.1661],[-68.3769,-33.2097],[-68.3418,-33.2132],[-68.3267,-33.2249],[-68.2865,-33.233],[-68.2865,-33.2198],[-68.268,-33.2031],[-68.2826,-33.1959],[-68.3542,-33.1563],[-68.3521,-33.1511],[-68.4307,-33.1147],[-68.4314,-33.1042],[-68.4898,-33.0884],[-68.5072,-33.1084],[-68.5097,-33.1013],[-68.5418,-33.0881],[-68.5485,-33.0839],[-68.5639,-33.0731],[-68.5773,-33.0867],[-68.5826,-33.0755],[-68.5728,-33.0476]]]}},
{"type":"Feature","properties":{"name":"La Paz","georefId":"50042","provinciaGeorefId":"50","tipo":"Departamento"},"geometry":{"type":"Polygon","coordinates":[[[-66.7759,-34.2977],[-66.784,-34.272],[-66.801,-34.2565],[-66.7881,-34.2533],[-66.7843,-34.2326],[-66.7622,-34.2281],[-66.7465,-34.2356],[-66.748,-34.2224],[-66.7246,-34.2219],[-66.7193,-34.213],[-66.7295,-34.2074],[-66.7185,-34.1885],[-66.7303,-34.1821],[-66.7113,-34.1473],[-66.7252,-34.1471],[-66.7337,-34.137],[-66.7224,-34.132],[-66.7239,-34.1156],[-66.7121,-34.101],[-66.7157,-34.0578],[-66.6993,-34.0465],[-66.7082,-34.0247],[-66.6632,-33.9863],[-66.6712,-33.9728],[-66.6666,-33.9574],[-66.6786,-33.9491],[-66.6759,-33.9416],[-66.7018,-33.9385],[-66.704,-33.9322],[-66.7227,-33.9353],[-66.7359,-33.9115],[-66.749,-33.915],[-66.7686,-33.9021],[-66.7727,-33.8859],[-66.7848,-33.8876],[-66.8044,-33.8609],[-66.8733,-33.8329],[-66.882,-33.8165],[-66.8833,-33.7687],[-66.9571,-33.7237],[-66.973,-33.7029],[-66.9737,-33.6893],[-67.0048,-33.6673],[-66.9985,-33.6561],[-67.0055,-33.6384],[-66.9981,-33.6334],[-67.0085,-33.618],[-67.0263,-33.6055],[-67.038,-33.6062],[-67.0509,-33.5771],[-67.0566,-33.581],[-67.0689,-33.5664],[-67.0673,-33.559],[-67.0617,-33.5613],[-67.0659,-33.55],[-67.0928,-33.5388],[-67.096,-33.5035],[-67.1219,-33.4731],[-67.1324,-33.4704],[-67.1312,-33.4512],[-67.1455,-33.4397],[-67.1526,-33.4122],[-67.1524,-33.3256],[-67.1704,-33.3021],[-67.1802,-33.2522],[-67.1822,-33.1994],[-67.1672,-33.1662],[-67.1843,-33.1289],[-67.1828,-33.111],[-67.182,-33.1101],[-67.2029,-33.1068],[-67.2385,-33.1012],[-67.3542,-33.0831],[-67.4901,-33.0618],[-67.5783,-33.0405],[-67.5815,-33.0533],[-67.6561,-33.348],[-67.6689,-33.348],[-67.7181,-33.4461],[-67.7096,-33.4508],[-67.705,-33.7731],[-67.5063,-33.7679],[-67.5012,-34.1013],[-67.1516,-34.1105],[-67.1552,-34.2959],[-66.8607,-34.2973],[-66.7775,-34.2977],[-66.7767,-34.2977],[-66.7759,-34.2977]]]}},
{"type":"Feature","properties":{"name":"Las Heras","georefId":"50049","provinciaGeorefId":"50","tipo":"Departamento"},"geometry":{"type":"Polygon","coordinates":[[[-68.5116,-32.2634],[-68.6657,-32.3371],[-68.9176,-32.338],[-68.9176,-32.1146],[-68.9568,-32.1089],[-69.0131,-32.1159],[-69.0275,-32.092],[-69.0645,-32.0755],[-69.0944,-32.0319],[-69.1164,-32.0205],[-69.1128,-32.0069],[-69.1264,-32.0019],[-69.184,-31.9994],[-69.2445,-32.0161],[-69.2624,-32.0332],[-69.2768,-32.07],[-69.3003,-32.0744],[-69.3142,-32.0911],[-69.3786,-32.0642],[-69.3904,-32.0779],[-69.4157,-32.0665],[-69.4316,-32.0766],[-69.4548,-32.0747],[-69.4713,-32.0906],[-69.4768,-32.1111],[-69.5056,-32.1138],[-69.5076,-32.1254],[-69.5311,-32.141],[-69.5585,-32.1401],[-69.561,-32.1314],[-69.5962,-32.1409],[-69.595,-32.1665],[-69.6099,-32.2021],[-69.6034,-32.2106],[-69.6292,-32.245],[-69.6303,-32.2621],[-69.652,-32.2695],[-69.6804,-32.3043],[-69.7215,-32.3142],[-69.7289,-32.3308],[-69.7332,-32.3906],[-69.7042,-32.4032],[-69.6892,-32.4302],[-69.6995,-32.4443],[-69.6962,-32.4659],[-69.7056,-32.4975],[-69.7259,-32.4975],[-69.7407,-32.5097],[-69.7589,-32.5124],[-69.7788,-32.5424],[-69.8224,-32.5444],[-69.8274,-32.5627],[-69.8469,-32.5705],[-69.8612,-32.5613],[-69.8995,-32.5625],[-69.9302,-32.5418],[-69.964,-32.5467],[-69.9798,-32.5325],[-70.0036,-32.5291],[-70.0262,-32.5589],[-70.0258,-32.5788],[-70.0402,-32.5834],[-70.0412,-32.5845],[-70.0457,-32.6052],[-70.0735,-32.6262],[-70.0896,-32.6224],[-70.0918,-32.6014],[-70.1262,-32.5742],[-70.1507,-32.5815],[-70.1723,-32.6221],[-70.1516,-32.6368],[-70.1466,-32.6524],[-70.1476,-32.7284],[-70.1373,-32.7321],[-70.13,-32.7588],[-70.1126,-32.7723],[-70.1082,-32.8011],[-70.0924,-32.802],[-70.0701,-32.8252],[-70.0333,-32.8156],[-69.9205,-32.8576],[-69.8907,-32.8261],[-69.8298,-32.8426],[-69.7725,-32.8679],[-69.7304,-32.8336],[-69.6961,-32.8253],[-69.6402,-32.7893],[-69.6077,-32.782],[-69.5657,-32.7353],[-69.5396,-32.7209],[-69.4931,-32.6377],[-69.4324,-32.6194],[-69.3974,-32.6353],[-69.3571,-32.6856],[-69.3429,-32.6935],[-69.3167,-32.7517],[-69.3125,-32.7984],[-69.2973,-32.8134],[-69.298,-32.8234],[-69.2627,-32.8494],[-69.2663,-32.8687],[-69.2572,-32.8886],[-69.2634,-32.9131],[-69.2537,-32.9191],[-69.237,-32.9155],[-69.2319,-32.9264],[-69.2057,-32.9368],[-69.1449,-32.9914],[-69.1266,-32.9947],[-69.1148,-33.0274],[-69.104,-33.0307],[-69.104,-33.0183],[-69.0976,-33.0176],[-69.0947,-33.0409],[-69.0835,-33.0284],[-69.0671,-33.0259],[-69.0661,-33.0176],[-69.0595,-33.0254],[-69.0419,-32.9991],[-69.0101,-32.9723],[-69.0092,-32.9605],[-69.0031,-32.9362],[-69.0172,-32.9175],[-69.0105,-32.9175],[-69.0097,-32.9173],[-69.0072,-32.9182],[-69.0065,-32.9186],[-69.0017,-32.9093],[-69.0019,-32.909],[-69.0033,-32.9045],[-68.972,-32.9045],[-68.9582,-32.9045],[-68.9582,-32.9034],[-68.9582,-32.9003],[-68.9582,-32.8731],[-68.9582,-32.8635],[-68.8701,-32.8639],[-68.8628,-32.8636],[-68.8326,-32.862],[-68.8174,-32.8673],[-68.8203,-32.8739],[-68.7234,-32.8417],[-68.7212,-32.8419],[-68.6846,-32.8289],[-68.6826,-32.821],[-68.6961,-32.8001],[-68.6704,-32.7411],[-68.6954,-32.7468],[-68.6608,-32.6767],[-68.6737,-32.6013],[-68.6325,-32.4727],[-68.6186,-32.4356],[-68.5762,-32.3844],[-68.5239,-32.3734],[-68.5056,-32.344],[-68.5011,-32.3307],[-68.5116,-32.2634]]]}},
{"type":"Feature","properties":{"name":"Lavalle","georefId":"50056","provinciaGeorefId":"50","tipo":"Departamento"},"geometry":{"type":"Polygon","coordinates":[[[-67.3177,-32.382],[-67.3324,-32.3501],[-67.359,-32.3485],[-67.3817,-32.3305],[-67.4257,-32.3278],[-67.4729,-32.3067],[-67.4844,-32.2938],[-67.4879,-32.2613],[-67.5016,-32.2389],[-67.5133,-32.2432],[-67.5224,-32.2212],[-67.5401,-32.229],[-67.5465,-32.2403],[-67.5803,-32.2367],[-67.5969,-32.2463],[-67.6071,-32.2324],[-67.6186,-32.2417],[-67.6477,-32.24],[-67.6763,-32.2252],[-67.6851,-32.2377],[-67.7071,-32.2353],[-67.7116,-32.2457],[-67.7294,-32.2409],[-67.7231,-32.2377],[-67.7353,-32.223],[-67.7717,-32.2254],[-67.7729,-32.2355],[-67.7913,-32.2235],[-67.8311,-32.2265],[-67.8383,-32.2151],[-67.8487,-32.2229],[-67.8476,-32.2134],[-67.8757,-32.1973],[-67.8729,-32.188],[-67.9065,-32.172],[-67.9165,-32.1752],[-67.9283,-32.1552],[-67.9246,-32.1454],[-67.9382,-32.139],[-67.9295,-32.1213],[-67.9431,-32.1211],[-67.944,-32.1113],[-67.9625,-32.1195],[-67.9558,-32.0992],[-67.9646,-32.09],[-67.9822,-32.0879],[-67.9893,-32.0972],[-67.9988,-32.0821],[-68.0328,-32.0857],[-68.0376,-32.0783],[-68.0567,-32.0761],[-68.0529,-32.071],[-68.0668,-32.0797],[-68.0736,-32.0991],[-68.0807,-32.0846],[-68.0976,-32.0922],[-68.0931,-32.1009],[-68.1228,-32.0998],[-68.1248,-32.1069],[-68.1375,-32.105],[-68.1515,-32.1192],[-68.1882,-32.1092],[-68.2052,-32.1212],[-68.2479,-32.0915],[-68.2847,-32.1245],[-68.2929,-32.1318],[-68.301,-32.1392],[-68.4612,-32.1392],[-68.4612,-32.2381],[-68.5116,-32.2634],[-68.5011,-32.3307],[-68.5056,-32.344],[-68.5239,-32.3734],[-68.5762,-32.3844],[-68.6186,-32.4356],[-68.6325,-32.4727],[-68.6737,-32.6013],[-68.6608,-32.6767],[-68.6954,-32.7468],[-68.6704,-32.7411],[-68.6961,-32.8001],[-68.6826,-32.821],[-68.6846,-32.8289],[-68.6369,-32.8323],[-68.6499,-32.841],[-68.6506,-32.859],[-68.6491,-32.8578],[-68.6252,-32.8488],[-68.6024,-32.8389],[-68.456,-32.8691],[-68.4533,-32.8625],[-68.4698,-32.8585],[-68.4698,-32.8395],[-68.4581,-32.8307],[-68.461,-32.8233],[-68.4479,-32.8174],[-68.4401,-32.7944],[-68.4253,-32.8018],[-68.3943,-32.7799],[-68.3866,-32.7817],[-68.3624,-32.7648],[-68.3282,-32.7227],[-68.3054,-32.7164],[-67.9593,-32.7204],[-67.9568,-32.837],[-67.9587,-33.0108],[-67.7989,-33.0231],[-67.5815,-33.0533],[-67.5783,-33.0405],[-67.4901,-33.0618],[-67.3542,-33.0831],[-67.2385,-33.1012],[-67.2029,-33.1068],[-67.182,-33.1101],[-67.1819,-33.11],[-67.1813,-33.1093],[-67.1835,-33.087],[-67.1745,-33.0782],[-67.1769,-33.0647],[-67.198,-33.0442],[-67.1834,-33.0392],[-67.1793,-33.0035],[-67.1918,-32.9958],[-67.1915,-32.9828],[-67.2014,-32.9733],[-67.2121,-32.9117],[-67.2311,-32.8979],[-67.232,-32.865],[-67.2099,-32.8564],[-67.2092,-32.8474],[-67.178,-32.8203],[-67.1768,-32.7869],[-67.1861,-32.7697],[-67.1663,-32.7587],[-67.1828,-32.7283],[-67.1802,-32.7175],[-67.1925,-32.704],[-67.1883,-32.6972],[-67.225,-32.6822],[-67.2377,-32.6344],[-67.2569,-32.6255],[-67.244,-32.6032],[-67.2481,-32.5877],[-67.2687,-32.5701],[-67.2628,-32.5531],[-67.2804,-32.5347],[-67.2973,-32.5361],[-67.2943,-32.5209],[-67.2831,-32.5127],[-67.3014,-32.4707],[-67.2975,-32.4465],[-67.2893,-32.4431],[-67.3101,-32.4247],[-67.3177,-32.382]]]}},
{"type":"Feature","properties":{"name":"Luján de Cuyo","georefId":"50063","provinciaGeorefId":"50","tipo":"Departamento"},"geometry":{"type":"Polygon","coordinates":[[[-69.0092,-32.9605],[-69.0101,-32.9723],[-69.0419,-32.9991],[-69.0595,-33.0254],[-69.0661,-33.0176],[-69.0671,-33.0259],[-69.0835,-33.0284],[-69.0947,-33.0409],[-69.0976,-33.0176],[-69.104,-33.0183],[-69.104,-33.0307],[-69.1148,-33.0274],[-69.1266,-32.9947],[-69.1449,-32.9914],[-69.2057,-32.9368],[-69.2319,-32.9264],[-69.237,-32.9155],[-69.2537,-32.9191],[-69.2634,-32.9131],[-69.2572,-32.8886],[-69.2663,-32.8687],[-69.2627,-32.8494],[-69.298,-32.8234],[-69.2973,-32.8134],[-69.3125,-32.7984],[-69.3167,-32.7517],[-69.3429,-32.6935],[-69.3571,-32.6856],[-69.3974,-32.6353],[-69.4324,-32.6194],[-69.4931,-32.6377],[-69.5396,-32.7209],[-69.5657,-32.7353],[-69.6077,-32.782],[-69.6402,-32.7893],[-69.6961,-32.8253],[-69.7304,-32.8336],[-69.7725,-32.8679],[-69.8298,-32.8426],[-69.8907,-32.8261],[-69.9205,-32.8576],[-70.0333,-32.8156],[-70.0701,-32.8252],[-70.0519,-32.8368],[-70.0562,-32.857],[-70.0447,-32.8699],[-70.0038,-32.8823],[-69.9894,-32.899],[-70.0072,-32.9312],[-69.9998,-32.9448],[-70.0203,-32.9563],[-70.0274,-32.9699],[-70.021,-33.0085],[-70.0347,-33.0231],[-70.0809,-33.0283],[-70.0797,-33.0389],[-70.0937,-33.051],[-70.075,-33.0629],[-70.0671,-33.0882],[-70.0758,-33.1206],[-70.0517,-33.1345],[-70.0656,-33.1557],[-70.0571,-33.1719],[-70.0655,-33.1795],[-70.0644,-33.2051],[-70.0545,-33.2263],[-70.0259,-33.2365],[-70.0383,-33.2704],[-70.006,-33.2856],[-70.0108,-33.3019],[-70.0009,-33.3229],[-69.9694,-33.3094],[-69.9503,-33.2813],[-69.9427,-33.2841],[-69.9159,-33.2668],[-69.9166,-33.2443],[-69.9043,-33.2729],[-69.8596,-33.2835],[-69.8372,-33.2726],[-69.8148,-33.2892],[-69.7999,-33.2879],[-69.7692,-33.3428],[-69.7614,-33.3333],[-69.5164,-33.0356],[-69.5002,-33.0201],[-69.4406,-33.0076],[-69.4163,-33.0446],[-69.3845,-33.0632],[-69.3417,-33.0552],[-69.2746,-33.063],[-69.2567,-33.0718],[-69.2151,-33.1005],[-69.1689,-33.1487],[-69.1427,-33.1918],[-69.1091,-33.1999],[-69.0482,-33.2444],[-69.0147,-33.2541],[-68.9964,-33.2716],[-68.916,-33.2941],[-68.9071,-33.2908],[-68.9219,-33.3392],[-68.8367,-33.3683],[-68.8035,-33.3947],[-68.7922,-33.398],[-68.7678,-33.3799],[-68.7568,-33.3581],[-68.7344,-33.3469],[-68.7202,-33.2946],[-68.7029,-33.283],[-68.6983,-33.2665],[-68.6817,-33.2612],[-68.6813,-33.2512],[-68.6457,-33.147],[-68.629,-33.133],[-68.6183,-33.0977],[-68.6816,-33.1172],[-68.6998,-33.1163],[-68.7526,-33.0846],[-68.7502,-33.0754],[-68.7854,-33.0541],[-68.8156,-33.0629],[-68.8427,-33.0588],[-68.8635,-33.0454],[-68.8528,-33.0244],[-68.8405,-33.026],[-68.8283,-32.9958],[-68.8259,-32.9901],[-68.8159,-32.9723],[-68.8334,-32.9691],[-68.8299,-32.9603],[-69.0044,-32.9604],[-69.0092,-32.9605]]]}},
{"type":"Feature","properties":{"name":"Maipú","georefId":"50070","provinciaGeorefId":"50","tipo":"Departamento"},"geometry":{"type":"Polygon","coordinates":[[[-68.5728,-33.0476],[-68.5308,-32.9736],[-68.4984,-32.9555],[-68.4922,-32.938],[-68.4791,-32.932],[-68.456,-32.8691],[-68.6024,-32.8389],[-68.6252,-32.8488],[-68.6491,-32.8578],[-68.6506,-32.859],[-68.6504,-32.878],[-68.6637,-32.8912],[-68.6623,-32.9185],[-68.7038,-32.9704],[-68.7193,-32.9441],[-68.8041,-32.9273],[-68.8299,-32.9603],[-68.8334,-32.9691],[-68.8159,-32.9723],[-68.8259,-32.9901],[-68.8283,-32.9958],[-68.8405,-33.026],[-68.8528,-33.0244],[-68.8635,-33.0454],[-68.8427,-33.0588],[-68.8156,-33.0629],[-68.7854,-33.0541],[-68.7502,-33.0754],[-68.7526,-33.0846],[-68.6998,-33.1163],[-68.6816,-33.1172],[-68.6183,-33.0977],[-68.5978,-33.0853],[-68.5728,-33.0476]]]}},
{"type":"Feature","properties":{"name":"Malargüe","georefId":"50077","provinciaGeorefId":"50","tipo":"Departamento"},"geometry":{"type":"Polygon","coordinates":[[[-70.1466,-34.7427],[-70.1823,-34.707],[-70.2424,-34.6897],[-70.2618,-34.7224],[-70.2593,-34.7302],[-70.2945,-34.7391],[-70.3077,-34.7511],[-70.3086,-34.7699],[-70.2482,-34.7989],[-70.28,-34.8523],[-70.2763,-34.8763],[-70.2907,-34.8828],[-70.2891,-34.8923],[-70.3018,-34.8991],[-70.3183,-34.9304],[-70.3311,-34.9365],[-70.3269,-34.976],[-70.3337,-34.9899],[-70.3547,-34.9955],[-70.3638,-35.006],[-70.3604,-35.0349],[-70.3763,-35.0509],[-70.3739,-35.0857],[-70.3576,-35.099],[-70.3701,-35.1121],[-70.3612,-35.1355],[-70.375,-35.1702],[-70.3891,-35.1701],[-70.4399,-35.1937],[-70.455,-35.1898],[-70.4721,-35.2039],[-70.5179,-35.2066],[-70.526,-35.1949],[-70.536,-35.1991],[-70.5681,-35.2238],[-70.5652,-35.243],[-70.5837,-35.2672],[-70.5663,-35.2995],[-70.5125,-35.3103],[-70.5002,-35.3211],[-70.4683,-35.3129],[-70.4608,-35.3194],[-70.4319,-35.3183],[-70.4353,-35.3315],[-70.4184,-35.3537],[-70.4227,-35.3707],[-70.452,-35.3916],[-70.4383,-35.4132],[-70.4521,-35.4263],[-70.4323,-35.4457],[-70.4456,-35.4507],[-70.4465,-35.4632],[-70.4137,-35.4885],[-70.3942,-35.4853],[-70.3868,-35.5079],[-70.368,-35.5207],[-70.3882,-35.5159],[-70.4136,-35.5285],[-70.4059,-35.5455],[-70.41,-35.5592],[-70.3847,-35.6051],[-70.4238,-35.6411],[-70.4107,-35.6452],[-70.3975,-35.6637],[-70.4066,-35.6728],[-70.3988,-35.6867],[-70.3855,-35.6881],[-70.3745,-35.7006],[-70.3697,-35.7375],[-70.3583,-35.7496],[-70.3801,-35.767],[-70.3787,-35.7879],[-70.3584,-35.8012],[-70.3369,-35.7956],[-70.312,-35.8132],[-70.3575,-35.8428],[-70.3696,-35.8412],[-70.3813,-35.8669],[-70.4063,-35.8672],[-70.422,-35.8766],[-70.424,-35.9147],[-70.4111,-35.9236],[-70.3648,-35.9242],[-70.387,-35.9396],[-70.3914,-35.9517],[-70.418,-35.9608],[-70.423,-35.9715],[-70.3782,-35.99],[-70.3806,-36.025],[-70.3701,-36.0353],[-70.3888,-36.0523],[-70.4108,-36.0569],[-70.4255,-36.0953],[-70.4151,-36.1099],[-70.3974,-36.1195],[-70.395,-36.1943],[-70.3706,-36.2238],[-70.3746,-36.2596],[-70.3663,-36.2827],[-70.3662,-36.2829],[-70.3665,-36.2837],[-70.3389,-36.3369],[-70.3164,-36.3336],[-70.3032,-36.3405],[-70.2618,-36.3219],[-70.2297,-36.3249],[-70.2201,-36.3322],[-70.207,-36.3756],[-70.2129,-36.3904],[-70.1957,-36.4234],[-70.2039,-36.4353],[-70.2017,-36.4536],[-70.1829,-36.4908],[-70.1384,-36.5268],[-70.1218,-36.5532],[-70.1228,-36.5708],[-70.0759,-36.6066],[-70.0425,-36.659],[-70.0221,-36.6658],[-70.0122,-36.6955],[-69.9875,-36.6929],[-69.9475,-36.7216],[-69.9439,-36.7449],[-69.92,-36.7623],[-69.9277,-36.7833],[-69.9217,-36.7948],[-69.8736,-36.8114],[-69.8506,-36.8463],[-69.8196,-36.8491],[-69.7875,-36.8694],[-69.7597,-36.8715],[-69.7521,-36.8862],[-69.7725,-36.9009],[-69.779,-36.9168],[-69.7703,-36.9247],[-69.7763,-36.9912],[-69.7646,-37.0003],[-69.7685,-37.0233],[-69.7556,-37.0686],[-69.7115,-37.1015],[-69.6991,-37.1006],[-69.6533,-37.1227],[-69.6275,-37.1437],[-69.5807,-37.1517],[-69.5761,-37.1631],[-69.5528,-37.1616],[-69.5296,-37.1744],[-69.5109,-37.1669],[-69.4962,-37.1753],[-69.465,-37.1726],[-69.4301,-37.1595],[-69.4216,-37.1693],[-69.397,-37.1719],[-69.3777,-37.1596],[-69.3515,-37.164],[-69.3349,-37.1514],[-69.2992,-37.1551],[-69.2861,-37.1445],[-69.2683,-37.1445],[-69.2617,-37.1556],[-69.2196,-37.1774],[-69.2077,-37.1714],[-69.1729,-37.1779],[-69.1313,-37.2027],[-69.1037,-37.2051],[-69.089,-37.2202],[-69.0641,-37.2236],[-69.0383,-37.2556],[-69.0493,-37.3147],[-69.0395,-37.3215],[-69.0455,-37.3345],[-69.026,-37.3648],[-68.9771,-37.3793],[-68.9696,-37.3729],[-68.943,-37.3718],[-68.9281,-37.3799],[-68.8847,-37.382],[-68.8652,-37.4013],[-68.8492,-37.3901],[-68.8144,-37.3864],[-68.7835,-37.3676],[-68.7661,-37.3665],[-68.7216,-37.3889],[-68.7017,-37.4145],[-68.6966,-37.4423],[-68.6341,-37.4475],[-68.6137,-37.4386],[-68.5699,-37.4563],[-68.5486,-37.4498],[-68.5231,-37.4587],[-68.5049,-37.4541],[-68.4367,-37.5446],[-68.4012,-37.5587],[-68.355,-37.5472],[-68.3491,-37.5567],[-68.3144,-37.5565],[-68.3033,-37.5634],[-68.2899,-37.559],[-68.2613,-37.5753],[-68.2543,-37.5719],[-68.2468,-36.8028],[-68.2502,-36.1725],[-68.2961,-36.1725],[-68.2964,-35.9976],[-68.2923,-35.9976],[-68.487,-35.5811],[-68.746,-35.3694],[-69.2743,-35.2579],[-69.3183,-35.2632],[-69.3489,-35.2753],[-69.4622,-35.2497],[-69.5138,-35.2292],[-69.5401,-35.2116],[-69.5417,-35.1956],[-69.5532,-35.1867],[-69.547,-35.1651],[-69.5644,-35.1373],[-69.5693,-35.1107],[-69.5826,-35.0967],[-69.6099,-35.0856],[-69.6453,-35.0244],[-69.6472,-34.9985],[-69.668,-34.9795],[-69.8571,-34.8903],[-69.8762,-34.8726],[-69.9055,-34.8642],[-69.9449,-34.8366],[-70.014,-34.8096],[-70.0893,-34.7491],[-70.1459,-34.7429],[-70.1466,-34.7427]]]}},
{"type":"Feature","properties":{"name":"Rivadavia","georefId":"50084","provinciaGeorefId":"50","tipo":"Departamento"},"geometry":{"type":"Polygon","coordinates":[[[-68.2865,-33.233],[-68.3267,-33.2249],[-68.3418,-33.2132],[-68.3769,-33.2097],[-68.4382,-33.1661],[-68.4799,-33.1505],[-68.5469,-33.1546],[-68.586,-33.1728],[-68.5978,-33.1754],[-68.629,-33.1866],[-68.6326,-33.189],[-68.6444,-33.1975],[-68.6405,-33.2067],[-68.6645,-33.2211],[-68.6813,-33.2512],[-68.6817,-33.2612],[-68.6983,-33.2665],[-68.7029,-33.283],[-68.7202,-33.2946],[-68.7344,-33.3469],[-68.7568,-33.3581],[-68.7678,-33.3799],[-68.7922,-33.398],[-68.8035,-33.3947],[-68.8153,-33.4091],[-68.8313,-33.4061],[-68.8574,-33.4198],[-68.8766,-33.4351],[-68.8727,-33.4444],[-68.8844,-33.4566],[-68.9452,-33.4747],[-68.9806,-33.4967],[-68.9876,-33.5377],[-68.9989,-33.5426],[-68.5638,-33.7333],[-68.6,-33.488],[-68.2868,-33.4782],[-68.2866,-33.2487],[-68.2867,-33.2392],[-68.2865,-33.233]]]}},
{"type":"Feature","properties":{"name":"San Carlos","georefId":"50091","provinciaGeorefId":"50","tipo":"Departamento"},"geometry":{"type":"Polygon","coordinates":[[[-68.2868,-33.4782],[-68.6,-33.488],[-68.5638,-33.7333],[-68.9989,-33.5426],[-69.004,-33.6107],[-69.0541,-33.6423],[-69.0662,-33.6664],[-69.1835,-33.7322],[-69.1903,-33.7465],[-69.2217,-33.7659],[-69.2266,-33.7767],[-69.2685,-33.7752],[-69.3053,-33.7902],[-69.3343,-33.8179],[-69.341,-33.8549],[-69.3583,-33.8648],[-69.4682,-33.8502],[-69.505,-33.872],[-69.5321,-33.8724],[-69.538,-33.8815],[-69.5507,-33.8831],[-69.5659,-33.8663],[-69.6129,-33.8545],[-69.6704,-33.8523],[-69.6819,-33.8674],[-69.6964,-33.8714],[-69.752,-33.852],[-69.7819,-33.8663],[-69.8151,-33.8674],[-69.8679,-33.8414],[-69.8967,-33.8368],[-69.899,-33.8473],[-69.8734,-33.8608],[-69.8555,-33.8921],[-69.8901,-33.9195],[-69.9055,-33.9652],[-69.8835,-33.9767],[-69.8731,-33.9642],[-69.8542,-33.9637],[-69.8392,-34.0069],[-69.8214,-34.0152],[-69.854,-34.0563],[-69.8474,-34.0687],[-69.8321,-34.0721],[-69.8341,-34.0882],[-69.8598,-34.1046],[-69.8558,-34.1157],[-69.8733,-34.1311],[-69.8153,-34.1779],[-69.7967,-34.2105],[-69.8072,-34.2484],[-69.8236,-34.2491],[-69.8297,-34.2574],[-69.8544,-34.2569],[-69.8726,-34.2676],[-69.897,-34.2659],[-69.8985,-34.2854],[-69.9099,-34.2921],[-69.9403,-34.2802],[-69.9685,-34.2507],[-69.9809,-34.2531],[-69.9545,-34.2937],[-69.9074,-34.3345],[-69.907,-34.3354],[-69.7941,-34.4045],[-69.7718,-34.4663],[-69.7555,-34.4793],[-69.7136,-34.4804],[-69.6852,-34.4939],[-69.6027,-34.5572],[-69.595,-34.5772],[-69.5515,-34.6089],[-69.5296,-34.6426],[-69.5115,-34.6511],[-69.472,-34.6918],[-69.4286,-34.7016],[-69.3658,-34.6914],[-69.3139,-34.664],[-69.1622,-34.6326],[-69.1366,-34.6223],[-69.1305,-34.6106],[-69.1129,-34.6127],[-69.0917,-34.5827],[-69.0532,-34.5812],[-69.0042,-34.3205],[-68.8096,-34.3706],[-68.7511,-34.2589],[-68.7155,-34.2634],[-68.6514,-34.2385],[-68.6206,-34.244],[-68.5839,-34.2373],[-68.5477,-34.2211],[-68.5245,-34.221],[-68.5129,-34.2107],[-68.4967,-34.2177],[-68.4508,-34.2121],[-68.4543,-34.0414],[-68.4169,-34.0377],[-68.3783,-34.0236],[-68.3643,-34.0282],[-68.3264,-34.0177],[-68.2917,-34.02],[-68.2868,-33.4782]]]}},
{"type":"Feature","properties":{"name":"San Martín","georefId":"50098","provinciaGeorefId":"50","tipo":"Departamento"},"geometry":{"type":"Polygon","coordinates":[[[-67.9568,-32.837],[-67.9593,-32.7204],[-68.3054,-32.7164],[-68.3282,-32.7227],[-68.3624,-32.7648],[-68.3866,-32.7817],[-68.3943,-32.7799],[-68.4253,-32.8018],[-68.4401,-32.7944],[-68.4479,-32.8174],[-68.461,-32.8233],[-68.4581,-32.8307],[-68.4698,-32.8395],[-68.4698,-32.8585],[-68.4533,-32.8625],[-68.456,-32.8691],[-68.4791,-32.932],[-68.4922,-32.938],[-68.4984,-32.9555],[-68.5308,-32.9736],[-68.5728,-33.0476],[-68.5826,-33.0755],[-68.5773,-33.0867],[-68.5639,-33.0731],[-68.5485,-33.0839],[-68.5418,-33.0881],[-68.5097,-33.1013],[-68.5072,-33.1084],[-68.4898,-33.0884],[-68.4314,-33.1042],[-68.4307,-33.1147],[-68.3521,-33.1511],[-68.3542,-33.1563],[-68.2826,-33.1959],[-68.2826,-33.0566],[-68.1863,-33.0003],[-68.1256,-33.0001],[-68.1231,-32.8387],[-67.9568,-32.837]]]}},
{"type":"Feature","properties":{"name":"San Rafael","georefId":"50105","provinciaGeorefId":"50","tipo":"Departamento"},"geometry":{"type":"Polygon","coordinates":[[[-67.1552,-34.2959],[-67.1516,-34.1105],[-67.5012,-34.1013],[-67.5645,-34.1019],[-67.6478,-34.2011],[-68.0132,-34.2054],[-68.024,-34.1997],[-68.1023,-34.2133],[-68.1485,-34.2074],[-68.1716,-34.2114],[-68.1951,-34.2034],[-68.2028,-34.2069],[-68.2462,-34.1796],[-68.3017,-34.1728],[-68.3502,-34.1809],[-68.3697,-34.1959],[-68.3954,-34.1997],[-68.4087,-34.2178],[-68.4247,-34.2224],[-68.4508,-34.2121],[-68.4967,-34.2177],[-68.5129,-34.2107],[-68.5245,-34.221],[-68.5477,-34.2211],[-68.5839,-34.2373],[-68.6206,-34.244],[-68.6514,-34.2385],[-68.7155,-34.2634],[-68.7511,-34.2589],[-68.8096,-34.3706],[-69.0042,-34.3205],[-69.0532,-34.5812],[-69.0917,-34.5827],[-69.1129,-34.6127],[-69.1305,-34.6106],[-69.1366,-34.6223],[-69.1622,-34.6326],[-69.3139,-34.664],[-69.3658,-34.6914],[-69.4286,-34.7016],[-69.472,-34.6918],[-69.5115,-34.6511],[-69.5296,-34.6426],[-69.5515,-34.6089],[-69.595,-34.5772],[-69.6027,-34.5572],[-69.6852,-34.4939],[-69.7136,-34.4804],[-69.7555,-34.4793],[-69.7718,-34.4663],[-69.7941,-34.4045],[-69.907,-34.3354],[-69.9074,-34.3345],[-69.9545,-34.2937],[-69.9809,-34.2531],[-69.9868,-34.2609],[-70.0116,-34.267],[-70.0323,-34.2913],[-70.0147,-34.3354],[-70.0242,-34.3737],[-70.0094,-34.3935],[-70.0123,-34.4119],[-70.0303,-34.4244],[-70.0418,-34.4234],[-70.0541,-34.4485],[-70.0824,-34.4726],[-70.1017,-34.4821],[-70.1154,-34.4759],[-70.1294,-34.4856],[-70.1444,-34.5329],[-70.1745,-34.5704],[-70.1946,-34.5797],[-70.1906,-34.5893],[-70.205,-34.5958],[-70.1998,-34.6019],[-70.217,-34.6107],[-70.2243,-34.6409],[-70.2144,-34.6605],[-70.2159,-34.6834],[-70.2424,-34.6897],[-70.1823,-34.707],[-70.1466,-34.7427],[-70.1459,-34.7429],[-70.0893,-34.7491],[-70.014,-34.8096],[-69.9449,-34.8366],[-69.9055,-34.8642],[-69.8762,-34.8726],[-69.8571,-34.8903],[-69.668,-34.9795],[-69.6472,-34.9985],[-69.6453,-35.0244],[-69.6099,-35.0856],[-69.5826,-35.0967],[-69.5693,-35.1107],[-69.5644,-35.1373],[-69.547,-35.1651],[-69.5532,-35.1867],[-69.5417,-35.1956],[-69.5401,-35.2116],[-69.5138,-35.2292],[-69.4622,-35.2497],[-69.3489,-35.2753],[-69.3183,-35.2632],[-69.2743,-35.2579],[-68.746,-35.3694],[-68.487,-35.5811],[-68.2923,-35.9976],[-68.2722,-35.9976],[-67.2492,-35.9992],[-67.1949,-35.9993],[-67.1949,-35.9992],[-67.1948,-35.9988],[-67.1939,-35.9891],[-67.2382,-35.9252],[-67.2353,-35.9132],[-67.2539,-35.8986],[-67.261,-35.8765],[-67.2839,-35.8496],[-67.2859,-35.8334],[-67.3057,-35.8314],[-67.3364,-35.8082],[-67.3403,-35.7946],[-67.3699,-35.7765],[-67.379,-35.7563],[-67.3934,-35.7464],[-67.3967,-35.7293],[-67.4157,-35.7228],[-67.4138,-35.6832],[-67.4041,-35.6818],[-67.413,-35.6567],[-67.4302,-35.6485],[-67.43,-35.6345],[-67.4787,-35.5914],[-67.4798,-35.5644],[-67.49,-35.5513],[-67.5067,-35.5507],[-67.5432,-35.4835],[-67.5678,-35.4739],[-67.5725,-35.4607],[-67.5935,-35.4569],[-67.624,-35.4057],[-67.6345,-35.3933],[-67.6416,-35.3971],[-67.6477,-35.3917],[-67.6531,-35.3743],[-67.6443,-35.3536],[-67.6552,-35.3379],[-67.6451,-35.3166],[-67.6717,-35.2965],[-67.6663,-35.2863],[-67.6803,-35.2698],[-67.6807,-35.2538],[-67.7146,-35.2413],[-67.7069,-35.2238],[-67.7151,-35.2214],[-67.7136,-35.2083],[-67.7321,-35.2059],[-67.7263,-35.1828],[-67.712,-35.1758],[-67.7277,-35.1651],[-67.7214,-35.1583],[-67.7301,-35.1496],[-67.7193,-35.1458],[-67.713,-35.1285],[-67.7186,-35.1238],[-67.7086,-35.1052],[-67.7187,-35.0984],[-67.6994,-35.0852],[-67.7121,-35.0552],[-67.6976,-35.0367],[-67.7082,-35.0287],[-67.697,-35.0277],[-67.6932,-35.0142],[-67.709,-35.0047],[-67.7227,-34.9699],[-67.682,-34.7747],[-67.6848,-34.7315],[-67.6658,-34.6247],[-67.6342,-34.5664],[-67.64,-34.5361],[-67.6275,-34.5279],[-67.5778,-34.5398],[-67.5599,-34.5328],[-67.4852,-34.5562],[-67.453,-34.549],[-67.4273,-34.559],[-67.3874,-34.5406],[-67.3373,-34.5501],[-67.3211,-34.5388],[-67.2846,-34.5378],[-67.2582,-34.5472],[-67.2486,-34.5438],[-67.2412,-34.5526],[-67.2267,-34.5492],[-67.2056,-34.5661],[-67.1528,-34.5593],[-67.1463,-34.5675],[-67.1039,-34.5637],[-67.0791,-34.5747],[-67.0583,-34.5552],[-67.0174,-34.5584],[-66.9964,-34.5462],[-66.943,-34.5369],[-66.9225,-34.5236],[-66.9218,-34.5156],[-66.9018,-34.5181],[-66.8907,-34.506],[-66.8697,-34.5127],[-66.8458,-34.4925],[-66.815,-34.4902],[-66.8048,-34.4963],[-66.7939,-34.4912],[-66.771,-34.5124],[-66.7564,-34.512],[-66.7565,-34.5117],[-66.7638,-34.4969],[-66.752,-34.4565],[-66.7574,-34.4345],[-66.79,-34.4203],[-66.7953,-34.4114],[-66.7752,-34.41],[-66.776,-34.3937],[-66.7653,-34.3892],[-66.7642,-34.3791],[-66.7869,-34.3777],[-66.7952,-34.3557],[-66.8119,-34.3451],[-66.7995,-34.3357],[-66.8028,-34.3057],[-66.7759,-34.2977],[-66.7767,-34.2977],[-66.7775,-34.2977],[-66.8607,-34.2973],[-67.1552,-34.2959]]]}},
{"type":"Feature","properties":{"name":"Santa Rosa","georefId":"50112","provinciaGeorefId":"50","tipo":"Departamento"},"geometry":{"type":"Polygon","coordinates":[[[-67.5815,-33.0533],[-67.7989,-33.0231],[-67.9587,-33.0108],[-67.9568,-32.837],[-68.1231,-32.8387],[-68.1256,-33.0001],[-68.1863,-33.0003],[-68.2826,-33.0566],[-68.2826,-33.1959],[-68.268,-33.2031],[-68.2865,-33.2198],[-68.2865,-33.233],[-68.2867,-33.2392],[-68.2866,-33.2487],[-68.2868,-33.4782],[-68.2917,-34.02],[-68.3264,-34.0177],[-68.3643,-34.0282],[-68.3783,-34.0236],[-68.4169,-34.0377],[-68.4543,-34.0414],[-68.4508,-34.2121],[-68.4247,-34.2224],[-68.4087,-34.2178],[-68.3954,-34.1997],[-68.3697,-34.1959],[-68.3502,-34.1809],[-68.3017,-34.1728],[-68.2462,-34.1796],[-68.2028,-34.2069],[-68.1951,-34.2034],[-68.1716,-34.2114],[-68.1485,-34.2074],[-68.1023,-34.2133],[-68.024,-34.1997],[-68.0132,-34.2054],[-67.6478,-34.2011],[-67.5645,-34.1019],[-67.5012,-34.1013],[-67.5063,-33.7679],[-67.705,-33.7731],[-67.7096,-33.4508],[-67.7181,-33.4461],[-67.6689,-33.348],[-67.6561,-33.348],[-67.5815,-33.0533]]]}},
{"type":"Feature","properties":{"name":"Tunuyán","georefId":"50119","provinciaGeorefId":"50","tipo":"Departamento"},"geometry":{"type":"Polygon","coordinates":[[[-68.9989,-33.5426],[-69.0307,-33.5438],[-69.0588,-33.5245],[-69.2361,-33.4714],[-69.3758,-33.4018],[-69.7217,-33.3648],[-69.7664,-33.3599],[-69.77,-33.3595],[-69.7864,-33.3918],[-69.8155,-33.3899],[-69.7994,-33.4042],[-69.7961,-33.4233],[-69.8195,-33.4301],[-69.8151,-33.4692],[-69.8295,-33.4763],[-69.8348,-33.5157],[-69.8722,-33.5395],[-69.8653,-33.583],[-69.8809,-33.6186],[-69.8747,-33.624],[-69.8782,-33.6463],[-69.8702,-33.6516],[-69.8803,-33.6596],[-69.8849,-33.6832],[-69.8646,-33.7168],[-69.9046,-33.7709],[-69.8937,-33.7912],[-69.8967,-33.8368],[-69.8679,-33.8414],[-69.8151,-33.8674],[-69.7819,-33.8663],[-69.752,-33.852],[-69.6964,-33.8714],[-69.6819,-33.8674],[-69.6704,-33.8523],[-69.6129,-33.8545],[-69.5659,-33.8663],[-69.5507,-33.8831],[-69.538,-33.8815],[-69.5321,-33.8724],[-69.505,-33.872],[-69.4682,-33.8502],[-69.3583,-33.8648],[-69.341,-33.8549],[-69.3343,-33.8179],[-69.3053,-33.7902],[-69.2685,-33.7752],[-69.2266,-33.7767],[-69.2217,-33.7659],[-69.1903,-33.7465],[-69.1835,-33.7322],[-69.0662,-33.6664],[-69.0541,-33.6423],[-69.004,-33.6107],[-68.9989,-33.5426]]]}},
{"type":"Feature","properties":{"name":"Tupungato","georefId":"50126","provinciaGeorefId":"50","tipo":"Departamento"},"geometry":{"type":"Polygon","coordinates":[[[-68.8035,-33.3947],[-68.8367,-33.3683],[-68.9219,-33.3392],[-68.9071,-33.2908],[-68.916,-33.2941],[-68.9964,-33.2716],[-69.0147,-33.2541],[-69.0482,-33.2444],[-69.1091,-33.1999],[-69.1427,-33.1918],[-69.1689,-33.1487],[-69.2151,-33.1005],[-69.2567,-33.0718],[-69.2746,-33.063],[-69.3417,-33.0552],[-69.3845,-33.0632],[-69.4163,-33.0446],[-69.4406,-33.0076],[-69.5002,-33.0201],[-69.5164,-33.0356],[-69.7614,-33.3333],[-69.7692,-33.3428],[-69.77,-33.3595],[-69.7664,-33.3599],[-69.7217,-33.3648],[-69.3758,-33.4018],[-69.2361,-33.4714],[-69.0588,-33.5245],[-69.0307,-33.5438],[-68.9989,-33.5426],[-68.9876,-33.5377],[-68.9806,-33.4967],[-68.9452,-33.4747],[-68.8844,-33.4566],[-68.8727,-33.4444],[-68.8766,-33.4351],[-68.8574,-33.4198],[-68.8313,-33.4061],[-68.8153,-33.4091],[-68.8035,-33.3947]]]}},
{"type":"Feature","properties":{"name":"Apóstoles","georefId":"54007","provinciaGeorefId":"54","tipo":"Departamento"},"geometry":{"type":"Polygon","coordinates":[[[-55.6185,-27.6966],[-55.6222,-27.7143],[-55.6644,-27.7108],[-55.6701,-27.7504],[-55.7036,-27.7443],[-55.7027,-27.7377],[-55.7282,-27.7138],[-55.7531,-27.717],[-55.775,-27.6904],[-55.7833,-27.7143],[-55.7795,-27.733],[-55.7951,-27.7418],[-55.8035,-27.7374],[-55.8023,-27.7463],[-55.8512,-27.7579],[-55.8508,-27.7584],[-55.8255,-27.7917],[-55.836,-27.7999],[-55.8372,-27.8221],[-55.8463,-27.8324],[-55.8271,-27.8546],[-55.836,-27.8895],[-55.8316,-27.9045],[-55.8141,-27.9187],[-55.8207,-27.9499],[-55.8206,-27.95],[-55.7769,-27.9934],[-55.7761,-28.0091],[-55.7616,-28.0127],[-55.761,-28.0219],[-55.7494,-28.0271],[-55.7585,-28.0604],[-55.7306,-28.0665],[-55.7223,-28.0614],[-55.7222,-28.0614],[-55.7217,-28.0614],[-55.7214,-28.0615],[-55.7212,-28.0611],[-55.7136,-28.0669],[-55.7124,-28.0883],[-55.7032,-28.094],[-55.6937,-28.0899],[-55.6551,-28.1154],[-55.6432,-28.1314],[-55.6202,-28.1375],[-55.6116,-28.1185],[-55.5882,-28.1187],[-55.5912,-28.1045],[-55.5788,-28.1067],[-55.562,-28.0822],[-55.5666,-28.0642],[-55.555,-28.0397],[-55.5654,-27.9642],[-55.5783,-27.9451],[-55.633,-27.9443],[-55.5574,-27.8347],[-55.5243,-27.7611],[-55.5026,-27.7627],[-55.4953,-27.7091],[-55.6185,-27.6966]]]}},
{"type":"Feature","properties":{"name":"Cainguás","georefId":"54014","provinciaGeorefId":"54","tipo":"Departamento"},"geometry":{"type":"Polygon","coordinates":[[[-54.5125,-27.2613],[-54.5157,-27.2539],[-54.5071,-27.2479],[-54.5205,-27.2493],[-54.5256,-27.2348],[-54.511,-27.2254],[-54.5275,-27.2262],[-54.5289,-27.2194],[-54.5184,-27.2235],[-54.5289,-27.2096],[-54.5043,-27.1925],[-54.5134,-27.1759],[-54.4939,-27.1764],[-54.503,-27.1553],[-54.49,-27.1534],[-54.4945,-27.1493],[-54.4861,-27.142],[-54.4956,-27.1315],[-54.4865,-27.1294],[-54.4929,-27.1198],[-54.4865,-27.1174],[-54.489,-27.109],[-54.4989,-27.0908],[-54.5419,-27.0913],[-54.6129,-26.9334],[-54.6649,-26.9546],[-54.6599,-26.9668],[-54.703,-26.9793],[-54.7201,-26.9364],[-54.7569,-26.9466],[-54.7277,-27.0454],[-54.7423,-27.0507],[-54.7607,-27.0517],[-54.7814,-27.0279],[-54.7867,-27.0079],[-54.7994,-27.0103],[-54.7978,-27.0055],[-54.8138,-27.0031],[-54.8145,-26.9892],[-54.8454,-26.9955],[-54.8863,-26.9815],[-54.8847,-26.9873],[-54.9019,-26.9897],[-54.8996,-27.0012],[-54.883,-27.0055],[-54.8825,-27.0443],[-54.8918,-27.0576],[-54.8852,-27.0766],[-54.8984,-27.0856],[-54.919,-27.0846],[-54.9284,-27.0931],[-54.9352,-27.0879],[-54.9369,-27.0946],[-54.9494,-27.0918],[-54.9676,-27.1023],[-54.9862,-27.0781],[-55.0008,-27.0684],[-55.0113,-27.0703],[-55.0121,-27.0621],[-55.0996,-27.0626],[-55.1016,-27.1824],[-55.0783,-27.191],[-54.938,-27.3706],[-54.9226,-27.3612],[-54.9252,-27.3525],[-54.8342,-27.3872],[-54.8207,-27.3854],[-54.8339,-27.3571],[-54.8156,-27.3594],[-54.8225,-27.3455],[-54.8123,-27.3395],[-54.8258,-27.3277],[-54.8147,-27.3321],[-54.8176,-27.3232],[-54.8328,-27.3174],[-54.8268,-27.3108],[-54.8153,-27.3126],[-54.8251,-27.304],[-54.8176,-27.2971],[-54.8345,-27.2773],[-54.8174,-27.27],[-54.8224,-27.2629],[-54.8332,-27.2644],[-54.8354,-27.2483],[-54.7013,-27.2157],[-54.7168,-27.163],[-54.6093,-27.1635],[-54.6129,-27.1686],[-54.6027,-27.1789],[-54.6159,-27.1839],[-54.6197,-27.1967],[-54.6122,-27.2036],[-54.6237,-27.2041],[-54.6261,-27.2116],[-54.6035,-27.2133],[-54.6126,-27.2206],[-54.6042,-27.2247],[-54.5928,-27.2195],[-54.605,-27.2401],[-54.5814,-27.2538],[-54.5987,-27.2603],[-54.5941,-27.2685],[-54.5841,-27.2751],[-54.5125,-27.2613]]]}},
{"type":"Feature","properties":{"name":"Candelaria","georefId":"54021","provinciaGeorefId":"54","tipo":"Departamento"},"geometry":{"type":"Polygon","coordinates":[[[-55.2891,-27.4057],[-55.3058,-27.4061],[-55.3145,-27.3942],[-55.3117,-27.383],[-55.3259,-27.3948],[-55.3251,-27.4034],[-55.3629,-27.4008],[-55.3477,-27.3956],[-55.3563,-27.3816],[-55.3675,-27.3902],[-55.3878,-27.3901],[-55.3807,-27.3789],[-55.3949,-27.3819],[-55.3933,-27.3732],[-55.4037,-27.3692],[-55.417,-27.3823],[-55.4093,-27.3823],[-55.4093,-27.3896],[-55.4349,-27.3805],[-55.4394,-27.3855],[-55.4327,-27.3959],[-55.4474,-27.3932],[-55.4442,-27.3856],[-55.4595,-27.3831],[-55.463,-27.3734],[-55.4954,-27.3655],[-55.492,-27.3469],[-55.4794,-27.3418],[-55.4863,-27.322],[-55.4761,-27.3216],[-55.4878,-27.3052],[-55.5004,-27.3117],[-55.5057,-27.2983],[-55.5287,-27.2947],[-55.5283,-27.2885],[-55.5139,-27.2853],[-55.5196,-27.2803],[-55.536,-27.2865],[-55.5401,-27.296],[-55.5625,-27.2978],[-55.5876,-27.3133],[-55.5961,-27.3392],[-55.6833,-27.3788],[-55.7328,-27.4431],[-55.7734,-27.4443],[-55.7946,-27.4341],[-55.8188,-27.4742],[-55.8148,-27.4795],[-55.8067,-27.4756],[-55.7872,-27.4934],[-55.7876,-27.5563],[-55.8061,-27.5688],[-55.8013,-27.5777],[-55.7269,-27.5892],[-55.7244,-27.6078],[-55.6824,-27.6026],[-55.6855,-27.5912],[-55.6786,-27.5913],[-55.6623,-27.6209],[-55.6417,-27.6276],[-55.5611,-27.5749],[-55.5778,-27.5511],[-55.5172,-27.5162],[-55.5004,-27.5393],[-55.3663,-27.4616],[-55.2825,-27.4146],[-55.2891,-27.4057]]]}},
{"type":"Feature","properties":{"name":"Capital","georefId":"54028","provinciaGeorefId":"54","tipo":"Departamento"},"geometry":{"type":"Polygon","coordinates":[[[-55.7946,-27.4341],[-55.8101,-27.4177],[-55.8389,-27.4075],[-55.8684,-27.3642],[-55.8933,-27.344],[-55.9789,-27.3551],[-56.0243,-27.3243],[-56.0305,-27.3303],[-56.025,-27.3392],[-56.0397,-27.3468],[-56.0289,-27.3829],[-56.0432,-27.405],[-56.0369,-27.4152],[-56.0554,-27.4207],[-56.0546,-27.4509],[-56.0372,-27.4686],[-56.0266,-27.5073],[-55.9789,-27.5402],[-55.9542,-27.5823],[-55.8889,-27.6936],[-55.8512,-27.7579],[-55.8023,-27.7463],[-55.8035,-27.7374],[-55.7951,-27.7418],[-55.7795,-27.733],[-55.7833,-27.7143],[-55.775,-27.6904],[-55.7531,-27.717],[-55.7282,-27.7138],[-55.7027,-27.7377],[-55.7036,-27.7443],[-55.6701,-27.7504],[-55.6644,-27.7108],[-55.6222,-27.7143],[-55.6185,-27.6966],[-55.6127,-27.6453],[-55.6583,-27.6399],[-55.6623,-27.6209],[-55.6786,-27.5913],[-55.6855,-27.5912],[-55.6824,-27.6026],[-55.7244,-27.6078],[-55.7269,-27.5892],[-55.8013,-27.5777],[-55.8061,-27.5688],[-55.7876,-27.5563],[-55.7872,-27.4934],[-55.8067,-27.4756],[-55.8148,-27.4795],[-55.8188,-27.4742],[-55.7946,-27.4341]]]}},
{"type":"Feature","properties":{"name":"Concepción","georefId":"54035","provinciaGeorefId":"54","tipo":"Departamento"},"geometry":{"type":"Polygon","coordinates":[[[-55.5882,-28.1187],[-55.5878,-28.1461],[-55.5599,-28.1642],[-55.5508,-28.1586],[-55.5401,-28.1228],[-55.5131,-28.1139],[-55.4955,-28.0792],[-55.4834,-28.0776],[-55.4611,-28.0974],[-55.445,-28.0972],[-55.4228,-28.061],[-55.3705,-28.0285],[-55.3836,-27.9812],[-55.339,-27.9663],[-55.3322,-27.9327],[-55.3167,-27.9226],[-55.3712,-27.7768],[-55.5026,-27.7627],[-55.5243,-27.7611],[-55.5574,-27.8347],[-55.633,-27.9443],[-55.5783,-27.9451],[-55.5654,-27.9642],[-55.555,-28.0397],[-55.5666,-28.0642],[-55.562,-28.0822],[-55.5788,-28.1067],[-55.5912,-28.1045],[-55.5882,-28.1187]]]}},
{"type":"Feature","properties":{"name":"Eldorado","georefId":"54042","provinciaGeorefId":"54","tipo":"Departamento"},"geometry":{"type":"Polygon","coordinates":[[[-54.1532,-26.1427],[-54.3211,-26.1424],[-54.4326,-26.1214],[-54.4343,-26.154],[-54.4382,-26.1476],[-54.4524,-26.1494],[-54.4558,-26.1275],[-54.464,-26.1264],[-54.4762,-26.1499],[-54.4853,-26.1421],[-54.485,-26.1563],[-54.4918,-26.1589],[-54.5015,-26.1501],[-54.5135,-26.1566],[-54.5168,-26.1615],[-54.5081,-26.1655],[-54.5183,-26.1657],[-54.5187,-26.1732],[-54.5313,-26.1609],[-54.5259,-26.1543],[-54.5459,-26.1598],[-54.5397,-26.1486],[-54.5463,-26.1411],[-54.5632,-26.1439],[-54.5698,-26.1378],[-54.5722,-26.1486],[-54.5867,-26.1324],[-54.5944,-26.1371],[-54.589,-26.1546],[-54.6024,-26.1507],[-54.6013,-26.1618],[-54.6179,-26.1487],[-54.6251,-26.1651],[-54.6338,-26.1499],[-54.6402,-26.1509],[-54.6472,-26.184],[-54.6225,-26.2016],[-54.6185,-26.2165],[-54.6786,-26.2625],[-54.6776,-26.2753],[-54.6494,-26.2985],[-54.6476,-26.3115],[-54.6966,-26.3777],[-54.6984,-26.4283],[-54.708,-26.4516],[-54.6748,-26.4619],[-54.6574,-26.4564],[-54.6701,-26.4706],[-54.6577,-26.4753],[-54.6575,-26.4939],[-54.6427,-26.4971],[-54.6306,-26.5129],[-54.6222,-26.508],[-54.629,-26.4896],[-54.6038,-26.5038],[-54.6046,-26.4848],[-54.5874,-26.4852],[-54.5851,-26.4669],[-54.5666,-26.471],[-54.556,-26.4567],[-54.5549,-26.4822],[-54.5507,-26.4754],[-54.5361,-26.4753],[-54.5388,-26.4897],[-54.5264,-26.4857],[-54.5157,-26.5069],[-54.4913,-26.4971],[-54.4819,-26.5114],[-54.4863,-26.5197],[-54.4648,-26.5204],[-54.4565,-26.5113],[-54.4428,-26.5245],[-54.4441,-26.5022],[-54.4277,-26.5138],[-54.4192,-26.5088],[-54.4199,-26.4951],[-54.4133,-26.497],[-54.4102,-26.529],[-54.405,-26.5059],[-54.3849,-26.5068],[-54.367,-26.4728],[-54.3682,-26.4963],[-54.3537,-26.4925],[-54.3532,-26.482],[-54.346,-26.484],[-54.3492,-26.5044],[-54.3286,-26.5023],[-54.3385,-26.4907],[-54.3294,-26.4949],[-54.3124,-26.4877],[-54.305,-26.5006],[-54.2969,-26.487],[-54.2772,-26.5051],[-54.278,-26.4811],[-54.2689,-26.4833],[-54.2647,-26.4559],[-54.2646,-26.4496],[-54.2646,-26.4494],[-54.1741,-26.4504],[-54.1694,-26.268],[-54.1685,-26.2154],[-54.1532,-26.1427]]]}},
{"type":"Feature","properties":{"name":"General Manuel Belgrano","georefId":"54049","provinciaGeorefId":"54","tipo":"Departamento"},"geometry":{"type":"Polygon","coordinates":[[[-53.7135,-26.4686],[-53.7047,-26.4634],[-53.6983,-26.4694],[-53.7041,-26.4415],[-53.6869,-26.4407],[-53.6884,-26.4281],[-53.6938,-26.4301],[-53.6984,-26.4157],[-53.7054,-26.4164],[-53.6966,-26.4021],[-53.71,-26.3877],[-53.7014,-26.389],[-53.7013,-26.3665],[-53.6901,-26.36],[-53.6964,-26.3553],[-53.6894,-26.3539],[-53.6858,-26.3354],[-53.6711,-26.3307],[-53.6738,-26.3237],[-53.6453,-26.2856],[-53.6464,-26.2492],[-53.6374,-26.2497],[-53.6535,-26.235],[-53.6413,-26.2139],[-53.6531,-26.2055],[-53.6506,-26.1944],[-53.7001,-26.1528],[-53.7103,-26.1306],[-53.7406,-26.1178],[-53.7396,-26.0819],[-53.7269,-26.0649],[-53.7345,-26.0426],[-53.7461,-26.045],[-53.753,-26.0377],[-53.7551,-26.0426],[-53.7568,-26.0323],[-53.7716,-26.0315],[-53.7808,-26.0219],[-53.7803,-26.0085],[-53.8051,-25.9956],[-53.8029,-25.9846],[-53.8179,-25.99],[-53.82,-25.9819],[-53.8138,-25.9801],[-53.8368,-25.9701],[-53.8281,-25.9636],[-53.8399,-25.954],[-53.8429,-25.9337],[-53.8332,-25.9314],[-53.8338,-25.9206],[-53.8206,-25.9276],[-53.8188,-25.9126],[-53.8352,-25.9118],[-53.8196,-25.8984],[-53.8499,-25.8838],[-53.8234,-25.8721],[-53.8363,-25.8692],[-53.8318,-25.8592],[-53.8449,-25.8571],[-53.8344,-25.8501],[-53.8419,-25.8391],[-53.8501,-25.8396],[-53.8354,-25.8253],[-53.8384,-25.8159],[-53.8196,-25.8162],[-53.8285,-25.8085],[-53.8221,-25.7933],[-53.8433,-25.7907],[-53.831,-25.7807],[-53.8571,-25.7661],[-53.8341,-25.7513],[-53.8494,-25.7409],[-53.8663,-25.7442],[-53.859,-25.7233],[-53.8793,-25.7078],[-53.8656,-25.7054],[-53.8723,-25.6934],[-53.8515,-25.7062],[-53.8553,-25.6916],[-53.8425,-25.6873],[-53.8569,-25.6831],[-53.8624,-25.6587],[-53.8762,-25.6542],[-53.89,-25.6613],[-53.8764,-25.6451],[-53.895,-25.6432],[-53.8926,-25.6223],[-53.9122,-25.6363],[-53.9144,-25.6287],[-53.9213,-25.6299],[-53.9166,-25.6162],[-53.9328,-25.6226],[-53.9478,-25.6115],[-53.9541,-25.6239],[-53.9446,-25.6314],[-53.9477,-25.6402],[-53.9517,-25.6471],[-53.9623,-25.6435],[-53.9654,-25.6127],[-53.9781,-25.6103],[-53.9701,-25.601],[-54.0164,-25.5637],[-54.0491,-25.5854],[-54.0811,-25.5582],[-54.0897,-25.6123],[-54.102,-25.6171],[-54.1237,-25.567],[-54.094,-25.5148],[-54.0995,-25.495],[-54.1246,-25.5049],[-54.1643,-25.5423],[-54.1625,-25.6979],[-54.1966,-26.1034],[-54.1537,-26.118],[-54.1532,-26.1427],[-54.1685,-26.2154],[-54.1694,-26.268],[-54.1647,-26.268],[-54.0585,-26.2681],[-53.9869,-26.2681],[-53.9867,-26.2167],[-53.9492,-26.2208],[-53.9474,-26.2371],[-53.8867,-26.2474],[-53.8821,-26.2806],[-53.8902,-26.2837],[-53.8764,-26.2982],[-53.8741,-26.3177],[-53.8816,-26.3285],[-53.869,-26.336],[-53.8711,-26.3411],[-53.8518,-26.3447],[-53.8451,-26.3398],[-53.8462,-26.3463],[-53.8367,-26.3462],[-53.83,-26.3344],[-53.7474,-26.3347],[-53.7708,-26.3883],[-53.7314,-26.45],[-53.7135,-26.4686]]]}},
{"type":"Feature","properties":{"name":"Guaraní","georefId":"54056","provinciaGeorefId":"54","tipo":"Departamento"},"geometry":{"type":"Polygon","coordinates":[[[-53.9336,-27.1563],[-53.9335,-27.1423],[-53.9128,-27.1483],[-53.8964,-27.1358],[-53.9242,-27.1234],[-53.9142,-27.1258],[-53.9038,-27.1164],[-53.8895,-27.1207],[-53.8757,-27.111],[-53.9079,-27.0965],[-53.8888,-27.092],[-53.9021,-27.0795],[-53.8842,-27.058],[-53.8932,-27.0549],[-53.9009,-27.0704],[-53.908,-27.07],[-53.9203,-27.0438],[-53.9242,-27.0603],[-53.945,-27.0642],[-53.9344,-27.0514],[-53.9361,-27.0355],[-53.9654,-27.0522],[-53.9667,-27.0341],[-53.9789,-27.0285],[-53.9759,-27.0191],[-53.9819,-27.0157],[-54.0052,-27.0251],[-54.019,-27.0074],[-53.9968,-27.0092],[-53.994,-27.0016],[-54.0047,-26.9931],[-53.9966,-26.9834],[-53.9996,-26.9795],[-54.0196,-26.9926],[-54.028,-26.9814],[-54.0163,-26.9799],[-54.0137,-26.9625],[-54.0219,-26.9483],[-54.0345,-26.9436],[-54.0299,-26.9361],[-54.0174,-26.9405],[-54.0069,-26.9358],[-54.0202,-26.9209],[-54.0213,-26.9037],[-54.0351,-26.9105],[-54.0335,-26.8977],[-54.0488,-26.9034],[-54.0441,-26.8853],[-54.0636,-26.8758],[-54.077,-26.8893],[-54.0757,-26.8701],[-54.0911,-26.8686],[-54.0982,-26.8601],[-54.0839,-26.8498],[-54.087,-26.8403],[-54.0943,-26.8465],[-54.1035,-26.8404],[-54.1051,-26.8205],[-54.0983,-26.8158],[-54.1273,-26.8096],[-54.1193,-26.8],[-54.1288,-26.7989],[-54.135,-26.7859],[-54.1327,-26.776],[-54.1233,-26.773],[-54.1342,-26.7681],[-54.133,-26.7609],[-54.1409,-26.7631],[-54.1403,-26.7536],[-54.1321,-26.7546],[-54.1392,-26.7479],[-54.2394,-26.8045],[-54.2357,-26.7878],[-54.2524,-26.7794],[-54.2486,-26.7676],[-54.2649,-26.7466],[-54.2417,-26.725],[-54.2412,-26.7031],[-54.2161,-26.699],[-54.1879,-26.6669],[-54.2669,-26.6395],[-54.4031,-26.7137],[-54.4261,-26.7362],[-54.4344,-26.7311],[-54.4732,-26.7763],[-54.5438,-26.8319],[-54.5239,-26.854],[-54.5683,-26.8947],[-54.5659,-26.9142],[-54.6129,-26.9334],[-54.5419,-27.0913],[-54.4989,-27.0908],[-54.489,-27.109],[-54.4865,-27.1174],[-54.4929,-27.1198],[-54.4865,-27.1294],[-54.4956,-27.1315],[-54.4861,-27.142],[-54.4945,-27.1493],[-54.49,-27.1534],[-54.503,-27.1553],[-54.4939,-27.1764],[-54.5134,-27.1759],[-54.5043,-27.1925],[-54.5289,-27.2096],[-54.5184,-27.2235],[-54.5289,-27.2194],[-54.5275,-27.2262],[-54.511,-27.2254],[-54.5256,-27.2348],[-54.5205,-27.2493],[-54.5071,-27.2479],[-54.5157,-27.2539],[-54.5125,-27.2613],[-54.3518,-27.2329],[-54.3582,-27.2455],[-54.3475,-27.2535],[-54.3637,-27.2526],[-54.3477,-27.2642],[-54.3507,-27.2784],[-54.3221,-27.298],[-54.3317,-27.2989],[-54.3272,-27.3096],[-54.3135,-27.312],[-54.3211,-27.3281],[-54.3102,-27.3396],[-54.316,-27.3536],[-54.3074,-27.3626],[-54.2946,-27.3618],[-54.3077,-27.3735],[-54.3206,-27.3736],[-54.308,-27.3832],[-54.2873,-27.3835],[-54.3158,-27.392],[-54.3056,-27.4009],[-54.2949,-27.3988],[-54.2955,-27.4123],[-54.3191,-27.4135],[-54.2945,-27.4447],[-54.2816,-27.4472],[-54.2678,-27.4371],[-54.2628,-27.3988],[-54.2148,-27.3835],[-54.2116,-27.3458],[-54.1923,-27.3067],[-54.1897,-27.2757],[-54.1733,-27.255],[-54.1573,-27.2618],[-54.1541,-27.2969],[-54.0835,-27.2995],[-54.0551,-27.2637],[-54.0201,-27.2468],[-54.011,-27.2017],[-54.0002,-27.196],[-53.9627,-27.1976],[-53.9599,-27.1602],[-53.9481,-27.1515],[-53.9336,-27.1563]]]}},
{"type":"Feature","properties":{"name":"Iguazú","georefId":"54063","provinciaGeorefId":"54","tipo":"Departamento"},"geometry":{"type":"Polygon","coordinates":[[[-54.1643,-25.5423],[-54.194,-25.5346],[-54.2076,-25.5438],[-54.205,-25.5578],[-54.1747,-25.5728],[-54.1812,-25.5855],[-54.2306,-25.563],[-54.2365,-25.5682],[-54.2352,-25.593],[-54.2505,-25.5977],[-54.2884,-25.5557],[-54.3284,-25.5715],[-54.3473,-25.6061],[-54.3733,-25.5938],[-54.3824,-25.5963],[-54.391,-25.6053],[-54.3948,-25.6376],[-54.4248,-25.658],[-54.4289,-25.6941],[-54.4393,-25.6899],[-54.445,-25.666],[-54.4688,-25.6372],[-54.5,-25.6146],[-54.5277,-25.6283],[-54.5376,-25.618],[-54.5349,-25.5986],[-54.5553,-25.5877],[-54.5949,-25.5974],[-54.5964,-25.6253],[-54.5837,-25.6663],[-54.6021,-25.6692],[-54.6378,-25.6598],[-54.6552,-25.6704],[-54.6575,-25.6876],[-54.636,-25.7323],[-54.6312,-25.7655],[-54.5867,-25.8306],[-54.622,-25.9124],[-54.6202,-25.94],[-54.6067,-25.961],[-54.6107,-25.9778],[-54.6237,-25.9854],[-54.6643,-25.9807],[-54.6788,-25.9947],[-54.6787,-26.0129],[-54.6506,-26.0643],[-54.6431,-26.0936],[-54.6491,-26.1165],[-54.674,-26.1484],[-54.665,-26.1703],[-54.6472,-26.184],[-54.6402,-26.1509],[-54.6338,-26.1499],[-54.6251,-26.1651],[-54.6179,-26.1487],[-54.6013,-26.1618],[-54.6024,-26.1507],[-54.589,-26.1546],[-54.5944,-26.1371],[-54.5867,-26.1324],[-54.5722,-26.1486],[-54.5698,-26.1378],[-54.5632,-26.1439],[-54.5463,-26.1411],[-54.5397,-26.1486],[-54.5459,-26.1598],[-54.5259,-26.1543],[-54.5313,-26.1609],[-54.5187,-26.1732],[-54.5183,-26.1657],[-54.5081,-26.1655],[-54.5168,-26.1615],[-54.5135,-26.1566],[-54.5015,-26.1501],[-54.4918,-26.1589],[-54.485,-26.1563],[-54.4853,-26.1421],[-54.4762,-26.1499],[-54.464,-26.1264],[-54.4558,-26.1275],[-54.4524,-26.1494],[-54.4382,-26.1476],[-54.4343,-26.154],[-54.4326,-26.1214],[-54.3211,-26.1424],[-54.1532,-26.1427],[-54.1537,-26.118],[-54.1966,-26.1034],[-54.1625,-25.6979],[-54.1643,-25.5423]]]}},
{"type":"Feature","properties":{"name":"Leandro N. Alem","georefId":"54070","provinciaGeorefId":"54","tipo":"Departamento"},"geometry":{"type":"Polygon","coordinates":[[[-55.2431,-27.5511],[-55.2364,-27.5456],[-55.2537,-27.5217],[-55.2272,-27.5152],[-55.2596,-27.5122],[-55.2804,-27.4997],[-55.2898,-27.4729],[-55.3019,-27.465],[-55.3149,-27.4672],[-55.3129,-27.478],[-55.3245,-27.4733],[-55.3313,-27.4793],[-55.3365,-27.4766],[-55.3316,-27.4657],[-55.3527,-27.4585],[-55.3594,-27.4662],[-55.3663,-27.4616],[-55.5004,-27.5393],[-55.5172,-27.5162],[-55.5778,-27.5511],[-55.5611,-27.5749],[-55.6417,-27.6276],[-55.6623,-27.6209],[-55.6583,-27.6399],[-55.6127,-27.6453],[-55.6185,-27.6966],[-55.4953,-27.7091],[-55.5026,-27.7627],[-55.3712,-27.7768],[-55.3317,-27.7854],[-55.2906,-27.733],[-55.2731,-27.7447],[-55.1886,-27.7329],[-55.1915,-27.7002],[-55.1658,-27.6982],[-55.1723,-27.6253],[-55.173,-27.6164],[-55.1829,-27.6219],[-55.1835,-27.6128],[-55.2582,-27.5618],[-55.2449,-27.5526],[-55.2431,-27.5511]]]}},
{"type":"Feature","properties":{"name":"Libertador General San Martín","georefId":"54077","provinciaGeorefId":"54","tipo":"Departamento"},"geometry":{"type":"Polygon","coordinates":[[[-54.6649,-26.9546],[-54.8015,-26.6495],[-54.8209,-26.6733],[-54.8347,-26.6731],[-54.8558,-26.6563],[-54.8739,-26.6553],[-54.9195,-26.6682],[-54.9422,-26.6824],[-54.9491,-26.7043],[-54.9442,-26.7527],[-54.9563,-26.7814],[-54.9727,-26.7898],[-55.0218,-26.789],[-55.0575,-26.799],[-55.0931,-26.8367],[-55.1298,-26.8536],[-55.1503,-26.8926],[-55.1301,-26.9359],[-55.134,-26.9477],[-55.2045,-26.9695],[-55.1982,-26.9905],[-55.2075,-26.999],[-55.1767,-26.9991],[-55.1767,-27.0166],[-55.1831,-27.0199],[-55.1649,-27.047],[-55.1542,-27.0468],[-55.1498,-27.0609],[-55.1441,-27.055],[-55.0995,-27.0578],[-55.0996,-27.0626],[-55.0121,-27.0621],[-55.0113,-27.0703],[-55.0008,-27.0684],[-54.9862,-27.0781],[-54.9676,-27.1023],[-54.9494,-27.0918],[-54.9369,-27.0946],[-54.9352,-27.0879],[-54.9284,-27.0931],[-54.919,-27.0846],[-54.8984,-27.0856],[-54.8852,-27.0766],[-54.8918,-27.0576],[-54.8825,-27.0443],[-54.883,-27.0055],[-54.8996,-27.0012],[-54.9019,-26.9897],[-54.8847,-26.9873],[-54.8863,-26.9815],[-54.8454,-26.9955],[-54.8145,-26.9892],[-54.8138,-27.0031],[-54.7978,-27.0055],[-54.7994,-27.0103],[-54.7867,-27.0079],[-54.7814,-27.0279],[-54.7607,-27.0517],[-54.7423,-27.0507],[-54.7277,-27.0454],[-54.7569,-26.9466],[-54.7201,-26.9364],[-54.703,-26.9793],[-54.6599,-26.9668],[-54.6649,-26.9546]]]}},
{"type":"Feature","properties":{"name":"Montecarlo","georefId":"54084","provinciaGeorefId":"54","tipo":"Departamento"},"geometry":{"type":"Polygon","coordinates":[[[-54.2689,-26.4833],[-54.278,-26.4811],[-54.2772,-26.5051],[-54.2969,-26.487],[-54.305,-26.5006],[-54.3124,-26.4877],[-54.3294,-26.4949],[-54.3385,-26.4907],[-54.3286,-26.5023],[-54.3492,-26.5044],[-54.346,-26.484],[-54.3532,-26.482],[-54.3537,-26.4925],[-54.3682,-26.4963],[-54.367,-26.4728],[-54.3849,-26.5068],[-54.405,-26.5059],[-54.4102,-26.529],[-54.4133,-26.497],[-54.4199,-26.4951],[-54.4192,-26.5088],[-54.4277,-26.5138],[-54.4441,-26.5022],[-54.4428,-26.5245],[-54.4565,-26.5113],[-54.4648,-26.5204],[-54.4863,-26.5197],[-54.4819,-26.5114],[-54.4913,-26.4971],[-54.5157,-26.5069],[-54.5264,-26.4857],[-54.5388,-26.4897],[-54.5361,-26.4753],[-54.5507,-26.4754],[-54.5549,-26.4822],[-54.556,-26.4567],[-54.5666,-26.471],[-54.5851,-26.4669],[-54.5874,-26.4852],[-54.6046,-26.4848],[-54.6038,-26.5038],[-54.629,-26.4896],[-54.6222,-26.508],[-54.6306,-26.5129],[-54.6427,-26.4971],[-54.6575,-26.4939],[-54.6577,-26.4753],[-54.6701,-26.4706],[-54.6574,-26.4564],[-54.6748,-26.4619],[-54.708,-26.4516],[-54.7523,-26.4935],[-54.7843,-26.5128],[-54.8005,-26.5361],[-54.8077,-26.561],[-54.7876,-26.594],[-54.7842,-26.6147],[-54.8015,-26.6495],[-54.6649,-26.9546],[-54.6129,-26.9334],[-54.5659,-26.9142],[-54.5683,-26.8947],[-54.5239,-26.854],[-54.5438,-26.8319],[-54.4732,-26.7763],[-54.4344,-26.7311],[-54.4261,-26.7362],[-54.4031,-26.7137],[-54.2669,-26.6395],[-54.2689,-26.4833]]]}},
{"type":"Feature","properties":{"name":"Oberá","georefId":"54091","provinciaGeorefId":"54","tipo":"Departamento"},"geometry":{"type":"Polygon","coordinates":[[[-54.9226,-27.3612],[-54.938,-27.3706],[-55.0783,-27.191],[-55.1016,-27.1824],[-55.1367,-27.1862],[-55.136,-27.2735],[-55.136,-27.2751],[-55.1359,-27.2803],[-55.1358,-27.2853],[-55.1449,-27.2794],[-55.1392,-27.2847],[-55.1516,-27.2874],[-55.1539,-27.2957],[-55.166,-27.2896],[-55.1861,-27.2945],[-55.1968,-27.3031],[-55.189,-27.316],[-55.1947,-27.3231],[-55.2062,-27.3184],[-55.2145,-27.3246],[-55.2152,-27.3155],[-55.2221,-27.3255],[-55.2173,-27.3299],[-55.2369,-27.3339],[-55.2422,-27.3293],[-55.2545,-27.3434],[-55.2722,-27.336],[-55.278,-27.3614],[-55.2914,-27.3614],[-55.2802,-27.3714],[-55.2851,-27.3852],[-55.2979,-27.3859],[-55.2825,-27.3926],[-55.2885,-27.398],[-55.2813,-27.4017],[-55.2891,-27.4057],[-55.2825,-27.4146],[-55.3663,-27.4616],[-55.3594,-27.4662],[-55.3527,-27.4585],[-55.3316,-27.4657],[-55.3365,-27.4766],[-55.3313,-27.4793],[-55.3245,-27.4733],[-55.3129,-27.478],[-55.3149,-27.4672],[-55.3019,-27.465],[-55.2898,-27.4729],[-55.2804,-27.4997],[-55.2596,-27.5122],[-55.2272,-27.5152],[-55.2537,-27.5217],[-55.2364,-27.5456],[-55.2431,-27.5511],[-55.2449,-27.5526],[-55.2582,-27.5618],[-55.1835,-27.6128],[-55.1829,-27.6219],[-55.173,-27.6164],[-55.1723,-27.6253],[-55.076,-27.6185],[-55.0483,-27.643],[-55.0296,-27.6872],[-55.0194,-27.6935],[-55.0224,-27.7112],[-54.9986,-27.7485],[-54.9765,-27.7587],[-54.978,-27.7708],[-54.9558,-27.7783],[-54.9362,-27.7719],[-54.9028,-27.721],[-54.9051,-27.6386],[-54.8903,-27.6274],[-54.8603,-27.6291],[-54.8463,-27.6194],[-54.8709,-27.6129],[-54.86,-27.6034],[-54.8726,-27.5857],[-54.8519,-27.567],[-54.8783,-27.565],[-54.8826,-27.5538],[-54.8593,-27.5517],[-54.8676,-27.5437],[-54.8601,-27.5326],[-54.8787,-27.5202],[-54.8648,-27.5096],[-54.8806,-27.5078],[-54.8829,-27.4953],[-54.9102,-27.4908],[-54.8988,-27.4754],[-54.9168,-27.4715],[-54.9172,-27.4603],[-54.9277,-27.4582],[-54.9253,-27.4377],[-54.9138,-27.434],[-54.9214,-27.4308],[-54.9156,-27.4235],[-54.9242,-27.4092],[-54.9161,-27.4093],[-54.9167,-27.3935],[-54.9074,-27.3851],[-54.9151,-27.3841],[-54.9226,-27.3612]]]}},
{"type":"Feature","properties":{"name":"San Ignacio","georefId":"54098","provinciaGeorefId":"54","tipo":"Departamento"},"geometry":{"type":"Polygon","coordinates":[[[-55.2045,-26.9695],[-55.2549,-26.9376],[-55.3067,-26.9639],[-55.3757,-26.9662],[-55.4198,-26.993],[-55.4457,-27.0254],[-55.456,-27.0588],[-55.4495,-27.0973],[-55.4555,-27.1063],[-55.477,-27.1118],[-55.5265,-27.1009],[-55.5613,-27.1013],[-55.5611,-27.1609],[-55.5748,-27.1688],[-55.5925,-27.1598],[-55.6077,-27.1613],[-55.6188,-27.1872],[-55.6116,-27.213],[-55.5747,-27.2475],[-55.5744,-27.2709],[-55.5935,-27.2752],[-55.6024,-27.2846],[-55.5876,-27.3133],[-55.5625,-27.2978],[-55.5401,-27.296],[-55.536,-27.2865],[-55.5196,-27.2803],[-55.5139,-27.2853],[-55.5283,-27.2885],[-55.5287,-27.2947],[-55.5057,-27.2983],[-55.5004,-27.3117],[-55.4878,-27.3052],[-55.4761,-27.3216],[-55.4863,-27.322],[-55.4794,-27.3418],[-55.492,-27.3469],[-55.4954,-27.3655],[-55.463,-27.3734],[-55.4595,-27.3831],[-55.4442,-27.3856],[-55.4474,-27.3932],[-55.4327,-27.3959],[-55.4394,-27.3855],[-55.4349,-27.3805],[-55.4093,-27.3896],[-55.4093,-27.3823],[-55.417,-27.3823],[-55.4037,-27.3692],[-55.3933,-27.3732],[-55.3949,-27.3819],[-55.3807,-27.3789],[-55.3878,-27.3901],[-55.3675,-27.3902],[-55.3563,-27.3816],[-55.3477,-27.3956],[-55.3629,-27.4008],[-55.3251,-27.4034],[-55.3259,-27.3948],[-55.3117,-27.383],[-55.3145,-27.3942],[-55.3058,-27.4061],[-55.2891,-27.4057],[-55.2813,-27.4017],[-55.2885,-27.398],[-55.2825,-27.3926],[-55.2979,-27.3859],[-55.2851,-27.3852],[-55.2802,-27.3714],[-55.2914,-27.3614],[-55.278,-27.3614],[-55.2722,-27.336],[-55.2545,-27.3434],[-55.2422,-27.3293],[-55.2369,-27.3339],[-55.2173,-27.3299],[-55.2221,-27.3255],[-55.2152,-27.3155],[-55.2145,-27.3246],[-55.2062,-27.3184],[-55.1947,-27.3231],[-55.189,-27.316],[-55.1968,-27.3031],[-55.1861,-27.2945],[-55.166,-27.2896],[-55.1539,-27.2957],[-55.1516,-27.2874],[-55.1392,-27.2847],[-55.1449,-27.2794],[-55.1358,-27.2853],[-55.1359,-27.2803],[-55.136,-27.2751],[-55.136,-27.2735],[-55.1367,-27.1862],[-55.1016,-27.1824],[-55.0996,-27.0626],[-55.0995,-27.0578],[-55.1441,-27.055],[-55.1498,-27.0609],[-55.1542,-27.0468],[-55.1649,-27.047],[-55.1831,-27.0199],[-55.1767,-27.0166],[-55.1767,-26.9991],[-55.2075,-26.999],[-55.1982,-26.9905],[-55.2045,-26.9695]]]}},
{"type":"Feature","properties":{"name":"San Javier","georefId":"54105","provinciaGeorefId":"54","tipo":"Departamento"},"geometry":{"type":"Polygon","coordinates":[[[-54.978,-27.7708],[-54.9765,-27.7587],[-54.9986,-27.7485],[-55.0224,-27.7112],[-55.0194,-27.6935],[-55.0296,-27.6872],[-55.0483,-27.643],[-55.076,-27.6185],[-55.1723,-27.6253],[-55.1658,-27.6982],[-55.1915,-27.7002],[-55.1886,-27.7329],[-55.2731,-27.7447],[-55.2906,-27.733],[-55.3317,-27.7854],[-55.3712,-27.7768],[-55.3167,-27.9226],[-55.279,-27.9327],[-55.2642,-27.9289],[-55.2284,-27.8809],[-55.1972,-27.8571],[-55.1715,-27.8611],[-55.1344,-27.8962],[-55.1246,-27.8873],[-55.1252,-27.8588],[-55.1085,-27.8474],[-55.0886,-27.8423],[-55.0327,-27.8567],[-55.025,-27.8326],[-55.083,-27.7971],[-55.0839,-27.786],[-55.0769,-27.7766],[-55.0559,-27.77],[-55.0245,-27.7946],[-55.0083,-27.7976],[-54.9928,-27.7757],[-54.978,-27.7708]]]}},
{"type":"Feature","properties":{"name":"San Pedro","georefId":"54112","provinciaGeorefId":"54","tipo":"Departamento"},"geometry":{"type":"Polygon","coordinates":[[[-53.7708,-26.3883],[-53.7474,-26.3347],[-53.83,-26.3344],[-53.8367,-26.3462],[-53.8462,-26.3463],[-53.8451,-26.3398],[-53.8518,-26.3447],[-53.8711,-26.3411],[-53.869,-26.336],[-53.8816,-26.3285],[-53.8741,-26.3177],[-53.8764,-26.2982],[-53.8902,-26.2837],[-53.8821,-26.2806],[-53.8867,-26.2474],[-53.9474,-26.2371],[-53.9492,-26.2208],[-53.9867,-26.2167],[-53.9869,-26.2681],[-54.0585,-26.2681],[-54.1647,-26.268],[-54.1694,-26.268],[-54.1741,-26.4504],[-54.2646,-26.4494],[-54.2646,-26.4496],[-54.2647,-26.4559],[-54.2689,-26.4833],[-54.2669,-26.6395],[-54.1879,-26.6669],[-54.2161,-26.699],[-54.2412,-26.7031],[-54.2417,-26.725],[-54.2649,-26.7466],[-54.2486,-26.7676],[-54.2524,-26.7794],[-54.2357,-26.7878],[-54.2394,-26.8045],[-54.1392,-26.7479],[-54.1321,-26.7546],[-54.1403,-26.7536],[-54.1409,-26.7631],[-54.133,-26.7609],[-54.1342,-26.7681],[-54.1233,-26.773],[-54.1327,-26.776],[-54.135,-26.7859],[-54.1288,-26.7989],[-54.1193,-26.8],[-54.1273,-26.8096],[-54.0983,-26.8158],[-54.1051,-26.8205],[-54.1035,-26.8404],[-54.0943,-26.8465],[-54.087,-26.8403],[-54.0839,-26.8498],[-54.0982,-26.8601],[-54.0911,-26.8686],[-54.0757,-26.8701],[-54.077,-26.8893],[-54.0636,-26.8758],[-54.0441,-26.8853],[-54.0488,-26.9034],[-54.0335,-26.8977],[-54.0351,-26.9105],[-54.0213,-26.9037],[-54.0202,-26.9209],[-54.0069,-26.9358],[-54.0174,-26.9405],[-54.0299,-26.9361],[-54.0345,-26.9436],[-54.0219,-26.9483],[-54.0137,-26.9625],[-54.0163,-26.9799],[-54.028,-26.9814],[-54.0196,-26.9926],[-53.9996,-26.9795],[-53.9966,-26.9834],[-54.0047,-26.9931],[-53.994,-27.0016],[-53.9968,-27.0092],[-54.019,-27.0074],[-54.0052,-27.0251],[-53.9819,-27.0157],[-53.9759,-27.0191],[-53.9789,-27.0285],[-53.9667,-27.0341],[-53.9654,-27.0522],[-53.9361,-27.0355],[-53.9344,-27.0514],[-53.945,-27.0642],[-53.9242,-27.0603],[-53.9203,-27.0438],[-53.908,-27.07],[-53.9009,-27.0704],[-53.8932,-27.0549],[-53.8842,-27.058],[-53.9021,-27.0795],[-53.8888,-27.092],[-53.9079,-27.0965],[-53.8757,-27.111],[-53.8895,-27.1207],[-53.9038,-27.1164],[-53.9142,-27.1258],[-53.9242,-27.1234],[-53.8964,-27.1358],[-53.9128,-27.1483],[-53.9335,-27.1423],[-53.9336,-27.1563],[-53.9157,-27.1754],[-53.9038,-27.1756],[-53.8824,-27.1311],[-53.8692,-27.1251],[-53.8367,-27.1697],[-53.8369,-27.1542],[-53.8279,-27.1457],[-53.7989,-27.1464],[-53.799,-27.1366],[-53.818,-27.14],[-53.8247,-27.1324],[-53.8245,-27.1267],[-53.8155,-27.1296],[-53.8044,-27.1227],[-53.8186,-27.1022],[-53.8119,-27.0978],[-53.7954,-27.1104],[-53.7763,-27.1034],[-53.8054,-27.0786],[-53.7974,-27.0661],[-53.7817,-27.0788],[-53.7717,-27.0736],[-53.797,-27.0601],[-53.8022,-27.0401],[-53.7915,-27.0429],[-53.7732,-27.0653],[-53.7601,-27.0651],[-53.7763,-27.0499],[-53.7856,-27.0263],[-53.764,-27.0454],[-53.7594,-27.0342],[-53.7472,-27.0322],[-53.7635,-27.0084],[-53.7527,-27.005],[-53.7403,-27.0146],[-53.7317,-27.0044],[-53.7436,-26.992],[-53.7179,-26.9902],[-53.737,-26.9743],[-53.7261,-26.9588],[-53.712,-26.9654],[-53.7032,-26.9602],[-53.709,-26.9341],[-53.6712,-26.9425],[-53.6969,-26.9292],[-53.6727,-26.913],[-53.6794,-26.9024],[-53.6709,-26.8947],[-53.6956,-26.8869],[-53.68,-26.8697],[-53.6968,-26.8598],[-53.6641,-26.8643],[-53.6602,-26.8584],[-53.6796,-26.8423],[-53.6948,-26.847],[-53.6884,-26.8378],[-53.7108,-26.8113],[-53.6981,-26.8143],[-53.7002,-26.7979],[-53.7086,-26.7981],[-53.717,-26.7821],[-53.6988,-26.7695],[-53.7134,-26.7662],[-53.716,-26.7731],[-53.7302,-26.7738],[-53.7435,-26.7639],[-53.7288,-26.7652],[-53.7141,-26.7507],[-53.7318,-26.7309],[-53.7357,-26.7408],[-53.7501,-26.7407],[-53.7427,-26.7311],[-53.758,-26.7203],[-53.7541,-26.7097],[-53.7474,-26.7196],[-53.7343,-26.7166],[-53.7327,-26.7014],[-53.7429,-26.6802],[-53.7286,-26.6921],[-53.7167,-26.6829],[-53.7317,-26.6777],[-53.7266,-26.6671],[-53.7187,-26.6672],[-53.722,-26.6484],[-53.7259,-26.6588],[-53.7349,-26.6454],[-53.7596,-26.641],[-53.7511,-26.6352],[-53.7397,-26.6438],[-53.7408,-26.6299],[-53.7329,-26.6307],[-53.7293,-26.6202],[-53.7355,-26.6097],[-53.7292,-26.6072],[-53.7329,-26.5867],[-53.7246,-26.589],[-53.7222,-26.5621],[-53.7076,-26.5609],[-53.7143,-26.5564],[-53.7361,-26.5666],[-53.7253,-26.5544],[-53.7419,-26.545],[-53.7228,-26.5421],[-53.7249,-26.5329],[-53.7169,-26.5276],[-53.7268,-26.5254],[-53.7294,-26.5013],[-53.7049,-26.5089],[-53.709,-26.5011],[-53.6958,-26.49],[-53.6959,-26.4752],[-53.7024,-26.4734],[-53.707,-26.4814],[-53.7135,-26.4686],[-53.7314,-26.45],[-53.7708,-26.3883]]]}},
{"type":"Feature","properties":{"name":"25 de Mayo","georefId":"54119","provinciaGeorefId":"54","tipo":"Departamento"},"geometry":{"type":"Polygon","coordinates":[[[-54.8463,-27.6194],[-54.8284,-27.5608],[-54.8094,-27.5309],[-54.794,-27.5375],[-54.7856,-27.5763],[-54.7745,-27.5851],[-54.762,-27.5838],[-54.743,-27.5623],[-54.679,-27.5739],[-54.6713,-27.561],[-54.6779,-27.5103],[-54.6692,-27.5055],[-54.6587,-27.5109],[-54.6422,-27.5445],[-54.6223,-27.542],[-54.5939,-27.4838],[-54.5907,-27.461],[-54.5817,-27.4534],[-54.5589,-27.465],[-54.537,-27.5025],[-54.5269,-27.5063],[-54.5043,-27.4818],[-54.4672,-27.4805],[-54.444,-27.4714],[-54.4436,-27.4595],[-54.4692,-27.4375],[-54.4669,-27.4247],[-54.4366,-27.4241],[-54.4062,-27.4068],[-54.3601,-27.4623],[-54.3471,-27.4673],[-54.3338,-27.4497],[-54.3407,-27.4049],[-54.3191,-27.4135],[-54.2955,-27.4123],[-54.2949,-27.3988],[-54.3056,-27.4009],[-54.3158,-27.392],[-54.2873,-27.3835],[-54.308,-27.3832],[-54.3206,-27.3736],[-54.3077,-27.3735],[-54.2946,-27.3618],[-54.3074,-27.3626],[-54.316,-27.3536],[-54.3102,-27.3396],[-54.3211,-27.3281],[-54.3135,-27.312],[-54.3272,-27.3096],[-54.3317,-27.2989],[-54.3221,-27.298],[-54.3507,-27.2784],[-54.3477,-27.2642],[-54.3637,-27.2526],[-54.3475,-27.2535],[-54.3582,-27.2455],[-54.3518,-27.2329],[-54.5125,-27.2613],[-54.5841,-27.2751],[-54.5941,-27.2685],[-54.5987,-27.2603],[-54.5814,-27.2538],[-54.605,-27.2401],[-54.5928,-27.2195],[-54.6042,-27.2247],[-54.6126,-27.2206],[-54.6035,-27.2133],[-54.6261,-27.2116],[-54.6237,-27.2041],[-54.6122,-27.2036],[-54.6197,-27.1967],[-54.6159,-27.1839],[-54.6027,-27.1789],[-54.6129,-27.1686],[-54.6093,-27.1635],[-54.7168,-27.163],[-54.7013,-27.2157],[-54.8354,-27.2483],[-54.8332,-27.2644],[-54.8224,-27.2629],[-54.8174,-27.27],[-54.8345,-27.2773],[-54.8176,-27.2971],[-54.8251,-27.304],[-54.8153,-27.3126],[-54.8268,-27.3108],[-54.8328,-27.3174],[-54.8176,-27.3232],[-54.8147,-27.3321],[-54.8258,-27.3277],[-54.8123,-27.3395],[-54.8225,-27.3455],[-54.8156,-27.3594],[-54.8339,-27.3571],[-54.8207,-27.3854],[-54.8342,-27.3872],[-54.9252,-27.3525],[-54.9226,-27.3612],[-54.9151,-27.3841],[-54.9074,-27.3851],[-54.9167,-27.3935],[-54.9161,-27.4093],[-54.9242,-27.4092],[-54.9156,-27.4235],[-54.9214,-27.4308],[-54.9138,-27.434],[-54.9253,-27.4377],[-54.9277,-27.4582],[-54.9172,-27.4603],[-54.9168,-27.4715],[-54.8988,-27.4754],[-54.9102,-27.4908],[-54.8829,-27.4953],[-54.8806,-27.5078],[-54.8648,-27.5096],[-54.8787,-27.5202],[-54.8601,-27.5326],[-54.8676,-27.5437],[-54.8593,-27.5517],[-54.8826,-27.5538],[-54.8783,-27.565],[-54.8519,-27.567],[-54.8726,-27.5857],[-54.86,-27.6034],[-54.8709,-27.6129],[-54.8463,-27.6194]]]}},
{"type":"Feature","properties":{"name":"Aluminé","georefId":"58007","provinciaGeorefId":"58","tipo":"Departamento"},"geometry":{"type":"Polygon","coordinates":[[[-70.8552,-38.7223],[-70.8903,-38.7208],[-70.9059,-38.7293],[-70.9288,-38.7639],[-70.9805,-38.7599],[-71.0007,-38.7701],[-71.0331,-38.7568],[-71.0526,-38.7575],[-71.0699,-38.7699],[-71.0945,-38.7547],[-71.1175,-38.7813],[-71.1342,-38.7807],[-71.1494,-38.7994],[-71.1801,-38.8017],[-71.1852,-38.8152],[-71.2133,-38.8158],[-71.238,-38.8024],[-71.2686,-38.8283],[-71.2679,-38.8534],[-71.2852,-38.8579],[-71.2956,-38.873],[-71.3214,-38.8803],[-71.3365,-38.8761],[-71.3748,-38.9065],[-71.3917,-38.9075],[-71.4338,-38.9289],[-71.4323,-38.9674],[-71.4417,-38.9812],[-71.4138,-39.0082],[-71.422,-39.0259],[-71.3964,-39.0457],[-71.4185,-39.0698],[-71.4078,-39.0966],[-71.4203,-39.1255],[-71.412,-39.1396],[-71.4215,-39.1512],[-71.4133,-39.164],[-71.4015,-39.1649],[-71.4001,-39.1857],[-71.381,-39.2122],[-71.392,-39.216],[-71.3823,-39.2379],[-71.3917,-39.2588],[-71.3759,-39.2681],[-71.3741,-39.2817],[-71.388,-39.2869],[-71.3951,-39.3018],[-71.3858,-39.3184],[-71.3961,-39.3265],[-71.3997,-39.3503],[-71.4331,-39.372],[-71.4568,-39.37],[-71.445,-39.4082],[-71.4639,-39.4193],[-71.4503,-39.4261],[-71.4487,-39.451],[-71.4387,-39.4586],[-71.4209,-39.4549],[-71.4202,-39.4549],[-71.3903,-39.4558],[-71.3804,-39.4696],[-71.3624,-39.4656],[-71.3334,-39.4827],[-71.3033,-39.4686],[-71.2838,-39.4805],[-71.239,-39.4491],[-71.231,-39.466],[-71.2021,-39.4658],[-71.2029,-39.4779],[-71.1921,-39.4836],[-71.1747,-39.5211],[-71.1578,-39.529],[-71.1294,-39.5174],[-71.1067,-39.5232],[-71.086,-39.5169],[-71.0762,-39.5257],[-71.0652,-39.5142],[-71.0498,-39.5248],[-71.0201,-39.5224],[-71.0181,-39.529],[-71.0016,-39.5195],[-70.9879,-39.5329],[-70.9579,-39.5226],[-70.9307,-39.5397],[-70.914,-39.534],[-70.8812,-39.5387],[-70.8779,-39.525],[-70.8633,-39.5276],[-70.8422,-39.5163],[-70.8332,-39.5221],[-70.8367,-39.4868],[-70.8302,-39.481],[-70.8,-39.4651],[-70.7515,-39.4649],[-70.7545,-39.436],[-70.7695,-39.4363],[-70.7791,-39.4172],[-70.7652,-39.3957],[-70.7926,-39.3927],[-70.814,-39.374],[-70.7858,-39.3604],[-70.7878,-39.3489],[-70.7745,-39.3322],[-70.7784,-39.3104],[-70.7598,-39.2865],[-70.7271,-39.275],[-70.7485,-39.2393],[-70.731,-39.1903],[-70.7274,-39.1387],[-70.7371,-39.1114],[-70.7272,-39.0791],[-70.7415,-39.0654],[-70.742,-39.0497],[-70.7171,-39.036],[-70.7068,-39.0136],[-70.682,-39.0491],[-70.6468,-39.0515],[-70.6248,-39.0626],[-70.6103,-39.0377],[-70.6274,-39.0089],[-70.6028,-38.9916],[-70.6276,-38.969],[-70.6383,-38.9393],[-70.6603,-38.9231],[-70.6634,-38.8897],[-70.6477,-38.8632],[-70.6502,-38.8496],[-70.7,-38.8086],[-70.698,-38.7887],[-70.7215,-38.7831],[-70.7407,-38.7899],[-70.7673,-38.7729],[-70.7824,-38.7509],[-70.7819,-38.7324],[-70.8178,-38.7434],[-70.8488,-38.7315],[-70.8521,-38.7229],[-70.8552,-38.7223]]]}},
{"type":"Feature","properties":{"name":"Añelo","georefId":"58014","provinciaGeorefId":"58","tipo":"Departamento"},"geometry":{"type":"Polygon","coordinates":[[[-68.2538,-37.7046],[-69.062,-37.698],[-69.8857,-37.6914],[-69.8862,-37.7142],[-69.8662,-37.7213],[-69.8758,-37.7351],[-69.8752,-37.7543],[-69.8625,-37.7541],[-69.8712,-37.7671],[-69.8524,-37.7822],[-69.8614,-37.797],[-69.8511,-37.8086],[-69.8616,-37.8175],[-69.8438,-37.8305],[-69.8526,-37.8351],[-69.8727,-37.8259],[-69.8885,-37.8425],[-69.8646,-37.8512],[-69.8599,-37.8697],[-69.8514,-37.8729],[-69.8527,-37.9138],[-69.8287,-37.9286],[-69.8392,-37.9484],[-69.8314,-37.9516],[-69.8172,-37.9432],[-69.816,-37.957],[-69.7946,-37.9715],[-69.8041,-37.9863],[-69.8215,-37.9919],[-69.8061,-37.9994],[-69.8141,-38.0211],[-69.8029,-38.0351],[-69.8122,-38.0375],[-69.8251,-38.023],[-69.8403,-38.0347],[-69.8236,-38.0435],[-69.8211,-38.061],[-69.8013,-38.0636],[-69.8017,-38.0783],[-69.8147,-38.0882],[-69.7773,-38.1051],[-69.786,-38.1217],[-69.7646,-38.1232],[-69.7611,-38.1664],[-69.7428,-38.1635],[-69.7448,-38.1731],[-69.7332,-38.1806],[-69.7578,-38.1927],[-69.7377,-38.21],[-69.7439,-38.2244],[-69.7342,-38.2419],[-69.7172,-38.2433],[-69.7324,-38.276],[-69.7209,-38.2965],[-69.7348,-38.2927],[-69.7418,-38.3005],[-69.7255,-38.3099],[-69.7161,-38.3306],[-69.6957,-38.3258],[-69.7094,-38.3501],[-69.6997,-38.359],[-69.7053,-38.3707],[-69.6875,-38.3674],[-69.6818,-38.3766],[-69.6695,-38.378],[-69.6717,-38.3946],[-69.6512,-38.4018],[-69.6359,-38.4256],[-69.6114,-38.421],[-69.5747,-38.4364],[-69.568,-38.4528],[-69.5513,-38.4598],[-69.5437,-38.4806],[-69.5372,-38.4922],[-69.4978,-38.4857],[-69.4844,-38.4903],[-69.4859,-38.5087],[-69.4714,-38.4999],[-69.4692,-38.4864],[-69.4283,-38.5035],[-69.4032,-38.5279],[-69.4104,-38.5401],[-69.395,-38.5484],[-69.3963,-38.5611],[-69.3482,-38.5995],[-69.3288,-38.5954],[-69.3177,-38.6146],[-69.2657,-38.5998],[-69.237,-38.607],[-69.2447,-38.6198],[-69.228,-38.6293],[-69.1758,-38.605],[-69.1416,-38.6138],[-69.1131,-38.6027],[-69.1073,-38.5804],[-69.0507,-38.5702],[-69.041,-38.5555],[-69.0476,-38.5387],[-69.0287,-38.5364],[-69.0245,-38.5192],[-68.9944,-38.4919],[-68.9792,-38.4945],[-68.96,-38.4849],[-68.9374,-38.4392],[-68.9197,-38.421],[-68.9029,-38.4178],[-68.8843,-38.4027],[-68.8612,-38.3743],[-68.8339,-38.3687],[-68.8208,-38.3785],[-68.7954,-38.3801],[-68.7595,-38.3714],[-68.7456,-38.3758],[-68.7252,-38.4049],[-68.6857,-38.4034],[-68.6774,-38.4168],[-68.6503,-38.422],[-68.6391,-38.434],[-68.6215,-38.4346],[-68.6199,-38.4556],[-68.6087,-38.4582],[-68.6069,-38.4688],[-68.5923,-38.4685],[-68.5672,-38.4872],[-68.5439,-38.4891],[-68.5448,-38.5002],[-68.5321,-38.5021],[-68.5269,-38.5188],[-68.4907,-38.5445],[-68.469,-38.5451],[-68.4506,-38.5623],[-68.4131,-38.5675],[-68.3908,-38.5971],[-68.3344,-38.6193],[-68.3129,-38.6488],[-68.2854,-38.6479],[-68.2825,-38.67],[-68.2563,-38.6795],[-68.2538,-37.7046]]]}},
{"type":"Feature","properties":{"name":"Catán Lil","georefId":"58021","provinciaGeorefId":"58","tipo":"Departamento"},"geometry":{"type":"Polygon","coordinates":[[[-70.6248,-39.0626],[-70.6468,-39.0515],[-70.682,-39.0491],[-70.7068,-39.0136],[-70.7171,-39.036],[-70.742,-39.0497],[-70.7415,-39.0654],[-70.7272,-39.0791],[-70.7371,-39.1114],[-70.7274,-39.1387],[-70.731,-39.1903],[-70.7485,-39.2393],[-70.7271,-39.275],[-70.7598,-39.2865],[-70.7784,-39.3104],[-70.7745,-39.3322],[-70.7878,-39.3489],[-70.7858,-39.3604],[-70.814,-39.374],[-70.7926,-39.3927],[-70.7652,-39.3957],[-70.7791,-39.4172],[-70.7695,-39.4363],[-70.7545,-39.436],[-70.7515,-39.4649],[-70.8,-39.4651],[-70.8302,-39.481],[-70.8367,-39.4868],[-70.8332,-39.5221],[-70.8422,-39.5163],[-70.8633,-39.5276],[-70.8779,-39.525],[-70.8812,-39.5387],[-70.914,-39.534],[-70.9307,-39.5397],[-70.9579,-39.5226],[-70.9551,-39.5503],[-70.9713,-39.5596],[-70.9551,-39.5757],[-70.9577,-39.5851],[-70.9444,-39.5834],[-70.9351,-39.5944],[-70.9363,-39.6312],[-70.9457,-39.6467],[-70.9343,-39.6634],[-70.8807,-39.668],[-70.9011,-39.7125],[-70.882,-39.7362],[-70.8943,-39.7432],[-70.9115,-39.7403],[-70.9201,-39.7509],[-70.9352,-39.7523],[-70.9357,-39.7598],[-70.9227,-39.7785],[-70.9119,-39.7754],[-70.8738,-39.7958],[-70.8621,-39.8612],[-70.8348,-39.8763],[-70.8396,-39.8888],[-70.8305,-39.89],[-70.8101,-39.8742],[-70.8223,-39.8523],[-70.8128,-39.8413],[-70.8139,-39.8249],[-70.7314,-39.8896],[-70.6888,-39.8587],[-70.644,-39.8951],[-70.3477,-39.6782],[-70.1743,-39.8179],[-69.8369,-39.568],[-70.0281,-39.4154],[-69.8985,-39.3183],[-69.9197,-39.3116],[-69.9443,-39.2833],[-69.9793,-39.2798],[-69.9914,-39.2665],[-70.0515,-39.2454],[-70.0627,-39.2276],[-70.0583,-39.2154],[-70.0764,-39.2066],[-70.1461,-39.1974],[-70.15,-39.1908],[-70.1877,-39.1977],[-70.1918,-39.1903],[-70.2166,-39.197],[-70.2223,-39.1908],[-70.2412,-39.1971],[-70.2752,-39.18],[-70.3173,-39.1312],[-70.3291,-39.1333],[-70.3348,-39.1258],[-70.3647,-39.1192],[-70.3781,-39.1279],[-70.4866,-39.0387],[-70.6001,-39.1229],[-70.6128,-39.1218],[-70.6105,-39.0916],[-70.6246,-39.0759],[-70.6248,-39.0626]]]}},
{"type":"Feature","properties":{"name":"Collón Curá","georefId":"58028","provinciaGeorefId":"58","tipo":"Departamento"},"geometry":{"type":"Polygon","coordinates":[[[-69.5281,-39.8144],[-69.8369,-39.568],[-70.1743,-39.8179],[-70.3477,-39.6782],[-70.644,-39.8951],[-70.6888,-39.8587],[-70.7314,-39.8896],[-70.8139,-39.8249],[-70.8128,-39.8413],[-70.8223,-39.8523],[-70.8101,-39.8742],[-70.8305,-39.89],[-70.8396,-39.8888],[-70.8476,-39.9163],[-70.8299,-39.9492],[-70.8477,-39.9545],[-70.8399,-39.9662],[-70.8454,-39.9874],[-70.827,-40.005],[-70.8393,-40.026],[-70.8153,-40.0622],[-70.7886,-40.0806],[-70.7819,-40.097],[-70.7654,-40.0961],[-70.7532,-40.1038],[-70.7334,-40.1358],[-70.7372,-40.1449],[-70.7097,-40.1583],[-70.6985,-40.1863],[-70.6672,-40.2016],[-70.6591,-40.2142],[-70.6631,-40.226],[-70.6388,-40.2378],[-70.653,-40.2453],[-70.6726,-40.2751],[-70.6574,-40.3069],[-70.6932,-40.3578],[-70.6825,-40.3712],[-70.6644,-40.3756],[-70.6765,-40.3983],[-70.6522,-40.4337],[-70.651,-40.4544],[-70.6079,-40.4956],[-70.5729,-40.4899],[-70.5322,-40.5045],[-70.4651,-40.5122],[-70.4372,-40.5228],[-70.4249,-40.5363],[-70.2984,-40.5044],[-70.2473,-40.5054],[-70.1788,-40.4898],[-70.1681,-40.4743],[-70.1749,-40.4276],[-70.1531,-40.414],[-70.103,-40.4057],[-70.0627,-40.3746],[-70.0496,-40.3178],[-70.0588,-40.249],[-70.0276,-40.2158],[-70.0021,-40.2032],[-69.992,-40.18],[-69.962,-40.1857],[-69.9503,-40.179],[-69.9707,-40.121],[-69.9948,-40.1031],[-70.0054,-40.0474],[-69.9709,-39.9777],[-69.9496,-39.9586],[-69.9335,-39.9554],[-69.9312,-39.9433],[-69.9168,-39.9369],[-69.8975,-39.94],[-69.8805,-39.9301],[-69.8659,-39.9109],[-69.8461,-39.9098],[-69.8253,-39.8963],[-69.8127,-39.8998],[-69.7942,-39.8837],[-69.773,-39.886],[-69.7549,-39.876],[-69.7294,-39.8689],[-69.6966,-39.8463],[-69.6712,-39.8498],[-69.6507,-39.8362],[-69.6287,-39.8425],[-69.5966,-39.8301],[-69.5847,-39.8146],[-69.5581,-39.8094],[-69.5281,-39.8144]]]}},
{"type":"Feature","properties":{"name":"Confluencia","georefId":"58035","provinciaGeorefId":"58","tipo":"Departamento"},"geometry":{"type":"Polygon","coordinates":[[[-68.2563,-38.6795],[-68.2825,-38.67],[-68.2854,-38.6479],[-68.3129,-38.6488],[-68.3344,-38.6193],[-68.3908,-38.5971],[-68.4131,-38.5675],[-68.4506,-38.5623],[-68.469,-38.5451],[-68.4907,-38.5445],[-68.5269,-38.5188],[-68.5321,-38.5021],[-68.5448,-38.5002],[-68.5439,-38.4891],[-68.5672,-38.4872],[-68.5923,-38.4685],[-68.6069,-38.4688],[-68.6087,-38.4582],[-68.6199,-38.4556],[-68.6215,-38.4346],[-68.6391,-38.434],[-68.6503,-38.422],[-68.6774,-38.4168],[-68.6857,-38.4034],[-68.7252,-38.4049],[-68.7456,-38.3758],[-68.7595,-38.3714],[-68.7954,-38.3801],[-68.8208,-38.3785],[-68.8339,-38.3687],[-68.8612,-38.3743],[-68.8843,-38.4027],[-68.9029,-38.4178],[-68.9197,-38.421],[-68.9374,-38.4392],[-68.96,-38.4849],[-68.9792,-38.4945],[-68.9944,-38.4919],[-69.0245,-38.5192],[-69.0287,-38.5364],[-69.0476,-38.5387],[-69.041,-38.5555],[-69.0507,-38.5702],[-69.1073,-38.5804],[-69.1131,-38.6027],[-69.1416,-38.6138],[-69.1758,-38.605],[-69.228,-38.6293],[-69.2447,-38.6198],[-69.237,-38.607],[-69.2657,-38.5998],[-69.3177,-38.6146],[-69.5475,-38.7932],[-69.286,-38.9999],[-68.8198,-39.3689],[-68.8081,-39.3474],[-68.8193,-39.3257],[-68.8101,-39.2935],[-68.6655,-39.2173],[-68.6533,-39.1992],[-68.6608,-39.1723],[-68.5947,-39.1202],[-68.5617,-39.0765],[-68.5245,-39.0774],[-68.5158,-39.0664],[-68.5048,-39.0715],[-68.4692,-39.0457],[-68.4266,-39.0286],[-68.4123,-39.0344],[-68.355,-39.0019],[-68.3074,-38.9905],[-68.3016,-38.9754],[-68.2833,-38.9852],[-68.2612,-38.983],[-68.231,-38.9913],[-68.2078,-38.9713],[-68.1777,-38.9672],[-68.1654,-38.9798],[-68.1484,-38.975],[-68.0787,-38.9951],[-68.0575,-38.9916],[-68.058,-38.9811],[-68.0469,-38.9779],[-68.0196,-38.9774],[-67.9986,-38.9961],[-68.0026,-38.989],[-68.012,-38.979],[-68.0003,-38.9738],[-68.0074,-38.9594],[-68.0394,-38.9419],[-68.0504,-38.9121],[-68.0692,-38.9029],[-68.0715,-38.8715],[-68.094,-38.8586],[-68.0812,-38.8483],[-68.0952,-38.8308],[-68.0928,-38.8196],[-68.1106,-38.8125],[-68.1058,-38.8045],[-68.1183,-38.7933],[-68.1139,-38.7847],[-68.1261,-38.7675],[-68.1206,-38.7473],[-68.1319,-38.7504],[-68.1631,-38.7379],[-68.1803,-38.7183],[-68.1894,-38.7228],[-68.1969,-38.7099],[-68.2213,-38.7081],[-68.2563,-38.6795]]]}},
{"type":"Feature","properties":{"name":"Chos Malal","georefId":"58042","provinciaGeorefId":"58","tipo":"Departamento"},"geometry":{"type":"Polygon","coordinates":[[[-70.3663,-36.2827],[-70.3746,-36.2596],[-70.3706,-36.2238],[-70.395,-36.1943],[-70.3974,-36.1195],[-70.4151,-36.1099],[-70.4214,-36.1564],[-70.4407,-36.161],[-70.4492,-36.1732],[-70.4753,-36.1736],[-70.4751,-36.1743],[-70.4758,-36.1963],[-70.5118,-37.3653],[-70.48,-37.3707],[-70.4693,-37.3612],[-70.4592,-37.3653],[-70.4478,-37.3443],[-70.4339,-37.3512],[-70.4261,-37.3763],[-70.4115,-37.3863],[-70.3671,-37.3639],[-70.3322,-37.3731],[-70.3108,-37.3713],[-70.2793,-37.3967],[-70.2526,-37.3972],[-70.2246,-37.409],[-70.1968,-37.436],[-70.1963,-37.4568],[-70.1719,-37.4766],[-70.1557,-37.4759],[-70.0949,-37.5015],[-70.0995,-37.4898],[-70.0848,-37.4852],[-70.0839,-37.4749],[-70.1058,-37.4339],[-70.1004,-37.4057],[-70.0709,-37.3727],[-70.0425,-37.318],[-70.0275,-37.3098],[-70.0215,-37.2854],[-70.0285,-37.2708],[-70.0578,-37.258],[-70.0425,-36.659],[-70.0759,-36.6066],[-70.1228,-36.5708],[-70.1218,-36.5532],[-70.1384,-36.5268],[-70.1829,-36.4908],[-70.2017,-36.4536],[-70.2039,-36.4353],[-70.1957,-36.4234],[-70.2129,-36.3904],[-70.207,-36.3756],[-70.2201,-36.3322],[-70.2297,-36.3249],[-70.2618,-36.3219],[-70.3032,-36.3405],[-70.3164,-36.3336],[-70.3389,-36.3369],[-70.3665,-36.2837],[-70.3662,-36.2829],[-70.3663,-36.2827]]]}},
{"type":"Feature","properties":{"name":"Huiliches","georefId":"58049","provinciaGeorefId":"58","tipo":"Departamento"},"geometry":{"type":"Polygon","coordinates":[[[-70.9579,-39.5226],[-70.9879,-39.5329],[-71.0016,-39.5195],[-71.0181,-39.529],[-71.0201,-39.5224],[-71.0498,-39.5248],[-71.0652,-39.5142],[-71.0762,-39.5257],[-71.086,-39.5169],[-71.1067,-39.5232],[-71.1294,-39.5174],[-71.1578,-39.529],[-71.1747,-39.5211],[-71.1921,-39.4836],[-71.2029,-39.4779],[-71.2021,-39.4658],[-71.231,-39.466],[-71.239,-39.4491],[-71.2838,-39.4805],[-71.3033,-39.4686],[-71.3334,-39.4827],[-71.3624,-39.4656],[-71.3804,-39.4696],[-71.3903,-39.4558],[-71.4202,-39.4549],[-71.4209,-39.4549],[-71.4387,-39.4586],[-71.4487,-39.451],[-71.4649,-39.4591],[-71.4737,-39.4941],[-71.516,-39.5027],[-71.5338,-39.5283],[-71.5036,-39.5596],[-71.4806,-39.5516],[-71.4669,-39.5572],[-71.4746,-39.5719],[-71.4612,-39.5832],[-71.4959,-39.6177],[-71.5013,-39.637],[-71.5416,-39.6236],[-71.5763,-39.6355],[-71.6097,-39.6284],[-71.6239,-39.5919],[-71.6559,-39.5876],[-71.6747,-39.5635],[-71.6988,-39.5877],[-71.6999,-39.6332],[-71.7183,-39.637],[-71.7171,-39.6495],[-71.6941,-39.658],[-71.6876,-39.6783],[-71.6699,-39.6825],[-71.6716,-39.6925],[-71.7041,-39.6955],[-71.6941,-39.7072],[-71.7128,-39.7245],[-71.6822,-39.7651],[-71.6783,-39.7962],[-71.685,-39.8024],[-71.6667,-39.8076],[-71.6927,-39.8249],[-71.6857,-39.855],[-71.6689,-39.8638],[-71.6429,-39.854],[-71.6334,-39.8824],[-71.6129,-39.875],[-71.5923,-39.9019],[-71.6026,-39.9172],[-71.5981,-39.9297],[-71.6252,-39.9387],[-71.6141,-39.9567],[-71.6196,-39.9726],[-71.6511,-39.972],[-71.6705,-40.0007],[-71.6744,-40.0241],[-71.6469,-40.0391],[-71.6099,-40.0405],[-71.6079,-40.0402],[-71.5903,-40.028],[-71.5207,-40.0387],[-71.4846,-40.0284],[-71.377,-40.0241],[-71.3294,-40.0655],[-71.3039,-40.0715],[-71.2794,-40.0923],[-71.255,-40.0875],[-71.2403,-40.0995],[-71.2276,-40.0928],[-71.1788,-40.0977],[-71.1632,-40.0808],[-71.1321,-40.067],[-71.0701,-40.0568],[-71.0229,-40.0906],[-70.9716,-40.1013],[-70.9712,-40.1071],[-70.9464,-40.1069],[-70.8769,-40.0661],[-70.8153,-40.0622],[-70.8393,-40.026],[-70.827,-40.005],[-70.8454,-39.9874],[-70.8399,-39.9662],[-70.8477,-39.9545],[-70.8299,-39.9492],[-70.8476,-39.9163],[-70.8396,-39.8888],[-70.8348,-39.8763],[-70.8621,-39.8612],[-70.8738,-39.7958],[-70.9119,-39.7754],[-70.9227,-39.7785],[-70.9357,-39.7598],[-70.9352,-39.7523],[-70.9201,-39.7509],[-70.9115,-39.7403],[-70.8943,-39.7432],[-70.882,-39.7362],[-70.9011,-39.7125],[-70.8807,-39.668],[-70.9343,-39.6634],[-70.9457,-39.6467],[-70.9363,-39.6312],[-70.9351,-39.5944],[-70.9444,-39.5834],[-70.9577,-39.5851],[-70.9551,-39.5757],[-70.9713,-39.5596],[-70.9551,-39.5503],[-70.9579,-39.5226]]]}},
{"type":"Feature","properties":{"name":"Lácar","georefId":"58056","provinciaGeorefId":"58","tipo":"Departamento"},"geometry":{"type":"Polygon","coordinates":[[[-70.8153,-40.0622],[-70.8769,-40.0661],[-70.9464,-40.1069],[-70.9712,-40.1071],[-70.9716,-40.1013],[-71.0229,-40.0906],[-71.0701,-40.0568],[-71.1321,-40.067],[-71.1632,-40.0808],[-71.1788,-40.0977],[-71.2276,-40.0928],[-71.2403,-40.0995],[-71.255,-40.0875],[-71.2794,-40.0923],[-71.3039,-40.0715],[-71.3294,-40.0655],[-71.377,-40.0241],[-71.4846,-40.0284],[-71.5207,-40.0387],[-71.5903,-40.028],[-71.6079,-40.0402],[-71.6099,-40.0405],[-71.6469,-40.0391],[-71.6744,-40.0241],[-71.6892,-40.0361],[-71.6685,-40.0678],[-71.6744,-40.082],[-71.6665,-40.0885],[-71.691,-40.115],[-71.8109,-40.0805],[-71.8266,-40.0889],[-71.8313,-40.1044],[-71.8258,-40.1107],[-71.8114,-40.1035],[-71.8036,-40.11],[-71.8079,-40.1255],[-71.799,-40.1372],[-71.8117,-40.1389],[-71.8087,-40.1512],[-71.8288,-40.1732],[-71.7983,-40.1874],[-71.8161,-40.2054],[-71.8285,-40.2073],[-71.8234,-40.2326],[-71.8067,-40.2333],[-71.7989,-40.2558],[-71.7611,-40.277],[-71.755,-40.3031],[-71.7366,-40.3062],[-71.7162,-40.2787],[-71.6858,-40.2935],[-71.6716,-40.3114],[-71.6726,-40.3436],[-71.6592,-40.3478],[-71.6571,-40.3644],[-71.6934,-40.3736],[-71.6884,-40.3929],[-71.7087,-40.4225],[-71.6941,-40.4338],[-71.681,-40.436],[-71.6553,-40.4505],[-71.6145,-40.445],[-71.6058,-40.462],[-71.5747,-40.4524],[-71.5404,-40.4787],[-71.5364,-40.4959],[-71.5166,-40.5058],[-71.4634,-40.5203],[-71.4491,-40.5368],[-71.4239,-40.5274],[-71.3853,-40.5397],[-71.3562,-40.5403],[-71.3281,-40.5697],[-71.2763,-40.5949],[-71.2663,-40.5886],[-71.1956,-40.5823],[-71.1526,-40.5992],[-70.8649,-40.597],[-70.7331,-40.5801],[-70.7009,-40.5935],[-70.6539,-40.5913],[-70.6214,-40.5515],[-70.5522,-40.5224],[-70.5464,-40.5053],[-70.5322,-40.5045],[-70.5729,-40.4899],[-70.6079,-40.4956],[-70.651,-40.4544],[-70.6522,-40.4337],[-70.6765,-40.3983],[-70.6644,-40.3756],[-70.6825,-40.3712],[-70.6932,-40.3578],[-70.6574,-40.3069],[-70.6726,-40.2751],[-70.653,-40.2453],[-70.6388,-40.2378],[-70.6631,-40.226],[-70.6591,-40.2142],[-70.6672,-40.2016],[-70.6985,-40.1863],[-70.7097,-40.1583],[-70.7372,-40.1449],[-70.7334,-40.1358],[-70.7532,-40.1038],[-70.7654,-40.0961],[-70.7819,-40.097],[-70.7886,-40.0806],[-70.8153,-40.0622]]]}},
{"type":"Feature","properties":{"name":"Loncopué","georefId":"58063","provinciaGeorefId":"58","tipo":"Departamento"},"geometry":{"type":"Polygon","coordinates":[[[-69.8857,-37.6914],[-69.9108,-37.6668],[-69.9792,-37.6674],[-69.9962,-37.654],[-70.0267,-37.6557],[-70.0376,-37.6474],[-70.0321,-37.6342],[-70.6026,-38.0045],[-70.6841,-37.9603],[-70.7093,-37.9641],[-70.7983,-37.9449],[-70.8178,-37.9501],[-70.8974,-37.9437],[-70.9506,-37.9597],[-70.9956,-37.9532],[-71.0239,-37.9583],[-71.0404,-37.9425],[-71.0923,-37.9201],[-71.1118,-37.919],[-71.1139,-37.9521],[-71.0898,-37.9652],[-71.0643,-37.9688],[-71.0676,-37.9895],[-71.0513,-37.9921],[-71.0636,-38.0172],[-71.0508,-38.0286],[-71.0555,-38.0436],[-71.0266,-38.061],[-71.0115,-38.0802],[-70.9891,-38.0868],[-70.983,-38.1054],[-71.0172,-38.1134],[-70.9275,-38.2609],[-70.9084,-38.277],[-70.8444,-38.2959],[-70.8178,-38.3235],[-70.7681,-38.3294],[-70.7093,-38.3093],[-70.6474,-38.269],[-70.6136,-38.2671],[-70.5893,-38.3121],[-69.9018,-38.3218],[-69.8838,-38.3062],[-69.8339,-38.3181],[-69.8049,-38.3174],[-69.7626,-38.3378],[-69.7572,-38.3287],[-69.7507,-38.3381],[-69.7349,-38.3378],[-69.7053,-38.3707],[-69.6997,-38.359],[-69.7094,-38.3501],[-69.6957,-38.3258],[-69.7161,-38.3306],[-69.7255,-38.3099],[-69.7418,-38.3005],[-69.7348,-38.2927],[-69.7209,-38.2965],[-69.7324,-38.276],[-69.7172,-38.2433],[-69.7342,-38.2419],[-69.7439,-38.2244],[-69.7377,-38.21],[-69.7578,-38.1927],[-69.7332,-38.1806],[-69.7448,-38.1731],[-69.7428,-38.1635],[-69.7611,-38.1664],[-69.7646,-38.1232],[-69.786,-38.1217],[-69.7773,-38.1051],[-69.8147,-38.0882],[-69.8017,-38.0783],[-69.8013,-38.0636],[-69.8211,-38.061],[-69.8236,-38.0435],[-69.8403,-38.0347],[-69.8251,-38.023],[-69.8122,-38.0375],[-69.8029,-38.0351],[-69.8141,-38.0211],[-69.8061,-37.9994],[-69.8215,-37.9919],[-69.8041,-37.9863],[-69.7946,-37.9715],[-69.816,-37.957],[-69.8172,-37.9432],[-69.8314,-37.9516],[-69.8392,-37.9484],[-69.8287,-37.9286],[-69.8527,-37.9138],[-69.8514,-37.8729],[-69.8599,-37.8697],[-69.8646,-37.8512],[-69.8885,-37.8425],[-69.8727,-37.8259],[-69.8526,-37.8351],[-69.8438,-37.8305],[-69.8616,-37.8175],[-69.8511,-37.8086],[-69.8614,-37.797],[-69.8524,-37.7822],[-69.8712,-37.7671],[-69.8625,-37.7541],[-69.8752,-37.7543],[-69.8758,-37.7351],[-69.8662,-37.7213],[-69.8862,-37.7142],[-69.8857,-37.6914]]]}},
{"type":"Feature","properties":{"name":"Los Lagos","georefId":"58070","provinciaGeorefId":"58","tipo":"Departamento"},"geometry":{"type":"Polygon","coordinates":[[[-71.7087,-40.4225],[-71.7415,-40.4368],[-71.7554,-40.429],[-71.7593,-40.416],[-71.7732,-40.4228],[-71.7832,-40.4109],[-71.8063,-40.4062],[-71.8249,-40.4212],[-71.8207,-40.4353],[-71.8416,-40.4521],[-71.836,-40.4635],[-71.8467,-40.4792],[-71.8403,-40.4884],[-71.8557,-40.5082],[-71.843,-40.5251],[-71.8591,-40.5348],[-71.8582,-40.5549],[-71.8905,-40.5555],[-71.8568,-40.5921],[-71.8246,-40.5778],[-71.8411,-40.5975],[-71.844,-40.6276],[-71.8542,-40.6444],[-71.8662,-40.6478],[-71.8672,-40.6631],[-71.9217,-40.6892],[-71.9653,-40.7273],[-71.9679,-40.7448],[-71.9571,-40.745],[-71.9583,-40.7592],[-71.921,-40.7858],[-71.9347,-40.8217],[-71.9237,-40.8275],[-71.9279,-40.833],[-71.8803,-40.8815],[-71.8586,-40.8812],[-71.8697,-40.8939],[-71.8564,-40.923],[-71.8629,-40.9341],[-71.8567,-40.9596],[-71.8852,-40.9663],[-71.9002,-40.9604],[-71.9093,-40.9725],[-71.9063,-40.9856],[-71.8958,-40.9847],[-71.8752,-40.9992],[-71.8607,-41.0307],[-71.8467,-41.0234],[-71.8315,-41.0297],[-71.7955,-41.0208],[-71.792,-41.0203],[-71.7027,-41.0218],[-71.6663,-41.0287],[-71.6624,-41.0297],[-71.6076,-41.0349],[-71.5577,-41.0224],[-71.4615,-41.0406],[-71.3607,-41.0887],[-71.3062,-41.1001],[-71.2521,-41.0979],[-71.2194,-41.0862],[-71.1749,-41.0562],[-71.1396,-41.0546],[-71.1147,-41.007],[-71.0886,-40.9972],[-71.1023,-40.9906],[-71.0605,-40.981],[-71.051,-40.963],[-71.0364,-40.9559],[-71.043,-40.9481],[-71.032,-40.9331],[-71.039,-40.889],[-71.0536,-40.8823],[-71.0467,-40.8714],[-71.0689,-40.8507],[-71.0857,-40.8525],[-71.1,-40.8404],[-71.0918,-40.8303],[-71.1009,-40.813],[-71.1193,-40.8041],[-71.1204,-40.7576],[-71.1025,-40.7466],[-71.0932,-40.7265],[-71.0297,-40.7244],[-71.0118,-40.6793],[-70.9765,-40.6487],[-70.8791,-40.6204],[-70.8649,-40.597],[-71.1526,-40.5992],[-71.1956,-40.5823],[-71.2663,-40.5886],[-71.2763,-40.5949],[-71.3281,-40.5697],[-71.3562,-40.5403],[-71.3853,-40.5397],[-71.4239,-40.5274],[-71.4491,-40.5368],[-71.4634,-40.5203],[-71.5166,-40.5058],[-71.5364,-40.4959],[-71.5404,-40.4787],[-71.5747,-40.4524],[-71.6058,-40.462],[-71.6145,-40.445],[-71.6553,-40.4505],[-71.681,-40.436],[-71.6941,-40.4338],[-71.7087,-40.4225]]]}},
{"type":"Feature","properties":{"name":"Minas","georefId":"58077","provinciaGeorefId":"58","tipo":"Departamento"},"geometry":{"type":"Polygon","coordinates":[[[-70.4753,-36.1736],[-70.4913,-36.1789],[-70.5234,-36.1472],[-70.5695,-36.1327],[-70.5829,-36.1473],[-70.5709,-36.1756],[-70.5864,-36.1902],[-70.5997,-36.1923],[-70.6082,-36.2067],[-70.6332,-36.2172],[-70.6247,-36.2277],[-70.6321,-36.239],[-70.6665,-36.2434],[-70.7062,-36.2726],[-70.7038,-36.2798],[-70.6855,-36.2838],[-70.6848,-36.3047],[-70.7032,-36.322],[-70.7124,-36.345],[-70.6818,-36.3727],[-70.6793,-36.39],[-70.713,-36.4278],[-70.7394,-36.4298],[-70.7351,-36.4157],[-70.7478,-36.4059],[-70.7732,-36.4288],[-70.7909,-36.4287],[-70.8177,-36.3954],[-70.8358,-36.4152],[-70.8492,-36.4187],[-70.8691,-36.4111],[-70.8648,-36.3972],[-70.8838,-36.3962],[-70.8939,-36.4713],[-70.928,-36.4744],[-70.9338,-36.4915],[-70.9447,-36.4907],[-70.9564,-36.5036],[-71.0109,-36.4876],[-71.0217,-36.4726],[-71.0384,-36.4774],[-71.0352,-36.5098],[-71.0507,-36.5236],[-71.0407,-36.5507],[-71.0546,-36.5713],[-71.0472,-36.6067],[-71.0572,-36.6187],[-71.041,-36.6315],[-71.0435,-36.6449],[-71.0291,-36.6502],[-71.0274,-36.6632],[-71.012,-36.6639],[-71.0092,-36.6912],[-71.0155,-36.6993],[-71.0649,-36.7147],[-71.0769,-36.7074],[-71.0859,-36.6782],[-71.1133,-36.6794],[-71.1197,-36.6999],[-71.1114,-36.7283],[-71.1284,-36.7636],[-71.1319,-36.8147],[-71.1531,-36.8279],[-71.1538,-36.8187],[-71.1628,-36.8191],[-71.18,-36.8414],[-71.1631,-36.8614],[-71.1384,-36.8533],[-71.1191,-36.8692],[-71.1493,-36.9014],[-71.144,-36.9293],[-71.0956,-36.9253],[-71.088,-36.938],[-71.106,-36.9709],[-71.1187,-36.9688],[-71.1485,-36.9808],[-71.1849,-36.9682],[-71.2224,-36.9782],[-71.1882,-36.9964],[-71.1673,-36.997],[-71.1437,-37.0326],[-71.1418,-37.0695],[-71.12,-37.0741],[-71.1228,-37.0916],[-71.0924,-37.1142],[-71.0957,-37.1261],[-71.1242,-37.1356],[-71.1353,-37.1478],[-71.1361,-37.1657],[-71.1142,-37.206],[-71.1391,-37.2196],[-71.1704,-37.2254],[-71.1557,-37.2328],[-71.1598,-37.241],[-71.1527,-37.259],[-71.1658,-37.3028],[-71.1449,-37.3362],[-71.1158,-37.3452],[-71.0938,-37.3668],[-71.0676,-37.3622],[-71.0492,-37.3723],[-71.0287,-37.3654],[-71.0158,-37.3684],[-71.0067,-37.3591],[-70.979,-37.366],[-70.8813,-37.3421],[-70.8493,-37.3486],[-70.8344,-37.3415],[-70.7952,-37.3504],[-70.7264,-37.3315],[-70.7126,-37.3449],[-70.6995,-37.3356],[-70.673,-37.3475],[-70.643,-37.3494],[-70.6337,-37.3598],[-70.6201,-37.3584],[-70.6117,-37.3796],[-70.5948,-37.3695],[-70.5857,-37.3829],[-70.578,-37.3724],[-70.5642,-37.3788],[-70.5578,-37.3649],[-70.5349,-37.3797],[-70.5352,-37.368],[-70.5169,-37.3712],[-70.5118,-37.3653],[-70.4758,-36.1963],[-70.4751,-36.1743],[-70.4753,-36.1736]]]}},
{"type":"Feature","properties":{"name":"Ñorquín","georefId":"58084","provinciaGeorefId":"58","tipo":"Departamento"},"geometry":{"type":"Polygon","coordinates":[[[-70.5118,-37.3653],[-70.5169,-37.3712],[-70.5352,-37.368],[-70.5349,-37.3797],[-70.5578,-37.3649],[-70.5642,-37.3788],[-70.578,-37.3724],[-70.5857,-37.3829],[-70.5948,-37.3695],[-70.6117,-37.3796],[-70.6201,-37.3584],[-70.6337,-37.3598],[-70.643,-37.3494],[-70.673,-37.3475],[-70.6995,-37.3356],[-70.7126,-37.3449],[-70.7264,-37.3315],[-70.7952,-37.3504],[-70.8344,-37.3415],[-70.8493,-37.3486],[-70.8813,-37.3421],[-70.979,-37.366],[-71.0067,-37.3591],[-71.0158,-37.3684],[-71.0287,-37.3654],[-71.0492,-37.3723],[-71.0676,-37.3622],[-71.0938,-37.3668],[-71.1158,-37.3452],[-71.1449,-37.3362],[-71.1658,-37.3028],[-71.1527,-37.259],[-71.1598,-37.241],[-71.1745,-37.2598],[-71.1834,-37.2588],[-71.188,-37.2759],[-71.221,-37.2751],[-71.2078,-37.3383],[-71.1857,-37.3548],[-71.2017,-37.3651],[-71.1973,-37.3839],[-71.1791,-37.3968],[-71.1576,-37.3967],[-71.1425,-37.4402],[-71.1201,-37.4581],[-71.1225,-37.5034],[-71.1331,-37.5294],[-71.1515,-37.5393],[-71.137,-37.5457],[-71.126,-37.5816],[-71.1462,-37.6081],[-71.1733,-37.6119],[-71.1963,-37.6292],[-71.2063,-37.648],[-71.1997,-37.6639],[-71.2127,-37.6882],[-71.2095,-37.6999],[-71.1888,-37.7125],[-71.1838,-37.7369],[-71.1562,-37.7572],[-71.1698,-37.7854],[-71.1592,-37.791],[-71.153,-37.8088],[-71.1264,-37.8207],[-71.1316,-37.8323],[-71.1574,-37.8379],[-71.1662,-37.8542],[-71.183,-37.8584],[-71.1476,-37.8572],[-71.1342,-37.863],[-71.1228,-37.8832],[-71.0987,-37.9016],[-71.1118,-37.919],[-71.0923,-37.9201],[-71.0404,-37.9425],[-71.0239,-37.9583],[-70.9956,-37.9532],[-70.9506,-37.9597],[-70.8974,-37.9437],[-70.8178,-37.9501],[-70.7983,-37.9449],[-70.7093,-37.9641],[-70.6841,-37.9603],[-70.6026,-38.0045],[-70.0321,-37.6342],[-70.0485,-37.5817],[-70.0456,-37.5584],[-70.0625,-37.5469],[-70.0627,-37.5377],[-70.0856,-37.5312],[-70.0949,-37.5015],[-70.1557,-37.4759],[-70.1719,-37.4766],[-70.1963,-37.4568],[-70.1968,-37.436],[-70.2246,-37.409],[-70.2526,-37.3972],[-70.2793,-37.3967],[-70.3108,-37.3713],[-70.3322,-37.3731],[-70.3671,-37.3639],[-70.4115,-37.3863],[-70.4261,-37.3763],[-70.4339,-37.3512],[-70.4478,-37.3443],[-70.4592,-37.3653],[-70.4693,-37.3612],[-70.48,-37.3707],[-70.5118,-37.3653]]]}},
{"type":"Feature","properties":{"name":"Pehuenches","georefId":"58091","provinciaGeorefId":"58","tipo":"Departamento"},"geometry":{"type":"Polygon","coordinates":[[[-70.0425,-36.659],[-70.0578,-37.258],[-70.0285,-37.2708],[-70.0215,-37.2854],[-70.0275,-37.3098],[-70.0425,-37.318],[-70.0709,-37.3727],[-70.1004,-37.4057],[-70.1058,-37.4339],[-70.0839,-37.4749],[-70.0848,-37.4852],[-70.0995,-37.4898],[-70.0949,-37.5015],[-70.0856,-37.5312],[-70.0627,-37.5377],[-70.0625,-37.5469],[-70.0456,-37.5584],[-70.0485,-37.5817],[-70.0321,-37.6342],[-70.0376,-37.6474],[-70.0267,-37.6557],[-69.9962,-37.654],[-69.9792,-37.6674],[-69.9108,-37.6668],[-69.8857,-37.6914],[-69.062,-37.698],[-68.2538,-37.7046],[-68.2543,-37.5719],[-68.2613,-37.5753],[-68.2899,-37.559],[-68.3033,-37.5634],[-68.3144,-37.5565],[-68.3491,-37.5567],[-68.355,-37.5472],[-68.4012,-37.5587],[-68.4367,-37.5446],[-68.5049,-37.4541],[-68.5231,-37.4587],[-68.5486,-37.4498],[-68.5699,-37.4563],[-68.6137,-37.4386],[-68.6341,-37.4475],[-68.6966,-37.4423],[-68.7017,-37.4145],[-68.7216,-37.3889],[-68.7661,-37.3665],[-68.7835,-37.3676],[-68.8144,-37.3864],[-68.8492,-37.3901],[-68.8652,-37.4013],[-68.8847,-37.382],[-68.9281,-37.3799],[-68.943,-37.3718],[-68.9696,-37.3729],[-68.9771,-37.3793],[-69.026,-37.3648],[-69.0455,-37.3345],[-69.0395,-37.3215],[-69.0493,-37.3147],[-69.0383,-37.2556],[-69.0641,-37.2236],[-69.089,-37.2202],[-69.1037,-37.2051],[-69.1313,-37.2027],[-69.1729,-37.1779],[-69.2077,-37.1714],[-69.2196,-37.1774],[-69.2617,-37.1556],[-69.2683,-37.1445],[-69.2861,-37.1445],[-69.2992,-37.1551],[-69.3349,-37.1514],[-69.3515,-37.164],[-69.3777,-37.1596],[-69.397,-37.1719],[-69.4216,-37.1693],[-69.4301,-37.1595],[-69.465,-37.1726],[-69.4962,-37.1753],[-69.5109,-37.1669],[-69.5296,-37.1744],[-69.5528,-37.1616],[-69.5761,-37.1631],[-69.5807,-37.1517],[-69.6275,-37.1437],[-69.6533,-37.1227],[-69.6991,-37.1006],[-69.7115,-37.1015],[-69.7556,-37.0686],[-69.7685,-37.0233],[-69.7646,-37.0003],[-69.7763,-36.9912],[-69.7703,-36.9247],[-69.779,-36.9168],[-69.7725,-36.9009],[-69.7521,-36.8862],[-69.7597,-36.8715],[-69.7875,-36.8694],[-69.8196,-36.8491],[-69.8506,-36.8463],[-69.8736,-36.8114],[-69.9217,-36.7948],[-69.9277,-36.7833],[-69.92,-36.7623],[-69.9439,-36.7449],[-69.9475,-36.7216],[-69.9875,-36.6929],[-70.0122,-36.6955],[-70.0221,-36.6658],[-70.0425,-36.659]]]}},
{"type":"Feature","properties":{"name":"Picún Leufú","georefId":"58098","provinciaGeorefId":"58","tipo":"Departamento"},"geometry":{"type":"Polygon","coordinates":[[[-68.8198,-39.3689],[-69.286,-38.9999],[-69.6208,-39.253],[-69.7133,-39.1788],[-69.8985,-39.3183],[-70.0281,-39.4154],[-69.8369,-39.568],[-69.5281,-39.8144],[-69.507,-39.8154],[-69.4953,-39.7976],[-69.4731,-39.7844],[-69.4219,-39.7681],[-69.4093,-39.7487],[-69.3897,-39.7431],[-69.3903,-39.7316],[-69.3747,-39.7317],[-69.3665,-39.7178],[-69.349,-39.7121],[-69.343,-39.6804],[-69.314,-39.6539],[-69.29,-39.653],[-69.2937,-39.6455],[-69.2723,-39.629],[-69.2771,-39.5964],[-69.2263,-39.5713],[-69.1771,-39.5606],[-69.1128,-39.5147],[-69.0475,-39.5267],[-68.9999,-39.5152],[-68.9307,-39.461],[-68.921,-39.4248],[-68.8865,-39.4025],[-68.8478,-39.393],[-68.8198,-39.3689]]]}},
{"type":"Feature","properties":{"name":"Picunches","georefId":"58105","provinciaGeorefId":"58","tipo":"Departamento"},"geometry":{"type":"Polygon","coordinates":[[[-69.7053,-38.3707],[-69.7349,-38.3378],[-69.7507,-38.3381],[-69.7572,-38.3287],[-69.7626,-38.3378],[-69.8049,-38.3174],[-69.8339,-38.3181],[-69.8838,-38.3062],[-69.9018,-38.3218],[-70.5893,-38.3121],[-70.6136,-38.2671],[-70.6474,-38.269],[-70.7093,-38.3093],[-70.7681,-38.3294],[-70.8178,-38.3235],[-70.8444,-38.2959],[-70.9084,-38.277],[-70.9275,-38.2609],[-71.0172,-38.1134],[-71.0433,-38.123],[-71.0288,-38.134],[-71.0244,-38.1498],[-71.0098,-38.1533],[-71.0104,-38.162],[-70.9959,-38.1713],[-70.9967,-38.2026],[-71.001,-38.2109],[-71.0203,-38.214],[-71.0176,-38.2391],[-71.032,-38.2497],[-71.009,-38.2617],[-71.0107,-38.2824],[-70.9981,-38.2912],[-71.0031,-38.323],[-70.9968,-38.3556],[-70.9824,-38.3644],[-70.9839,-38.4301],[-70.9772,-38.4429],[-70.9521,-38.4499],[-70.9108,-38.5041],[-70.8669,-38.5136],[-70.8425,-38.5382],[-70.8323,-38.5672],[-70.8353,-38.5873],[-70.8265,-38.5911],[-70.8369,-38.6124],[-70.8616,-38.6241],[-70.9046,-38.6669],[-70.9006,-38.6895],[-70.8845,-38.6982],[-70.8903,-38.7208],[-70.8552,-38.7223],[-70.8521,-38.7229],[-70.8488,-38.7315],[-70.8178,-38.7434],[-70.7819,-38.7324],[-70.7824,-38.7509],[-70.7673,-38.7729],[-70.7407,-38.7899],[-70.7215,-38.7831],[-70.698,-38.7887],[-70.7,-38.8086],[-70.6502,-38.8496],[-70.6477,-38.8632],[-70.6634,-38.8897],[-70.6603,-38.9231],[-70.6383,-38.9393],[-70.6276,-38.969],[-70.6028,-38.9916],[-70.6274,-39.0089],[-70.6103,-39.0377],[-70.6248,-39.0626],[-70.6246,-39.0759],[-70.6105,-39.0916],[-70.6128,-39.1218],[-70.6001,-39.1229],[-70.4866,-39.0387],[-70.1401,-38.7828],[-70.0605,-38.7758],[-70.0268,-38.7471],[-70.0006,-38.71],[-69.9452,-38.6853],[-69.9312,-38.6612],[-69.9023,-38.6407],[-69.8658,-38.6376],[-69.8434,-38.6231],[-69.7781,-38.6046],[-69.7625,-38.578],[-69.7633,-38.5454],[-69.7489,-38.5244],[-69.7243,-38.5127],[-69.7118,-38.5166],[-69.6614,-38.5091],[-69.6175,-38.4781],[-69.5584,-38.4691],[-69.5437,-38.4806],[-69.5513,-38.4598],[-69.568,-38.4528],[-69.5747,-38.4364],[-69.6114,-38.421],[-69.6359,-38.4256],[-69.6512,-38.4018],[-69.6717,-38.3946],[-69.6695,-38.378],[-69.6818,-38.3766],[-69.6875,-38.3674],[-69.7053,-38.3707]]]}},
{"type":"Feature","properties":{"name":"Zapala","georefId":"58112","provinciaGeorefId":"58","tipo":"Departamento"},"geometry":{"type":"Polygon","coordinates":[[[-69.5437,-38.4806],[-69.5584,-38.4691],[-69.6175,-38.4781],[-69.6614,-38.5091],[-69.7118,-38.5166],[-69.7243,-38.5127],[-69.7489,-38.5244],[-69.7633,-38.5454],[-69.7625,-38.578],[-69.7781,-38.6046],[-69.8434,-38.6231],[-69.8658,-38.6376],[-69.9023,-38.6407],[-69.9312,-38.6612],[-69.9452,-38.6853],[-70.0006,-38.71],[-70.0268,-38.7471],[-70.0605,-38.7758],[-70.1401,-38.7828],[-70.4866,-39.0387],[-70.3781,-39.1279],[-70.3647,-39.1192],[-70.3348,-39.1258],[-70.3291,-39.1333],[-70.3173,-39.1312],[-70.2752,-39.18],[-70.2412,-39.1971],[-70.2223,-39.1908],[-70.2166,-39.197],[-70.1918,-39.1903],[-70.1877,-39.1977],[-70.15,-39.1908],[-70.1461,-39.1974],[-70.0764,-39.2066],[-70.0583,-39.2154],[-70.0627,-39.2276],[-70.0515,-39.2454],[-69.9914,-39.2665],[-69.9793,-39.2798],[-69.9443,-39.2833],[-69.9197,-39.3116],[-69.8985,-39.3183],[-69.7133,-39.1788],[-69.6208,-39.253],[-69.286,-38.9999],[-69.5475,-38.7932],[-69.3177,-38.6146],[-69.3288,-38.5954],[-69.3482,-38.5995],[-69.3963,-38.5611],[-69.395,-38.5484],[-69.4104,-38.5401],[-69.4032,-38.5279],[-69.4283,-38.5035],[-69.4692,-38.4864],[-69.4714,-38.4999],[-69.4859,-38.5087],[-69.4844,-38.4903],[-69.4978,-38.4857],[-69.5372,-38.4922],[-69.5437,-38.4806]]]}},
{"type":"Feature","properties":{"name":"Adolfo Alsina","georefId":"62007","provinciaGeorefId":"62","tipo":"Departamento"},"geometry":{"type":"Polygon","coordinates":[[[-63.3808,-40.4086],[-63.8309,-40.4105],[-63.848,-40.4058],[-63.8453,-40.3903],[-63.9976,-40.5063],[-64.083,-40.4422],[-64.6015,-40.4389],[-64.6032,-40.8502],[-64.5326,-40.8677],[-64.4666,-40.9005],[-64.421,-40.9076],[-64.3997,-40.917],[-64.3951,-40.9271],[-64.3114,-40.956],[-64.2062,-41.0098],[-64.112,-41.0229],[-64.0959,-41.0187],[-64.1091,-41.0098],[-64.0989,-41.0018],[-64.1041,-41.007],[-64.0818,-41.0267],[-64.1144,-41.0301],[-63.9585,-41.0731],[-63.9226,-41.0921],[-63.8824,-41.1325],[-63.7772,-41.1604],[-63.6176,-41.1556],[-63.4373,-41.162],[-63.321,-41.1511],[-63.2291,-41.1592],[-63.1165,-41.1555],[-63.0533,-41.144],[-62.993,-41.1095],[-62.8845,-41.0794],[-62.8324,-41.0562],[-62.7897,-41.0242],[-62.802,-40.9826],[-62.879,-40.8948],[-62.9422,-40.8427],[-62.9576,-40.8181],[-62.9804,-40.8155],[-62.9972,-40.7985],[-63.0311,-40.7944],[-63.0472,-40.7732],[-63.0967,-40.7628],[-63.1136,-40.7474],[-63.1921,-40.7167],[-63.2055,-40.7232],[-63.2722,-40.7227],[-63.2853,-40.7294],[-63.2971,-40.7237],[-63.3001,-40.7111],[-63.3572,-40.7003],[-63.366,-40.6892],[-63.3668,-40.7017],[-63.3793,-40.7104],[-63.3808,-40.4086]]]}},
{"type":"Feature","properties":{"name":"Avellaneda","georefId":"62014","provinciaGeorefId":"62","tipo":"Departamento"},"geometry":{"type":"Polygon","coordinates":[[[-65.6887,-38.8337],[-65.7018,-38.8163],[-65.7126,-38.825],[-65.7486,-38.8104],[-65.7561,-38.8161],[-65.7782,-38.8116],[-65.7873,-38.7946],[-65.805,-38.8063],[-65.8111,-38.8026],[-65.8047,-38.7939],[-65.8202,-38.7887],[-65.8244,-38.7988],[-65.8411,-38.7866],[-65.8643,-38.7998],[-65.8658,-38.789],[-65.8824,-38.7904],[-65.8771,-38.7779],[-65.9112,-38.7829],[-65.9125,-38.7649],[-65.9276,-38.7752],[-65.9255,-38.7642],[-65.9467,-38.7679],[-65.951,-38.7473],[-66.019,-38.7409],[-66.0307,-38.7513],[-66.032,-38.7389],[-66.0377,-38.7476],[-66.0549,-38.7427],[-66.0647,-38.7511],[-66.0846,-38.7253],[-66.107,-38.7277],[-66.1198,-38.7433],[-66.1205,-38.734],[-66.1331,-38.7393],[-66.155,-38.7289],[-66.1769,-38.7452],[-66.1802,-38.7313],[-66.1982,-38.7372],[-66.2074,-38.7313],[-66.218,-38.741],[-66.249,-38.7362],[-66.2883,-38.7557],[-66.2901,-38.7459],[-66.3084,-38.7429],[-66.3151,-38.7613],[-66.3233,-38.748],[-66.3418,-38.7577],[-66.3575,-38.7449],[-66.3891,-38.7384],[-66.4044,-38.7441],[-66.4076,-38.7306],[-66.4165,-38.7437],[-66.4418,-38.7456],[-66.464,-38.7315],[-66.4764,-38.7371],[-66.4757,-38.7274],[-66.4882,-38.7295],[-66.4988,-38.718],[-66.5386,-38.7209],[-66.5544,-38.6979],[-66.5752,-38.7014],[-66.5833,-38.6969],[-66.5788,-38.6905],[-66.6071,-38.6791],[-66.5954,-38.6747],[-66.5983,-38.6505],[-66.5782,-38.6228],[-66.6006,-38.5983],[-66.5953,-38.5897],[-66.6058,-38.5808],[-66.6099,-38.558],[-66.6338,-38.5568],[-66.6336,-38.5447],[-66.6448,-38.5376],[-66.6391,-39.1016],[-66.5655,-39.092],[-66.5716,-39.2829],[-67.001,-39.3777],[-67.3628,-39.4669],[-67.8722,-39.8109],[-66.8257,-39.9106],[-65.7742,-39.9187],[-65.2946,-39.9185],[-65.2834,-39.9253],[-65.2137,-39.8709],[-65.2373,-39.8616],[-65.2457,-39.8659],[-65.2455,-39.8507],[-65.2184,-38.8371],[-65.2805,-38.8214],[-65.3771,-38.8556],[-65.3908,-38.8307],[-65.5025,-38.7981],[-65.5232,-38.7792],[-65.5695,-38.7848],[-65.5849,-38.7745],[-65.6243,-38.7875],[-65.6085,-38.7984],[-65.6171,-38.8087],[-65.6322,-38.8024],[-65.631,-38.8183],[-65.6464,-38.8094],[-65.6525,-38.8274],[-65.6849,-38.8317],[-65.6887,-38.8337]]]}},
{"type":"Feature","properties":{"name":"Bariloche","georefId":"62021","provinciaGeorefId":"62","tipo":"Departamento"},"geometry":{"type":"Polygon","coordinates":[[[-71.6663,-41.0287],[-71.7027,-41.0218],[-71.792,-41.0203],[-71.7955,-41.0208],[-71.8315,-41.0297],[-71.8467,-41.0234],[-71.8607,-41.0307],[-71.8391,-41.0359],[-71.835,-41.051],[-71.8179,-41.0621],[-71.8461,-41.0815],[-71.8521,-41.0984],[-71.8362,-41.1182],[-71.8394,-41.1495],[-71.8871,-41.161],[-71.8878,-41.1669],[-71.8736,-41.2062],[-71.8552,-41.2138],[-71.8603,-41.2333],[-71.8457,-41.243],[-71.8565,-41.2481],[-71.8343,-41.2718],[-71.8569,-41.2575],[-71.8984,-41.2551],[-71.8881,-41.2644],[-71.8967,-41.2789],[-71.8904,-41.2922],[-71.8769,-41.2965],[-71.8764,-41.308],[-71.8865,-41.3146],[-71.8825,-41.3244],[-71.9009,-41.3319],[-71.8995,-41.341],[-71.913,-41.3404],[-71.9094,-41.3618],[-71.8898,-41.3675],[-71.8878,-41.3794],[-71.8651,-41.3977],[-71.8656,-41.4203],[-71.8358,-41.4326],[-71.8443,-41.4543],[-71.8286,-41.4806],[-71.8524,-41.5155],[-71.8475,-41.5354],[-71.8281,-41.5512],[-71.8176,-41.5756],[-71.8478,-41.5667],[-71.8854,-41.6064],[-71.8572,-41.6451],[-71.8372,-41.6472],[-71.8318,-41.675],[-71.8178,-41.6699],[-71.8176,-41.6898],[-71.7937,-41.695],[-71.7919,-41.703],[-71.8101,-41.7207],[-71.7845,-41.7347],[-71.7763,-41.7675],[-71.7536,-41.7867],[-71.7685,-41.7861],[-71.7741,-41.794],[-71.7689,-41.8108],[-71.7515,-41.8245],[-71.7922,-41.8311],[-71.7977,-41.8429],[-71.7727,-41.9307],[-71.7831,-41.9443],[-71.7944,-41.9448],[-71.7945,-41.9616],[-71.7737,-42],[-71.7581,-42],[-71.6253,-42],[-71.1749,-42],[-71.2401,-41.954],[-71.2258,-41.8558],[-71.3064,-41.8209],[-71.2255,-41.6654],[-71.2295,-41.4998],[-71.2243,-41.3361],[-71.1947,-41.3368],[-71.1809,-41.3286],[-71.1987,-41.316],[-71.2144,-41.3158],[-71.2172,-41.2965],[-71.1681,-41.2394],[-71.1563,-41.1822],[-71.1152,-41.1487],[-71.1134,-41.1366],[-71.1201,-41.1202],[-71.1433,-41.1086],[-71.146,-41.0847],[-71.2194,-41.0862],[-71.2521,-41.0979],[-71.3062,-41.1001],[-71.3607,-41.0887],[-71.4615,-41.0406],[-71.5577,-41.0224],[-71.6076,-41.0349],[-71.6624,-41.0297],[-71.6663,-41.0287]]]}},
{"type":"Feature","properties":{"name":"Conesa","georefId":"62028","provinciaGeorefId":"62","tipo":"Departamento"},"geometry":{"type":"Polygon","coordinates":[[[-63.3824,-39.8719],[-64,-39.8708],[-65.2455,-39.8507],[-65.2457,-39.8659],[-65.2373,-39.8616],[-65.2137,-39.8709],[-65.2834,-39.9253],[-65.1932,-39.9798],[-65.194,-40.4365],[-64.6015,-40.4389],[-64.083,-40.4422],[-63.9976,-40.5063],[-63.8453,-40.3903],[-63.848,-40.4058],[-63.8309,-40.4105],[-63.3808,-40.4086],[-63.3824,-39.8719]]]}},
{"type":"Feature","properties":{"name":"El Cuy","georefId":"62035","provinciaGeorefId":"62","tipo":"Departamento"},"geometry":{"type":"Polygon","coordinates":[[[-68.0026,-38.989],[-67.9986,-38.9961],[-68.0196,-38.9774],[-68.0469,-38.9779],[-68.058,-38.9811],[-68.0575,-38.9916],[-68.0787,-38.9951],[-68.1484,-38.975],[-68.1654,-38.9798],[-68.1777,-38.9672],[-68.2078,-38.9713],[-68.231,-38.9913],[-68.2612,-38.983],[-68.2833,-38.9852],[-68.3016,-38.9754],[-68.3074,-38.9905],[-68.355,-39.0019],[-68.4123,-39.0344],[-68.4266,-39.0286],[-68.4692,-39.0457],[-68.5048,-39.0715],[-68.5158,-39.0664],[-68.5245,-39.0774],[-68.5617,-39.0765],[-68.5947,-39.1202],[-68.6608,-39.1723],[-68.6533,-39.1992],[-68.6655,-39.2173],[-68.8101,-39.2935],[-68.8193,-39.3257],[-68.8081,-39.3474],[-68.8198,-39.3689],[-68.8478,-39.393],[-68.8865,-39.4025],[-68.921,-39.4248],[-68.9307,-39.461],[-68.9999,-39.5152],[-69.0475,-39.5267],[-69.1128,-39.5147],[-69.1771,-39.5606],[-69.2263,-39.5713],[-69.2771,-39.5964],[-69.2723,-39.629],[-69.2937,-39.6455],[-69.29,-39.653],[-69.314,-39.6539],[-69.343,-39.6804],[-69.349,-39.7121],[-69.3665,-39.7178],[-69.3747,-39.7317],[-69.3903,-39.7316],[-69.3897,-39.7431],[-69.4093,-39.7487],[-69.4219,-39.7681],[-69.4731,-39.7844],[-69.4953,-39.7976],[-69.507,-39.8154],[-69.5281,-39.8144],[-69.5581,-39.8094],[-69.5847,-39.8146],[-69.5966,-39.8301],[-69.6287,-39.8425],[-69.6507,-39.8362],[-69.6712,-39.8498],[-69.6966,-39.8463],[-69.7294,-39.8689],[-69.7549,-39.876],[-69.8079,-40.6651],[-69.3867,-40.4688],[-68.7863,-40.4284],[-68.5948,-40.1326],[-68.2315,-40.0731],[-67.8722,-39.8109],[-67.3628,-39.4669],[-67.001,-39.3777],[-66.5716,-39.2829],[-66.5655,-39.092],[-66.6391,-39.1016],[-66.6796,-39.1043],[-66.7235,-39.1251],[-66.7313,-39.1393],[-66.7455,-39.1328],[-66.7932,-39.1415],[-66.84,-39.1345],[-66.859,-39.1437],[-66.8616,-39.1571],[-66.9309,-39.1528],[-66.9694,-39.1696],[-67.0224,-39.1781],[-67.0376,-39.1702],[-67.1311,-39.1567],[-67.1653,-39.1357],[-67.1621,-39.1223],[-67.1893,-39.1231],[-67.2095,-39.1014],[-67.2224,-39.1128],[-67.2544,-39.1126],[-67.2781,-39.0957],[-67.3286,-39.1032],[-67.3679,-39.0878],[-67.3762,-39.0969],[-67.4336,-39.0761],[-67.4552,-39.0846],[-67.4662,-39.0789],[-67.4807,-39.0845],[-67.5066,-39.0833],[-67.5286,-39.0733],[-67.606,-39.1085],[-67.6491,-39.109],[-67.6688,-39.095],[-67.6894,-39.0948],[-67.7089,-39.0854],[-67.7323,-39.066],[-67.7575,-39.0626],[-67.7712,-39.049],[-67.7856,-39.0506],[-67.7946,-39.0398],[-67.8547,-39.0293],[-67.906,-39.0081],[-67.9394,-39.0092],[-67.9631,-38.9931],[-68.0026,-38.989]]]}},
{"type":"Feature","properties":{"name":"General Roca","georefId":"62042","provinciaGeorefId":"62","tipo":"Departamento"},"geometry":{"type":"Polygon","coordinates":[[[-67.1029,-38.3791],[-67.1197,-38.356],[-67.1329,-38.3537],[-67.1414,-38.3616],[-67.156,-38.3533],[-67.1479,-38.3316],[-67.1582,-38.3061],[-67.1531,-38.2913],[-67.1724,-38.2792],[-67.1705,-38.2609],[-67.1966,-38.2538],[-67.1876,-38.2145],[-67.2611,-38.2171],[-67.3171,-38.2476],[-67.3442,-38.2518],[-67.5479,-38.2563],[-67.5932,-38.2406],[-67.6565,-38.2018],[-67.6818,-38.1648],[-67.687,-38.1358],[-67.7075,-38.1234],[-67.7186,-38.1304],[-67.7301,-38.1148],[-67.7303,-38.0758],[-67.7476,-38.074],[-67.7507,-38.0561],[-67.7625,-38.0687],[-67.7819,-38.0519],[-67.8093,-38.0724],[-67.8352,-38.0559],[-67.8493,-38.0663],[-67.8497,-38.0518],[-67.8614,-38.0535],[-67.8831,-38.0188],[-67.8951,-38.0181],[-67.8884,-38.0004],[-67.8994,-37.998],[-67.9033,-37.9821],[-67.885,-37.9555],[-67.8706,-37.9506],[-67.8728,-37.9399],[-67.818,-37.9029],[-67.7817,-37.8955],[-67.7805,-37.8874],[-67.7668,-37.8851],[-67.7305,-37.8519],[-67.7238,-37.7935],[-67.74,-37.7886],[-67.7403,-37.7654],[-67.7604,-37.7434],[-67.7703,-37.6705],[-67.7856,-37.6523],[-67.8093,-37.6467],[-67.8443,-37.6194],[-67.8706,-37.6129],[-67.8766,-37.6191],[-67.9173,-37.6184],[-67.9442,-37.6032],[-67.9831,-37.6079],[-68.0292,-37.5964],[-68.0655,-37.598],[-68.0841,-37.5891],[-68.1068,-37.5962],[-68.1525,-37.5803],[-68.2193,-37.5882],[-68.2391,-37.585],[-68.2543,-37.5719],[-68.2538,-37.7046],[-68.2563,-38.6795],[-68.2213,-38.7081],[-68.1969,-38.7099],[-68.1894,-38.7228],[-68.1803,-38.7183],[-68.1631,-38.7379],[-68.1319,-38.7504],[-68.1206,-38.7473],[-68.1261,-38.7675],[-68.1139,-38.7847],[-68.1183,-38.7933],[-68.1058,-38.8045],[-68.1106,-38.8125],[-68.0928,-38.8196],[-68.0952,-38.8308],[-68.0812,-38.8483],[-68.094,-38.8586],[-68.0715,-38.8715],[-68.0692,-38.9029],[-68.0504,-38.9121],[-68.0394,-38.9419],[-68.0074,-38.9594],[-68.0003,-38.9738],[-68.012,-38.979],[-68.0026,-38.989],[-67.9631,-38.9931],[-67.9394,-39.0092],[-67.906,-39.0081],[-67.8547,-39.0293],[-67.7946,-39.0398],[-67.7856,-39.0506],[-67.7712,-39.049],[-67.7575,-39.0626],[-67.7323,-39.066],[-67.7089,-39.0854],[-67.6894,-39.0948],[-67.6688,-39.095],[-67.6491,-39.109],[-67.606,-39.1085],[-67.5286,-39.0733],[-67.5066,-39.0833],[-67.4807,-39.0845],[-67.4662,-39.0789],[-67.4552,-39.0846],[-67.4336,-39.0761],[-67.3762,-39.0969],[-67.3679,-39.0878],[-67.3286,-39.1032],[-67.2781,-39.0957],[-67.2544,-39.1126],[-67.2224,-39.1128],[-67.2095,-39.1014],[-67.1893,-39.1231],[-67.1621,-39.1223],[-67.1653,-39.1357],[-67.1311,-39.1567],[-67.0376,-39.1702],[-67.0224,-39.1781],[-66.9694,-39.1696],[-66.9309,-39.1528],[-66.8616,-39.1571],[-66.859,-39.1437],[-66.84,-39.1345],[-66.7932,-39.1415],[-66.7455,-39.1328],[-66.7313,-39.1393],[-66.7235,-39.1251],[-66.6796,-39.1043],[-66.6391,-39.1016],[-66.6448,-38.5376],[-66.7122,-38.5318],[-66.7144,-38.521],[-66.7459,-38.5173],[-66.7861,-38.4805],[-66.812,-38.4848],[-66.8544,-38.4756],[-66.8716,-38.4634],[-66.8921,-38.462],[-66.897,-38.4437],[-66.9489,-38.4526],[-66.9704,-38.4426],[-66.9958,-38.4457],[-67.007,-38.4243],[-67.0918,-38.3996],[-67.1017,-38.3811],[-67.1029,-38.3791]]]}},
{"type":"Feature","properties":{"name":"9 de Julio","georefId":"62049","provinciaGeorefId":"62","tipo":"Departamento"},"geometry":{"type":"Polygon","coordinates":[[[-66.8257,-39.9106],[-67.8722,-39.8109],[-68.2315,-40.0731],[-68.0085,-40.1582],[-68.0436,-40.9801],[-68.0857,-42],[-66.8769,-42],[-66.8514,-40.8685],[-66.8257,-39.9106]]]}},
{"type":"Feature","properties":{"name":"Ñorquinco","georefId":"62056","provinciaGeorefId":"62","tipo":"Departamento"},"geometry":{"type":"Polygon","coordinates":[[[-69.3895,-42],[-69.7553,-41.5052],[-70.2697,-41.4153],[-70.6164,-41.4134],[-70.689,-41.438],[-70.8131,-41.5229],[-70.9292,-41.4276],[-71.0304,-41.5419],[-71.2295,-41.4998],[-71.2255,-41.6654],[-71.3064,-41.8209],[-71.2258,-41.8558],[-71.2401,-41.954],[-71.1749,-42],[-70.3733,-42],[-69.5002,-42],[-69.4281,-42],[-69.3895,-42]]]}},
{"type":"Feature","properties":{"name":"Pichi Mahuida","georefId":"62063","provinciaGeorefId":"62","tipo":"Departamento"},"geometry":{"type":"Polygon","coordinates":[[[-64.5367,-38.8581],[-64.5381,-38.8656],[-64.5725,-38.8553],[-64.5964,-38.8592],[-64.6034,-38.8478],[-64.6294,-38.8528],[-64.634,-38.8448],[-64.6724,-38.8336],[-64.6935,-38.8437],[-64.7046,-38.8371],[-64.738,-38.8407],[-64.8073,-38.816],[-64.8472,-38.8266],[-64.8771,-38.8145],[-64.8914,-38.8267],[-64.9243,-38.8332],[-64.9668,-38.8205],[-65.0336,-38.8175],[-65.1114,-38.7998],[-65.1299,-38.8059],[-65.14,-38.8184],[-65.1671,-38.8023],[-65.1916,-38.8098],[-65.189,-38.834],[-65.2067,-38.8311],[-65.2184,-38.8371],[-65.2455,-39.8507],[-64,-39.8708],[-63.3824,-39.8719],[-63.3833,-39.3285],[-63.4318,-39.3305],[-63.453,-39.3204],[-63.4574,-39.3288],[-63.4856,-39.3083],[-63.512,-39.3127],[-63.5412,-39.2967],[-63.5388,-39.2791],[-63.558,-39.2614],[-63.5661,-39.2663],[-63.5672,-39.258],[-63.5858,-39.257],[-63.593,-39.2459],[-63.6144,-39.2518],[-63.6176,-39.2359],[-63.6317,-39.2478],[-63.6334,-39.2274],[-63.6544,-39.2288],[-63.6579,-39.2188],[-63.6743,-39.2223],[-63.6717,-39.2036],[-63.6909,-39.2064],[-63.7142,-39.1984],[-63.7238,-39.1869],[-63.743,-39.1888],[-63.7372,-39.1794],[-63.7448,-39.1638],[-63.7637,-39.1547],[-63.7571,-39.1292],[-63.7772,-39.1284],[-63.7882,-39.1092],[-63.7972,-39.1093],[-63.7914,-39.1175],[-63.7974,-39.1239],[-63.835,-39.1363],[-63.8317,-39.1221],[-63.8418,-39.1092],[-63.8583,-39.1104],[-63.8703,-39.096],[-63.8796,-39.1004],[-63.8717,-39.1078],[-63.8979,-39.107],[-63.9115,-39.0871],[-63.9328,-39.0935],[-63.9265,-39.0752],[-63.9335,-39.0616],[-63.9571,-39.0542],[-63.9602,-39.0445],[-63.9986,-39.0356],[-64.0024,-39.025],[-63.9916,-39.0109],[-64.0236,-39.0175],[-64.0087,-39.0068],[-64.0137,-39.0009],[-64.0474,-38.999],[-64.0625,-39.01],[-64.064,-38.9917],[-64.1526,-38.9632],[-64.2301,-38.9241],[-64.2796,-38.914],[-64.294,-38.8976],[-64.3254,-38.9065],[-64.3486,-38.8835],[-64.3558,-38.8912],[-64.3667,-38.8827],[-64.378,-38.892],[-64.3804,-38.8861],[-64.3979,-38.8859],[-64.3974,-38.8732],[-64.4134,-38.8838],[-64.4207,-38.8718],[-64.4319,-38.879],[-64.4764,-38.86],[-64.5152,-38.8684],[-64.5367,-38.8581]]]}},
{"type":"Feature","properties":{"name":"Pilcaniyeu","georefId":"62070","provinciaGeorefId":"62","tipo":"Departamento"},"geometry":{"type":"Polygon","coordinates":[[[-69.8079,-40.6651],[-69.7549,-39.876],[-69.773,-39.886],[-69.7942,-39.8837],[-69.8127,-39.8998],[-69.8253,-39.8963],[-69.8461,-39.9098],[-69.8659,-39.9109],[-69.8805,-39.9301],[-69.8975,-39.94],[-69.9168,-39.9369],[-69.9312,-39.9433],[-69.9335,-39.9554],[-69.9496,-39.9586],[-69.9709,-39.9777],[-70.0054,-40.0474],[-69.9948,-40.1031],[-69.9707,-40.121],[-69.9503,-40.179],[-69.962,-40.1857],[-69.992,-40.18],[-70.0021,-40.2032],[-70.0276,-40.2158],[-70.0588,-40.249],[-70.0496,-40.3178],[-70.0627,-40.3746],[-70.103,-40.4057],[-70.1531,-40.414],[-70.1749,-40.4276],[-70.1681,-40.4743],[-70.1788,-40.4898],[-70.2473,-40.5054],[-70.2984,-40.5044],[-70.4249,-40.5363],[-70.4372,-40.5228],[-70.4651,-40.5122],[-70.5322,-40.5045],[-70.5464,-40.5053],[-70.5522,-40.5224],[-70.6214,-40.5515],[-70.6539,-40.5913],[-70.7009,-40.5935],[-70.7331,-40.5801],[-70.8649,-40.597],[-70.8791,-40.6204],[-70.9765,-40.6487],[-71.0118,-40.6793],[-71.0297,-40.7244],[-71.0932,-40.7265],[-71.1025,-40.7466],[-71.1204,-40.7576],[-71.1193,-40.8041],[-71.1009,-40.813],[-71.0918,-40.8303],[-71.1,-40.8404],[-71.0857,-40.8525],[-71.0689,-40.8507],[-71.0467,-40.8714],[-71.0536,-40.8823],[-71.039,-40.889],[-71.032,-40.9331],[-71.043,-40.9481],[-71.0364,-40.9559],[-71.051,-40.963],[-71.0605,-40.981],[-71.1023,-40.9906],[-71.0886,-40.9972],[-71.1147,-41.007],[-71.1396,-41.0546],[-71.1749,-41.0562],[-71.2194,-41.0862],[-71.146,-41.0847],[-71.1433,-41.1086],[-71.1201,-41.1202],[-71.1134,-41.1366],[-71.1152,-41.1487],[-71.1563,-41.1822],[-71.1681,-41.2394],[-71.2172,-41.2965],[-71.2144,-41.3158],[-71.1987,-41.316],[-71.1809,-41.3286],[-71.1947,-41.3368],[-71.2243,-41.3361],[-71.2295,-41.4998],[-71.0304,-41.5419],[-70.9292,-41.4276],[-70.8131,-41.5229],[-70.689,-41.438],[-70.6164,-41.4134],[-70.2697,-41.4153],[-69.9533,-41.1351],[-70.1795,-41.0263],[-69.8885,-40.848],[-69.8079,-40.6651]]]}},
{"type":"Feature","properties":{"name":"San Antonio","georefId":"62077","provinciaGeorefId":"62","tipo":"Departamento"},"geometry":{"type":"Polygon","coordinates":[[[-64.6015,-40.4389],[-65.194,-40.4365],[-65.1932,-39.9798],[-65.2834,-39.9253],[-65.2946,-39.9185],[-65.7742,-39.9187],[-65.7901,-41.1824],[-65.7578,-41.2443],[-65.7281,-42],[-65.0693,-42],[-65.0746,-41.9651],[-65.0615,-41.9342],[-65.0661,-41.9056],[-65.0567,-41.9007],[-65.0576,-41.8816],[-65.0371,-41.873],[-65.0491,-41.8634],[-65.0492,-41.8429],[-65.0397,-41.8309],[-65.0159,-41.8322],[-65.0127,-41.7797],[-64.9977,-41.7666],[-65.021,-41.7332],[-65.0227,-41.6184],[-65.0371,-41.5982],[-65.031,-41.5968],[-65.0265,-41.6112],[-65.0165,-41.6103],[-64.9972,-41.5763],[-64.9864,-41.5768],[-64.9989,-41.5736],[-65.0067,-41.5573],[-64.9922,-41.5442],[-64.9878,-41.5188],[-65.0003,-41.4861],[-65.0439,-41.4625],[-65.0529,-41.4318],[-65.0736,-41.4152],[-65.0736,-41.3922],[-65.1016,-41.3357],[-65.0989,-41.3214],[-65.1377,-41.2305],[-65.1543,-41.1628],[-65.152,-41.1065],[-65.1684,-41.0692],[-65.1573,-41.0519],[-65.1667,-40.974],[-65.1497,-40.909],[-65.1252,-40.8813],[-65.1289,-40.8568],[-65.0973,-40.8183],[-65.018,-40.7644],[-64.9688,-40.7561],[-64.8999,-40.7608],[-64.9244,-40.7478],[-64.9592,-40.7481],[-64.9222,-40.7405],[-64.9167,-40.7273],[-64.9699,-40.7272],[-64.9961,-40.7177],[-64.9691,-40.7253],[-64.9715,-40.716],[-64.9518,-40.7198],[-64.9545,-40.7096],[-64.8474,-40.7159],[-64.8498,-40.7223],[-64.8221,-40.7304],[-64.8063,-40.7255],[-64.7735,-40.7428],[-64.8006,-40.7483],[-64.792,-40.7591],[-64.7975,-40.7805],[-64.7906,-40.782],[-64.7792,-40.7669],[-64.7694,-40.7674],[-64.7694,-40.7748],[-64.7586,-40.7679],[-64.7336,-40.7869],[-64.7538,-40.7944],[-64.7342,-40.8026],[-64.7492,-40.8052],[-64.742,-40.8107],[-64.7952,-40.8021],[-64.838,-40.7862],[-64.8453,-40.8149],[-64.845,-40.8059],[-64.8566,-40.8037],[-64.8474,-40.7828],[-64.9049,-40.8055],[-64.8979,-40.8182],[-64.8753,-40.8289],[-64.7571,-40.8176],[-64.6032,-40.8502],[-64.6015,-40.4389]]]}},
{"type":"Feature","properties":{"name":"Valcheta","georefId":"62084","provinciaGeorefId":"62","tipo":"Departamento"},"geometry":{"type":"Polygon","coordinates":[[[-65.7742,-39.9187],[-66.8257,-39.9106],[-66.8514,-40.8685],[-66.8769,-42],[-66.5003,-42],[-66.2504,-42],[-65.9736,-42],[-65.9703,-42],[-65.7502,-42],[-65.7281,-42],[-65.7578,-41.2443],[-65.7901,-41.1824],[-65.7742,-39.9187]]]}},
{"type":"Feature","properties":{"name":"25 de Mayo","georefId":"62091","provinciaGeorefId":"62","tipo":"Departamento"},"geometry":{"type":"Polygon","coordinates":[[[-68.0857,-42],[-68.0436,-40.9801],[-68.0085,-40.1582],[-68.2315,-40.0731],[-68.5948,-40.1326],[-68.7863,-40.4284],[-69.3867,-40.4688],[-69.8079,-40.6651],[-69.8885,-40.848],[-70.1795,-41.0263],[-69.9533,-41.1351],[-70.2697,-41.4153],[-69.7553,-41.5052],[-69.3895,-42],[-68.3894,-42],[-68.25,-42],[-68.0857,-42]]]}},
{"type":"Feature","properties":{"name":"Anta","georefId":"66007","provinciaGeorefId":"66","tipo":"Departamento"},"geometry":{"type":"Polygon","coordinates":[[[-63.6225,-24.1126],[-63.6444,-24.2235],[-63.6767,-24.2182],[-64.0084,-24.1636],[-64.158,-24.1548],[-64.175,-24.2126],[-64.1618,-24.2211],[-64.1719,-24.2313],[-64.18,-24.2636],[-64.2055,-24.3029],[-64.2167,-24.3086],[-64.2231,-24.3294],[-64.2524,-24.3444],[-64.252,-24.3642],[-64.2738,-24.3933],[-64.2888,-24.4071],[-64.2978,-24.4052],[-64.3183,-24.4272],[-64.348,-24.4253],[-64.3901,-24.4057],[-64.4217,-24.4022],[-64.437,-24.4267],[-64.4363,-24.4427],[-64.4554,-24.463],[-64.4819,-24.4651],[-64.5,-24.5064],[-64.5326,-24.5048],[-64.5601,-24.5772],[-64.6089,-24.5919],[-64.6132,-24.5939],[-64.618,-24.5963],[-64.6189,-24.5976],[-64.6399,-24.6111],[-64.6401,-24.6112],[-64.6415,-24.6123],[-64.6504,-24.6192],[-64.7047,-24.6397],[-64.728,-24.705],[-64.7681,-24.7328],[-64.7796,-24.7572],[-64.799,-24.7717],[-64.7956,-24.8016],[-64.8076,-24.811],[-64.8126,-24.8276],[-64.7979,-24.8396],[-64.8026,-24.8853],[-64.7959,-24.8981],[-64.8264,-24.9402],[-64.8164,-24.9722],[-64.8565,-25.0222],[-64.8685,-25.0221],[-64.8842,-25.001],[-64.8915,-25.0031],[-64.9059,-25.0392],[-64.907,-25.1043],[-64.9009,-25.1139],[-64.9309,-25.1329],[-64.9766,-25.1488],[-64.9646,-25.1661],[-64.9576,-25.1619],[-64.9367,-25.175],[-64.9253,-25.2047],[-64.9144,-25.2101],[-64.9091,-25.2294],[-64.8941,-25.2443],[-64.8945,-25.2852],[-64.8851,-25.2873],[-64.8833,-25.2985],[-64.8415,-25.3204],[-64.8282,-25.3455],[-64.7847,-25.3575],[-64.777,-25.3689],[-64.7401,-25.3677],[-64.7047,-25.3797],[-64.686,-25.3707],[-64.6786,-25.3756],[-64.6417,-25.3617],[-64.6196,-25.362],[-64.5942,-25.3374],[-64.592,-25.3248],[-64.5709,-25.3149],[-64.5454,-25.2563],[-64.4643,-25.2226],[-64.4312,-25.2269],[-64.3974,-25.2519],[-64.3622,-25.2424],[-64.3459,-25.2284],[-64.3358,-25.1933],[-64.307,-25.1705],[-64.3131,-25.1652],[-64.3045,-25.1461],[-64.277,-25.1466],[-64.2627,-25.121],[-64.2468,-25.1149],[-64.242,-25.1203],[-64.2376,-25.1143],[-64.2306,-25.1267],[-64.2143,-25.1159],[-64.2035,-25.122],[-64.1919,-25.1095],[-64.1813,-25.1162],[-64.1594,-25.109],[-64.1508,-25.1472],[-64.1274,-25.1603],[-64.1207,-25.1537],[-64.1072,-25.1601],[-64.0911,-25.1878],[-64.0966,-25.1935],[-64.0851,-25.1954],[-64.0899,-25.2033],[-64.0811,-25.208],[-64.0771,-25.2319],[-64.0699,-25.2368],[-64.0731,-25.2474],[-64.0643,-25.2496],[-64.0579,-25.274],[-64.073,-25.2796],[-64.0724,-25.2906],[-64.0461,-25.3139],[-64.0556,-25.3227],[-64.0539,-25.3324],[-64.0445,-25.3338],[-64.0463,-25.3437],[-64.063,-25.3612],[-64.0367,-25.3901],[-64.0499,-25.3984],[-64.0407,-25.3993],[-64.0362,-25.4187],[-64.0186,-25.4293],[-64.0237,-25.4449],[-64.0144,-25.4434],[-64.0194,-25.4531],[-64.0279,-25.4513],[-64.0294,-25.4682],[-64.0058,-25.4727],[-64.0099,-25.4783],[-63.9967,-25.4893],[-63.9879,-25.5167],[-63.9657,-25.5331],[-63.9527,-25.5315],[-63.9486,-25.5498],[-63.9413,-25.5511],[-63.9436,-25.6042],[-63.9507,-25.6071],[-63.9592,-25.6569],[-63.949,-25.6704],[-63.9199,-25.6801],[-63.9192,-25.6814],[-63.9192,-25.6816],[-63.9191,-25.6821],[-63.9184,-25.6821],[-63.6605,-25.6854],[-63.5663,-25.7099],[-63.4755,-25.71],[-63.4224,-25.6492],[-63.0743,-25.248],[-63.0713,-25.2445],[-63.0746,-24.8556],[-63.2335,-24.8566],[-63.2341,-24.7188],[-62.9369,-24.716],[-62.9379,-24.4288],[-62.9368,-24.258],[-63.0096,-24.2193],[-63.0364,-24.3751],[-63.1637,-24.2949],[-63.1501,-24.2155],[-63.1935,-24.2108],[-63.2105,-24.3156],[-63.2938,-24.3205],[-63.2874,-24.2776],[-63.3748,-24.3134],[-63.3448,-24.1567],[-63.4347,-24.1843],[-63.427,-24.1449],[-63.5304,-24.1279],[-63.6225,-24.1126]]]}},
{"type":"Feature","properties":{"name":"Cachi","georefId":"66014","provinciaGeorefId":"66","tipo":"Departamento"},"geometry":{"type":"Polygon","coordinates":[[[-65.8539,-25.071],[-65.8668,-25.0489],[-65.8845,-25.0393],[-65.8923,-25.02],[-65.8874,-24.9392],[-65.9198,-24.9351],[-65.9361,-24.9403],[-65.9554,-24.9185],[-65.9734,-24.8827],[-65.9717,-24.8632],[-65.9961,-24.8159],[-66.0046,-24.7655],[-66.0255,-24.7531],[-66.1159,-24.7415],[-66.1195,-24.7546],[-66.0972,-24.7938],[-66.0956,-24.8317],[-66.1076,-24.8632],[-66.0941,-24.8976],[-66.0947,-24.9049],[-66.1085,-24.9087],[-66.1287,-24.9297],[-66.1599,-24.9276],[-66.1891,-24.9373],[-66.2607,-24.857],[-66.3298,-24.8627],[-66.3509,-24.849],[-66.3868,-24.8461],[-66.404,-24.8236],[-66.4118,-24.8126],[-66.4823,-24.8383],[-66.525,-24.8447],[-66.556,-24.871],[-66.5963,-24.9368],[-66.5886,-24.9637],[-66.5933,-24.9969],[-66.615,-25.0194],[-66.6236,-25.0502],[-66.609,-25.0632],[-66.6144,-25.0962],[-66.6257,-25.106],[-66.5784,-25.1014],[-66.5084,-25.1279],[-66.4605,-25.1188],[-66.4415,-25.1194],[-66.4218,-25.1347],[-66.3999,-25.1278],[-66.4066,-25.1563],[-66.3796,-25.1864],[-66.3508,-25.185],[-66.3565,-25.1485],[-66.3282,-25.1465],[-66.3087,-25.1756],[-66.2809,-25.1811],[-66.2778,-25.1897],[-66.244,-25.2111],[-66.247,-25.2297],[-66.2305,-25.2548],[-66.0919,-25.277],[-66.0365,-25.2939],[-66.0198,-25.2917],[-66.0016,-25.3114],[-65.9539,-25.2831],[-65.946,-25.2437],[-65.8671,-25.2419],[-65.8574,-25.1836],[-65.8892,-25.1594],[-65.8866,-25.1512],[-65.8623,-25.1454],[-65.8567,-25.1304],[-65.8341,-25.1265],[-65.8539,-25.071]]]}},
{"type":"Feature","properties":{"name":"Cafayate","georefId":"66021","provinciaGeorefId":"66","tipo":"Departamento"},"geometry":{"type":"Polygon","coordinates":[[[-66.1814,-26.1352],[-66.1795,-26.1349],[-66.156,-26.1446],[-66.0998,-26.2205],[-66.0714,-26.2387],[-66.047,-26.2412],[-66.0401,-26.2509],[-65.7708,-26.3365],[-65.7535,-26.342],[-65.719,-26.3527],[-65.7115,-26.3287],[-65.723,-26.3127],[-65.7072,-26.2974],[-65.7228,-26.2798],[-65.7028,-26.2416],[-65.7119,-26.2084],[-65.695,-26.1849],[-65.6962,-26.1409],[-65.6959,-26.1405],[-65.6885,-26.1173],[-65.6874,-26.1142],[-65.6869,-26.1128],[-65.6845,-26.106],[-65.6812,-26.0997],[-65.6786,-26.0927],[-65.6714,-26.0799],[-65.6642,-26.0663],[-65.6618,-26.0577],[-65.6366,-26.0385],[-65.6204,-26.0084],[-65.6198,-25.971],[-65.7549,-25.9556],[-65.7231,-25.9351],[-65.7261,-25.9261],[-65.7151,-25.9052],[-65.7262,-25.8728],[-65.7495,-25.8669],[-65.7974,-25.882],[-65.7968,-25.8986],[-65.8068,-25.9133],[-65.7943,-25.9363],[-65.841,-25.9787],[-65.8659,-25.9823],[-65.8691,-26.0016],[-65.855,-26.0259],[-65.8646,-26.022],[-65.8718,-26.0313],[-66.0475,-26.0163],[-66.1232,-26.0334],[-66.1395,-26.0498],[-66.1598,-26.0437],[-66.1677,-26.0611],[-66.1683,-26.1186],[-66.1764,-26.1259],[-66.1814,-26.1331],[-66.1814,-26.135],[-66.1814,-26.1352]]]}},
{"type":"Feature","properties":{"name":"Capital","georefId":"66028","provinciaGeorefId":"66","tipo":"Departamento"},"geometry":{"type":"Polygon","coordinates":[[[-65.0954,-24.9479],[-65.098,-24.9474],[-65.0961,-24.9143],[-65.0836,-24.8862],[-65.0533,-24.8656],[-65.0366,-24.814],[-65.0245,-24.8162],[-65.0189,-24.8055],[-65.0602,-24.758],[-65.081,-24.7477],[-65.0942,-24.7155],[-65.1492,-24.7049],[-65.2201,-24.716],[-65.2586,-24.7104],[-65.2817,-24.7188],[-65.3023,-24.7134],[-65.3426,-24.7216],[-65.399,-24.7113],[-65.4505,-24.7125],[-65.4779,-24.7017],[-65.4957,-24.6827],[-65.5544,-24.6632],[-65.5814,-24.6446],[-65.5794,-24.6819],[-65.5943,-24.7064],[-65.5992,-24.7368],[-65.5931,-24.7811],[-65.5994,-24.8065],[-65.5608,-24.8213],[-65.5451,-24.8149],[-65.5361,-24.8445],[-65.5206,-24.8455],[-65.5143,-24.8763],[-65.4766,-24.8719],[-65.4653,-24.8609],[-65.4283,-24.8611],[-65.3934,-24.8504],[-65.3437,-24.8609],[-65.3505,-24.907],[-65.3357,-24.9373],[-65.317,-24.9512],[-65.3244,-24.9674],[-65.3236,-25.0004],[-65.3037,-25.0325],[-65.3057,-25.0602],[-65.2804,-25.0733],[-65.2664,-25.1068],[-65.2446,-25.1154],[-65.2277,-25.1428],[-65.2287,-25.1555],[-65.2581,-25.1616],[-65.2656,-25.1636],[-65.2788,-25.1916],[-65.2712,-25.2218],[-65.2877,-25.2403],[-65.2784,-25.2581],[-65.2986,-25.2988],[-65.2526,-25.2784],[-65.2143,-25.2394],[-65.1941,-25.1876],[-65.1706,-25.177],[-65.1569,-25.1562],[-65.1601,-25.1399],[-65.1476,-25.1148],[-65.1057,-25.111],[-65.0819,-25.1003],[-65.0729,-25.0843],[-65.0774,-25.0715],[-65.0639,-24.9609],[-65.0954,-24.9479]]]}},
{"type":"Feature","properties":{"name":"Cerrillos","georefId":"66035","provinciaGeorefId":"66","tipo":"Departamento"},"geometry":{"type":"Polygon","coordinates":[[[-65.2581,-25.1616],[-65.2287,-25.1555],[-65.2277,-25.1428],[-65.2446,-25.1154],[-65.2664,-25.1068],[-65.2804,-25.0733],[-65.3057,-25.0602],[-65.3037,-25.0325],[-65.3236,-25.0004],[-65.3244,-24.9674],[-65.317,-24.9512],[-65.3357,-24.9373],[-65.3505,-24.907],[-65.3437,-24.8609],[-65.3934,-24.8504],[-65.4283,-24.8611],[-65.4653,-24.8609],[-65.4766,-24.8719],[-65.5143,-24.8763],[-65.5419,-24.8792],[-65.5467,-24.9025],[-65.5472,-24.9111],[-65.531,-24.9149],[-65.5292,-24.9345],[-65.5204,-24.935],[-65.5382,-24.9506],[-65.5409,-24.966],[-65.5415,-24.9721],[-65.5149,-24.9882],[-65.5317,-25.0269],[-65.4832,-25.0423],[-65.4679,-25.0612],[-65.436,-25.0712],[-65.3937,-25.0992],[-65.3871,-25.0787],[-65.3694,-25.0745],[-65.357,-25.0983],[-65.2977,-25.138],[-65.2873,-25.1549],[-65.2581,-25.1616]]]}},
{"type":"Feature","properties":{"name":"Chicoana","georefId":"66042","provinciaGeorefId":"66","tipo":"Departamento"},"geometry":{"type":"Polygon","coordinates":[[[-65.5317,-25.0269],[-65.5653,-25.0194],[-65.6134,-25.0204],[-65.667,-25.0547],[-65.6917,-25.0548],[-65.7133,-25.0913],[-65.7267,-25.0904],[-65.74,-25.1021],[-65.7781,-25.071],[-65.8016,-25.0702],[-65.822,-25.0799],[-65.8419,-25.0687],[-65.8539,-25.071],[-65.8341,-25.1265],[-65.8567,-25.1304],[-65.8623,-25.1454],[-65.8866,-25.1512],[-65.8892,-25.1594],[-65.8574,-25.1836],[-65.838,-25.1974],[-65.8382,-25.2256],[-65.8227,-25.2615],[-65.8281,-25.2861],[-65.8172,-25.3012],[-65.7919,-25.3053],[-65.7808,-25.3048],[-65.7693,-25.3177],[-65.7482,-25.3178],[-65.7503,-25.3067],[-65.7383,-25.304],[-65.7214,-25.2521],[-65.6715,-25.2692],[-65.6469,-25.243],[-65.6076,-25.2344],[-65.6,-25.2216],[-65.6038,-25.2035],[-65.5747,-25.1694],[-65.5698,-25.2017],[-65.5495,-25.2108],[-65.5391,-25.2042],[-65.5123,-25.2075],[-65.4827,-25.1915],[-65.428,-25.1885],[-65.4295,-25.1695],[-65.4216,-25.1584],[-65.3931,-25.1858],[-65.3863,-25.2063],[-65.3705,-25.2163],[-65.2712,-25.2218],[-65.2788,-25.1916],[-65.2656,-25.1636],[-65.2581,-25.1616],[-65.2873,-25.1549],[-65.2977,-25.138],[-65.357,-25.0983],[-65.3694,-25.0745],[-65.3871,-25.0787],[-65.3937,-25.0992],[-65.436,-25.0712],[-65.4679,-25.0612],[-65.4832,-25.0423],[-65.5317,-25.0269]]]}},
{"type":"Feature","properties":{"name":"General Güemes","georefId":"66049","provinciaGeorefId":"66","tipo":"Departamento"},"geometry":{"type":"Polygon","coordinates":[[[-64.6401,-24.6112],[-64.6407,-24.6113],[-64.6742,-24.6039],[-64.6836,-24.5908],[-64.6805,-24.5762],[-64.7045,-24.5634],[-64.7258,-24.5299],[-64.7554,-24.5233],[-64.7706,-24.5042],[-64.8375,-24.4692],[-64.8551,-24.4723],[-64.8619,-24.494],[-64.8771,-24.5004],[-64.8855,-24.5208],[-64.8794,-24.5269],[-64.8935,-24.5609],[-64.8837,-24.5719],[-64.8889,-24.5708],[-64.8969,-24.592],[-64.9274,-24.5998],[-64.9968,-24.5762],[-65.0166,-24.5786],[-65.0797,-24.5622],[-65.1052,-24.523],[-65.1361,-24.5078],[-65.1547,-24.4887],[-65.1547,-24.4882],[-65.1548,-24.4881],[-65.1551,-24.4885],[-65.156,-24.4894],[-65.2102,-24.5436],[-65.1997,-24.5854],[-65.2614,-24.5983],[-65.2767,-24.6287],[-65.2747,-24.6774],[-65.248,-24.6976],[-65.2225,-24.7054],[-65.2201,-24.716],[-65.1492,-24.7049],[-65.0942,-24.7155],[-65.081,-24.7477],[-65.0602,-24.758],[-65.0189,-24.8055],[-65.0245,-24.8162],[-65.0366,-24.814],[-65.0533,-24.8656],[-65.0836,-24.8862],[-65.0961,-24.9143],[-65.098,-24.9474],[-65.0954,-24.9479],[-65.0639,-24.9609],[-65.0774,-25.0715],[-65.0729,-25.0843],[-65.0819,-25.1003],[-65.0655,-25.1131],[-65.0049,-25.1309],[-64.9766,-25.1488],[-64.9309,-25.1329],[-64.9009,-25.1139],[-64.907,-25.1043],[-64.9059,-25.0392],[-64.8915,-25.0031],[-64.8842,-25.001],[-64.8685,-25.0221],[-64.8565,-25.0222],[-64.8164,-24.9722],[-64.8264,-24.9402],[-64.7959,-24.8981],[-64.8026,-24.8853],[-64.7979,-24.8396],[-64.8126,-24.8276],[-64.8076,-24.811],[-64.7956,-24.8016],[-64.799,-24.7717],[-64.7796,-24.7572],[-64.7681,-24.7328],[-64.728,-24.705],[-64.7047,-24.6397],[-64.6504,-24.6192],[-64.6415,-24.6123],[-64.6401,-24.6112],[-64.6399,-24.6111],[-64.6401,-24.6112]]]}},
{"type":"Feature","properties":{"name":"General José de San Martín","georefId":"66056","provinciaGeorefId":"66","tipo":"Departamento"},"geometry":{"type":"Polygon","coordinates":[[[-63.1322,-21.9993],[-63.6653,-21.9993],[-63.6735,-22.0405],[-63.6838,-22.0548],[-63.6886,-22.0115],[-63.7056,-22.014],[-63.7091,-21.9993],[-63.9315,-21.9994],[-63.9382,-22.0114],[-63.9444,-22.01],[-63.9378,-22.0159],[-63.9414,-22.0296],[-63.9533,-22.0366],[-63.9503,-22.0507],[-63.9568,-22.057],[-63.9499,-22.0579],[-63.9622,-22.0646],[-63.9581,-22.0858],[-63.9665,-22.0932],[-63.9796,-22.081],[-63.9771,-22.0927],[-63.9862,-22.0937],[-63.9906,-22.1029],[-63.986,-22.109],[-64,-22.1077],[-63.9896,-22.1147],[-63.9981,-22.1238],[-63.9927,-22.1331],[-64.0048,-22.1532],[-64.001,-22.1584],[-64.0234,-22.1746],[-64.017,-22.1872],[-64.0331,-22.1968],[-64.0266,-22.2088],[-64.0392,-22.2232],[-64.0312,-22.229],[-64.0398,-22.2354],[-64.0335,-22.2428],[-64.0536,-22.2472],[-64.0624,-22.2384],[-64.0826,-22.3011],[-64.0951,-22.3088],[-64.1043,-22.3365],[-64.0997,-22.347],[-64.1169,-22.3632],[-64.1091,-22.3796],[-64.1208,-22.3843],[-64.1155,-22.4056],[-64.1382,-22.407],[-64.1448,-22.4171],[-64.138,-22.4295],[-64.1506,-22.4368],[-64.1631,-22.4689],[-64.1752,-22.4668],[-64.1876,-22.4907],[-64.1996,-22.4912],[-64.2182,-22.5314],[-64.2163,-22.5433],[-64.2262,-22.5412],[-64.2297,-22.5567],[-64.2417,-22.5577],[-64.2392,-22.623],[-64.2461,-22.6314],[-64.2573,-22.6285],[-64.2646,-22.6502],[-64.2423,-22.6661],[-64.2609,-22.6751],[-64.272,-22.7119],[-64.264,-22.7412],[-64.2836,-22.7513],[-64.2674,-22.7577],[-64.2653,-22.7667],[-64.2874,-22.7988],[-64.2867,-22.8349],[-64.3067,-22.8397],[-64.2975,-22.8614],[-64.3088,-22.8628],[-64.315,-22.8827],[-64.3161,-22.8839],[-64.3167,-22.8842],[-64.3193,-22.8862],[-64.3199,-22.8865],[-64.3251,-22.9163],[-64.3424,-22.9303],[-64.3272,-22.9534],[-64.3353,-22.9675],[-64.3271,-22.9846],[-64.3343,-22.9932],[-64.3327,-23.0089],[-64.3246,-23.0206],[-64.2816,-23.0289],[-64.2703,-23.0413],[-64.2761,-23.0665],[-64.2476,-23.0688],[-64.2388,-23.0963],[-64.2283,-23.0915],[-64.2186,-23.0993],[-64.2116,-23.0888],[-64.2034,-23.1228],[-64.2135,-23.1351],[-64.1984,-23.1255],[-64.1907,-23.1291],[-64.2091,-23.1563],[-64.1976,-23.1487],[-64.1828,-23.1527],[-64.2037,-23.1821],[-64.168,-23.2007],[-64.1962,-23.1977],[-64.2141,-23.1821],[-64.227,-23.2066],[-64.214,-23.2257],[-64.1776,-23.2345],[-64.1899,-23.2593],[-64.1872,-23.2687],[-64.1624,-23.2731],[-64.1409,-23.2483],[-64.1083,-23.2629],[-64.0934,-23.2545],[-64.0834,-23.2647],[-64.073,-23.3059],[-64.0392,-23.3079],[-64.0071,-23.3324],[-63.9563,-23.3148],[-63.9442,-23.328],[-63.91,-23.2997],[-63.8443,-23.3234],[-63.7967,-23.3225],[-63.7865,-23.3168],[-63.7563,-23.3259],[-63.7478,-23.3199],[-63.7262,-23.3224],[-63.6998,-23.3383],[-63.6893,-23.3615],[-63.6765,-23.3645],[-63.6625,-23.391],[-63.638,-23.3976],[-63.6175,-23.388],[-63.5895,-23.4306],[-63.5609,-23.4431],[-63.4989,-23.4515],[-63.4412,-23.4969],[-63.4098,-23.5115],[-63.4021,-23.5353],[-63.3938,-23.5509],[-63.3619,-23.5632],[-63.3676,-23.5872],[-63.3238,-23.6043],[-63.3312,-23.6256],[-63.2962,-23.6509],[-63.2772,-23.6493],[-63.2688,-23.5594],[-63.2957,-23.5348],[-63.2816,-23.4581],[-63.2661,-23.4597],[-63.2037,-22.9431],[-63.1231,-22.9443],[-63.1216,-22.4915],[-63.1337,-22.4915],[-63.1322,-21.9993]]]}},
{"type":"Feature","properties":{"name":"Guachipas","georefId":"66063","provinciaGeorefId":"66","tipo":"Departamento"},"geometry":{"type":"Polygon","coordinates":[[[-65.6845,-26.106],[-65.6869,-26.1128],[-65.6874,-26.1142],[-65.6885,-26.1173],[-65.6401,-26.111],[-65.6342,-26.1204],[-65.6337,-26.1205],[-65.6332,-26.1207],[-65.6328,-26.1207],[-65.6017,-26.1207],[-65.552,-26.0885],[-65.5518,-26.0882],[-65.5516,-26.0878],[-65.5523,-26.0878],[-65.5525,-26.0878],[-65.5534,-26.0879],[-65.5537,-26.0883],[-65.5635,-26.0881],[-65.5541,-26.0585],[-65.5531,-26.0553],[-65.5492,-26.0372],[-65.5357,-26.0452],[-65.5273,-26.0412],[-65.5353,-26.0355],[-65.5306,-26.0207],[-65.4678,-26.0132],[-65.4527,-25.9945],[-65.4388,-25.9563],[-65.388,-25.9469],[-65.3566,-25.9024],[-65.3603,-25.8845],[-65.3483,-25.8743],[-65.3018,-25.8608],[-65.2984,-25.8598],[-65.2901,-25.8498],[-65.2944,-25.835],[-65.2812,-25.8246],[-65.2784,-25.8076],[-65.2903,-25.7748],[-65.259,-25.7761],[-65.2395,-25.712],[-65.1966,-25.6903],[-65.1706,-25.6521],[-65.164,-25.6195],[-65.1341,-25.621],[-65.1641,-25.5877],[-65.1633,-25.5667],[-65.1493,-25.5378],[-65.1634,-25.5177],[-65.1538,-25.4988],[-65.1663,-25.4812],[-65.1637,-25.4433],[-65.1798,-25.435],[-65.1866,-25.4095],[-65.2194,-25.4092],[-65.2613,-25.4231],[-65.2846,-25.4182],[-65.3356,-25.4269],[-65.3467,-25.4154],[-65.3406,-25.3931],[-65.3482,-25.3387],[-65.3401,-25.2975],[-65.3951,-25.2848],[-65.4132,-25.2999],[-65.4582,-25.3876],[-65.475,-25.3981],[-65.4917,-25.4756],[-65.5142,-25.4911],[-65.5778,-25.5943],[-65.602,-25.6045],[-65.6191,-25.6301],[-65.6491,-25.6316],[-65.6791,-25.6704],[-65.6853,-25.6936],[-65.6997,-25.706],[-65.6833,-25.7638],[-65.6902,-25.7673],[-65.6871,-25.7928],[-65.6924,-25.817],[-65.7043,-25.8275],[-65.7005,-25.869],[-65.7105,-25.8686],[-65.715,-25.8775],[-65.7262,-25.8728],[-65.7151,-25.9052],[-65.7261,-25.9261],[-65.7231,-25.9351],[-65.7549,-25.9556],[-65.6198,-25.971],[-65.6204,-26.0084],[-65.6366,-26.0385],[-65.6618,-26.0577],[-65.6642,-26.0663],[-65.6714,-26.0799],[-65.6786,-26.0927],[-65.6812,-26.0997],[-65.6845,-26.106]]]}},
{"type":"Feature","properties":{"name":"Iruya","georefId":"66070","provinciaGeorefId":"66","tipo":"Departamento"},"geometry":{"type":"Polygon","coordinates":[[[-64.5848,-22.6758],[-64.5848,-22.6756],[-64.5945,-22.6751],[-64.5995,-22.6661],[-64.6099,-22.6685],[-64.6289,-22.6891],[-64.6391,-22.715],[-64.643,-22.7177],[-64.6756,-22.757],[-64.699,-22.7602],[-64.7432,-22.7976],[-64.778,-22.808],[-64.7956,-22.8013],[-64.7809,-22.7614],[-64.7533,-22.7332],[-64.7656,-22.5821],[-64.7791,-22.5677],[-64.78,-22.5654],[-64.7838,-22.5306],[-64.8351,-22.4726],[-64.8384,-22.4704],[-64.8518,-22.4703],[-64.8485,-22.5157],[-64.8367,-22.5332],[-64.8355,-22.5357],[-64.8064,-22.5758],[-64.812,-22.589],[-64.8354,-22.5957],[-64.8402,-22.5983],[-64.8752,-22.5993],[-64.891,-22.582],[-64.9551,-22.5903],[-65.0005,-22.5846],[-65.0278,-22.569],[-65.0416,-22.5471],[-65.0576,-22.5444],[-65.0903,-22.6028],[-65.1507,-22.6044],[-65.1998,-22.5946],[-65.2233,-22.5763],[-65.2589,-22.5678],[-65.2847,-22.5414],[-65.3104,-22.5441],[-65.3142,-22.5359],[-65.3454,-22.5283],[-65.3486,-22.5512],[-65.3446,-22.5867],[-65.3511,-22.5965],[-65.3447,-22.6064],[-65.2717,-22.6482],[-65.3061,-22.7304],[-65.2974,-22.7404],[-65.302,-22.765],[-65.2742,-22.7901],[-65.2761,-22.8169],[-65.2595,-22.8581],[-65.2628,-22.874],[-65.2526,-22.875],[-65.2492,-22.8905],[-65.2517,-22.928],[-65.2332,-22.9386],[-65.2182,-22.9589],[-65.199,-22.9581],[-65.2017,-22.9692],[-65.1875,-22.9718],[-65.1889,-22.9982],[-65.1338,-23.0019],[-65.1173,-23.0202],[-65.0896,-23.0262],[-65.068,-23.0449],[-65.0679,-23.0449],[-65.0678,-23.0449],[-65.0675,-23.0448],[-65.0634,-23.0431],[-65.0229,-23.0187],[-65.0116,-23.0393],[-65.0059,-23.0421],[-64.9909,-23.0483],[-64.9709,-23.04],[-64.9692,-23.0367],[-64.9678,-23.034],[-64.9664,-23.0328],[-64.9434,-23.0346],[-64.9426,-23.033],[-64.9417,-23.0319],[-64.8987,-23.0517],[-64.8784,-23.0436],[-64.8433,-23.0477],[-64.8429,-23.0464],[-64.842,-23.046],[-64.8039,-23.0615],[-64.7827,-23.0545],[-64.7342,-23.0638],[-64.7202,-23.0572],[-64.7142,-23.0505],[-64.7082,-23.0463],[-64.7033,-23.0475],[-64.6956,-23.0473],[-64.6872,-23.0384],[-64.6834,-23.0386],[-64.6818,-23.0377],[-64.6817,-23.0373],[-64.6812,-23.0356],[-64.6794,-23.0341],[-64.6542,-23.0709],[-64.6527,-23.0722],[-64.6518,-23.0729],[-64.6237,-23.0871],[-64.5777,-23.077],[-64.5776,-23.0767],[-64.5772,-23.0763],[-64.5758,-23.0761],[-64.5758,-23.0759],[-64.5757,-23.0757],[-64.5753,-23.0756],[-64.5634,-23.0702],[-64.5632,-23.0698],[-64.5634,-23.0613],[-64.5635,-23.0609],[-64.5643,-23.0591],[-64.564,-23.0589],[-64.5612,-23.0562],[-64.5611,-23.0558],[-64.5656,-23.0481],[-64.5654,-23.0478],[-64.5647,-23.0474],[-64.5645,-23.047],[-64.5661,-23.0398],[-64.5657,-23.0394],[-64.5657,-23.0388],[-64.5656,-23.038],[-64.5652,-23.0377],[-64.5643,-23.0372],[-64.5641,-23.0368],[-64.5649,-23.0344],[-64.5647,-23.0341],[-64.5629,-23.0335],[-64.5628,-23.0329],[-64.563,-23.0314],[-64.5625,-23.0312],[-64.5622,-23.0311],[-64.5621,-23.0305],[-64.5622,-23.0295],[-64.5619,-23.0292],[-64.5612,-23.0285],[-64.5612,-23.028],[-64.5617,-23.0264],[-64.5615,-23.0261],[-64.5624,-23.0099],[-64.5619,-23.0097],[-64.5619,-23.004],[-64.5616,-23.0037],[-64.5587,-22.9991],[-64.5549,-22.9917],[-64.553,-22.9865],[-64.55,-22.9656],[-64.5483,-22.9629],[-64.5282,-22.9458],[-64.527,-22.9421],[-64.5738,-22.9073],[-64.5735,-22.9069],[-64.5691,-22.9047],[-64.569,-22.9044],[-64.568,-22.9035],[-64.5677,-22.9031],[-64.5674,-22.9025],[-64.5671,-22.9021],[-64.5444,-22.8986],[-64.5242,-22.9142],[-64.4977,-22.9079],[-64.4977,-22.9076],[-64.4972,-22.9033],[-64.4967,-22.9028],[-64.4963,-22.9024],[-64.4961,-22.902],[-64.4999,-22.8957],[-64.4997,-22.8955],[-64.4928,-22.8906],[-64.4925,-22.8899],[-64.5005,-22.8775],[-64.5,-22.8771],[-64.4865,-22.8698],[-64.4863,-22.869],[-64.4901,-22.8624],[-64.5039,-22.8642],[-64.5036,-22.8638],[-64.4995,-22.8612],[-64.4993,-22.8607],[-64.5124,-22.8502],[-64.5122,-22.85],[-64.5108,-22.8488],[-64.5105,-22.8483],[-64.5108,-22.8431],[-64.5105,-22.8428],[-64.5103,-22.8424],[-64.5199,-22.829],[-64.5196,-22.8289],[-64.5114,-22.8245],[-64.5212,-22.8084],[-64.5209,-22.8081],[-64.5185,-22.8059],[-64.5187,-22.8052],[-64.5184,-22.8021],[-64.518,-22.8018],[-64.5171,-22.8007],[-64.5169,-22.8003],[-64.5167,-22.8],[-64.5167,-22.7993],[-64.5168,-22.7749],[-64.5165,-22.7747],[-64.5163,-22.7744],[-64.516,-22.774],[-64.5163,-22.7652],[-64.516,-22.7648],[-64.5158,-22.7644],[-64.5406,-22.7183],[-64.5405,-22.7182],[-64.5388,-22.7172],[-64.5386,-22.7169],[-64.5384,-22.7165],[-64.5381,-22.7161],[-64.5379,-22.7155],[-64.5404,-22.7085],[-64.541,-22.708],[-64.5444,-22.7085],[-64.5447,-22.7089],[-64.5508,-22.7108],[-64.5806,-22.6824],[-64.581,-22.6827],[-64.5812,-22.6832],[-64.583,-22.6838],[-64.5836,-22.6836],[-64.5847,-22.6768],[-64.5847,-22.6767],[-64.5848,-22.6758]]]}},
{"type":"Feature","properties":{"name":"La Caldera","georefId":"66077","provinciaGeorefId":"66","tipo":"Departamento"},"geometry":{"type":"Polygon","coordinates":[[[-65.3574,-24.4625],[-65.392,-24.4612],[-65.4253,-24.4504],[-65.4347,-24.4622],[-65.4643,-24.4306],[-65.488,-24.4276],[-65.5044,-24.4381],[-65.5063,-24.4554],[-65.5204,-24.4463],[-65.5404,-24.4515],[-65.5713,-24.4222],[-65.6002,-24.417],[-65.612,-24.4068],[-65.6214,-24.3818],[-65.6534,-24.3803],[-65.6586,-24.3687],[-65.6596,-24.3724],[-65.6596,-24.3743],[-65.6593,-24.3817],[-65.6606,-24.3915],[-65.6522,-24.4284],[-65.6606,-24.4555],[-65.6539,-24.496],[-65.6608,-24.5289],[-65.634,-24.5347],[-65.6271,-24.5584],[-65.5823,-24.5738],[-65.5814,-24.6446],[-65.5544,-24.6632],[-65.4957,-24.6827],[-65.4779,-24.7017],[-65.4505,-24.7125],[-65.399,-24.7113],[-65.3426,-24.7216],[-65.3023,-24.7134],[-65.2817,-24.7188],[-65.2586,-24.7104],[-65.2201,-24.716],[-65.2225,-24.7054],[-65.248,-24.6976],[-65.2747,-24.6774],[-65.2767,-24.6287],[-65.2614,-24.5983],[-65.1997,-24.5854],[-65.2102,-24.5436],[-65.156,-24.4894],[-65.1551,-24.4885],[-65.1548,-24.4881],[-65.1737,-24.4699],[-65.2006,-24.4599],[-65.2298,-24.4693],[-65.2293,-24.4862],[-65.2868,-24.4907],[-65.3173,-24.5023],[-65.3535,-24.4909],[-65.3578,-24.4819],[-65.351,-24.471],[-65.3574,-24.4625]]]}},
{"type":"Feature","properties":{"name":"La Candelaria","georefId":"66084","provinciaGeorefId":"66","tipo":"Departamento"},"geometry":{"type":"Polygon","coordinates":[[[-64.9416,-26.3022],[-64.9461,-26.289],[-64.9173,-26.1995],[-64.9115,-26.1891],[-64.8917,-26.1797],[-64.8729,-26.1253],[-64.8753,-26.1048],[-64.8944,-26.0909],[-64.8901,-26.0701],[-64.8831,-26.0677],[-64.8843,-26.0448],[-64.9184,-26.0308],[-64.9623,-26.034],[-65.108,-26.0079],[-65.1132,-26.0378],[-65.1027,-26.0547],[-65.1946,-26.0252],[-65.2468,-25.9721],[-65.2446,-25.9373],[-65.2543,-25.8894],[-65.2748,-25.8852],[-65.2859,-25.864],[-65.2984,-25.8598],[-65.3018,-25.8608],[-65.3483,-25.8743],[-65.3603,-25.8845],[-65.3566,-25.9024],[-65.388,-25.9469],[-65.4388,-25.9563],[-65.4527,-25.9945],[-65.4678,-26.0132],[-65.5306,-26.0207],[-65.5353,-26.0355],[-65.5273,-26.0412],[-65.5357,-26.0452],[-65.5492,-26.0372],[-65.5531,-26.0553],[-65.5541,-26.0585],[-65.5635,-26.0881],[-65.5537,-26.0883],[-65.5534,-26.0879],[-65.5525,-26.0878],[-65.5523,-26.0878],[-65.5516,-26.0878],[-65.5515,-26.0878],[-65.5216,-26.0953],[-65.4654,-26.0913],[-65.4585,-26.1031],[-65.4328,-26.1101],[-65.3888,-26.0846],[-65.363,-26.0587],[-65.3264,-26.0683],[-65.318,-26.0794],[-65.3172,-26.081],[-65.2974,-26.0829],[-65.2971,-26.0838],[-65.3009,-26.0908],[-65.2897,-26.1107],[-65.2938,-26.1268],[-65.2749,-26.1568],[-65.2806,-26.1634],[-65.2758,-26.1709],[-65.2227,-26.1844],[-65.2254,-26.1905],[-65.1675,-26.2011],[-65.1616,-26.2027],[-65.1516,-26.2054],[-65.0363,-26.2327],[-65.0472,-26.2558],[-65.0453,-26.266],[-65.0322,-26.2722],[-65.0378,-26.2903],[-64.9725,-26.2744],[-64.9609,-26.304],[-64.9416,-26.3022]]]}},
{"type":"Feature","properties":{"name":"La Poma","georefId":"66091","provinciaGeorefId":"66","tipo":"Departamento"},"geometry":{"type":"Polygon","coordinates":[[[-66.0019,-23.6819],[-65.9872,-23.5097],[-65.9991,-23.5148],[-66.0112,-23.5088],[-66.0892,-23.4593],[-66.1198,-23.4303],[-66.1637,-23.4154],[-66.1844,-23.4169],[-66.1829,-23.4384],[-66.219,-23.485],[-66.2396,-23.4925],[-66.2491,-23.5088],[-66.2642,-23.5655],[-66.2836,-23.5747],[-66.2964,-23.5693],[-66.2977,-23.5616],[-66.3111,-23.5614],[-66.3175,-23.6075],[-66.3355,-23.6285],[-66.3294,-23.632],[-66.3303,-23.6566],[-66.3383,-23.6588],[-66.3381,-23.669],[-66.3574,-23.6738],[-66.3676,-23.6946],[-66.3726,-23.7222],[-66.3676,-23.7331],[-66.3769,-23.7502],[-66.3605,-23.7842],[-66.3533,-23.8253],[-66.372,-23.8219],[-66.3808,-23.8279],[-66.3765,-23.8551],[-66.3544,-23.8839],[-66.3599,-23.9123],[-66.1548,-24.0161],[-66.2365,-24.4378],[-66.5021,-24.2427],[-66.5066,-24.255],[-66.51,-24.2952],[-66.4874,-24.3405],[-66.4878,-24.3771],[-66.4298,-24.4022],[-66.4113,-24.4173],[-66.402,-24.4744],[-66.3606,-24.5387],[-66.3677,-24.6072],[-66.3893,-24.6221],[-66.415,-24.6674],[-66.4178,-24.68],[-66.4086,-24.6996],[-66.4262,-24.7316],[-66.4237,-24.7554],[-66.4088,-24.7738],[-66.4143,-24.7933],[-66.404,-24.8236],[-66.3868,-24.8461],[-66.3509,-24.849],[-66.3298,-24.8627],[-66.2607,-24.857],[-66.1891,-24.9373],[-66.1599,-24.9276],[-66.1287,-24.9297],[-66.1085,-24.9087],[-66.0947,-24.9049],[-66.0941,-24.8976],[-66.1076,-24.8632],[-66.0956,-24.8317],[-66.0972,-24.7938],[-66.1195,-24.7546],[-66.1159,-24.7415],[-66.1282,-24.6752],[-66.1216,-24.5974],[-66.1296,-24.5871],[-66.1242,-24.5723],[-66.1373,-24.5275],[-66.128,-24.4956],[-66.1423,-24.4769],[-66.1509,-24.4308],[-66.1936,-24.4332],[-66.1616,-24.3874],[-66.1499,-24.354],[-66.1555,-24.3092],[-66.1416,-24.2712],[-66.1126,-24.2533],[-66.0998,-24.2307],[-66.1092,-24.1719],[-66.1059,-24.1477],[-66.0691,-24.1224],[-66.033,-24.0775],[-66.0231,-24.0421],[-66.0358,-23.9956],[-66.0078,-24.0022],[-65.9453,-23.9831],[-65.9416,-23.9795],[-65.9399,-23.9779],[-65.9391,-23.9775],[-65.942,-23.9675],[-65.9563,-23.9661],[-65.9909,-23.9817],[-65.9992,-23.9365],[-66.0165,-23.9181],[-66.011,-23.8984],[-66.0219,-23.8617],[-66.0081,-23.8048],[-66.0019,-23.6819]]]}},
{"type":"Feature","properties":{"name":"La Viña","georefId":"66098","provinciaGeorefId":"66","tipo":"Departamento"},"geometry":{"type":"Polygon","coordinates":[[[-65.2712,-25.2218],[-65.3705,-25.2163],[-65.3863,-25.2063],[-65.3931,-25.1858],[-65.4216,-25.1584],[-65.4295,-25.1695],[-65.428,-25.1885],[-65.4827,-25.1915],[-65.5123,-25.2075],[-65.5391,-25.2042],[-65.5495,-25.2108],[-65.5698,-25.2017],[-65.5747,-25.1694],[-65.6038,-25.2035],[-65.6,-25.2216],[-65.6076,-25.2344],[-65.6469,-25.243],[-65.6715,-25.2692],[-65.7214,-25.2521],[-65.7383,-25.304],[-65.7503,-25.3067],[-65.7482,-25.3178],[-65.7693,-25.3177],[-65.7808,-25.3048],[-65.7919,-25.3053],[-65.7974,-25.3435],[-65.7919,-25.3745],[-65.7789,-25.3901],[-65.7872,-25.4075],[-65.7759,-25.4315],[-65.7815,-25.4617],[-65.7694,-25.467],[-65.7499,-25.5014],[-65.7503,-25.5549],[-65.7606,-25.5684],[-65.7768,-25.5736],[-65.7633,-25.6084],[-65.7699,-25.6486],[-65.8049,-25.6369],[-65.8413,-25.6701],[-65.8524,-25.698],[-65.843,-25.7181],[-65.849,-25.7332],[-65.8441,-25.7493],[-65.8552,-25.7583],[-65.8537,-25.7699],[-65.8709,-25.777],[-65.796,-25.7827],[-65.7959,-25.8443],[-65.8046,-25.8586],[-65.7974,-25.882],[-65.7495,-25.8669],[-65.7262,-25.8728],[-65.715,-25.8775],[-65.7105,-25.8686],[-65.7005,-25.869],[-65.7043,-25.8275],[-65.6924,-25.817],[-65.6871,-25.7928],[-65.6902,-25.7673],[-65.6833,-25.7638],[-65.6997,-25.706],[-65.6853,-25.6936],[-65.6791,-25.6704],[-65.6491,-25.6316],[-65.6191,-25.6301],[-65.602,-25.6045],[-65.5778,-25.5943],[-65.5142,-25.4911],[-65.4917,-25.4756],[-65.475,-25.3981],[-65.4582,-25.3876],[-65.4132,-25.2999],[-65.3951,-25.2848],[-65.3401,-25.2975],[-65.3482,-25.3387],[-65.3406,-25.3931],[-65.3467,-25.4154],[-65.3356,-25.4269],[-65.2846,-25.4182],[-65.2613,-25.4231],[-65.2194,-25.4092],[-65.1866,-25.4095],[-65.1809,-25.3887],[-65.1592,-25.3753],[-65.1762,-25.3008],[-65.2526,-25.2784],[-65.2986,-25.2988],[-65.2784,-25.2581],[-65.2877,-25.2403],[-65.2712,-25.2218]]]}},
{"type":"Feature","properties":{"name":"Los Andes","georefId":"66105","provinciaGeorefId":"66","tipo":"Departamento"},"geometry":{"type":"Polygon","coordinates":[[[-66.5699,-25.2985],[-66.5646,-25.2995],[-66.5611,-25.3001],[-66.5602,-25.3003],[-66.5594,-25.2984],[-66.5572,-25.2922],[-66.537,-25.2656],[-66.5481,-25.2506],[-66.5516,-25.2275],[-66.5373,-25.2031],[-66.545,-25.1809],[-66.5905,-25.1592],[-66.6009,-25.1439],[-66.6206,-25.1422],[-66.6257,-25.106],[-66.6144,-25.0962],[-66.609,-25.0632],[-66.6236,-25.0502],[-66.615,-25.0194],[-66.5933,-24.9969],[-66.5886,-24.9637],[-66.5963,-24.9368],[-66.556,-24.871],[-66.525,-24.8447],[-66.4823,-24.8383],[-66.4118,-24.8126],[-66.404,-24.8236],[-66.4143,-24.7933],[-66.4088,-24.7738],[-66.4237,-24.7554],[-66.4262,-24.7316],[-66.4086,-24.6996],[-66.4178,-24.68],[-66.415,-24.6674],[-66.3893,-24.6221],[-66.3677,-24.6072],[-66.3606,-24.5387],[-66.402,-24.4744],[-66.4113,-24.4173],[-66.4298,-24.4022],[-66.4878,-24.3771],[-66.4874,-24.3405],[-66.51,-24.2952],[-66.5066,-24.255],[-66.5021,-24.2427],[-66.2365,-24.4378],[-66.1548,-24.0161],[-66.3599,-23.9123],[-66.3681,-23.9719],[-66.3629,-23.9835],[-66.3394,-23.9843],[-66.3533,-23.9986],[-66.3505,-24.0237],[-66.3702,-24.0501],[-66.3705,-24.0801],[-66.3623,-24.0874],[-66.3758,-24.1173],[-66.3818,-24.1278],[-66.4143,-24.1287],[-66.4225,-24.1639],[-66.4457,-24.1647],[-66.4788,-24.1835],[-66.469,-24.1984],[-66.4834,-24.213],[-66.5035,-24.1978],[-66.5239,-24.2038],[-66.5269,-24.2048],[-66.5436,-24.2076],[-66.5587,-24.1873],[-66.5908,-24.188],[-66.6463,-24.1725],[-66.6786,-24.1421],[-66.7265,-24.1223],[-66.7457,-24.0892],[-66.7752,-24.0878],[-66.7974,-24.0964],[-66.8374,-24.0707],[-66.8799,-23.9939],[-66.8806,-23.9744],[-66.9152,-23.9702],[-66.9411,-23.984],[-66.9928,-23.8899],[-67.213,-23.6949],[-67.3226,-24.0342],[-68.2599,-24.4023],[-68.2684,-24.4349],[-68.2972,-24.4555],[-68.3085,-24.4918],[-68.3766,-24.492],[-68.3879,-24.4842],[-68.4323,-24.5781],[-68.4349,-24.6068],[-68.4515,-24.6031],[-68.4556,-24.6176],[-68.4679,-24.6237],[-68.4865,-24.6013],[-68.4957,-24.6001],[-68.5033,-24.6182],[-68.4877,-24.6401],[-68.4926,-24.6654],[-68.5158,-24.7037],[-68.5443,-24.7243],[-68.5465,-24.7534],[-68.5619,-24.7627],[-68.5688,-24.7941],[-68.538,-24.8173],[-68.5333,-24.8582],[-68.5196,-24.8739],[-68.4929,-24.8761],[-68.4842,-24.8973],[-68.4326,-24.9059],[-68.4313,-24.9142],[-68.4399,-24.9192],[-68.431,-24.9299],[-68.4294,-24.9565],[-68.4087,-24.9727],[-68.4168,-24.9941],[-68.407,-25.0303],[-68.3899,-25.0384],[-68.3782,-25.0324],[-68.3671,-25.0824],[-68.3442,-25.1108],[-68.4102,-25.1453],[-68.425,-25.1306],[-68.4348,-25.1315],[-68.4377,-25.1228],[-68.4453,-25.134],[-68.4597,-25.1257],[-68.4716,-25.1503],[-68.507,-25.1683],[-67.8646,-25.2384],[-66.8793,-25.2417],[-66.5699,-25.2985]]]}},
{"type":"Feature","properties":{"name":"Metán","georefId":"66112","provinciaGeorefId":"66","tipo":"Departamento"},"geometry":{"type":"Polygon","coordinates":[[[-65.0819,-25.1003],[-65.1057,-25.111],[-65.1476,-25.1148],[-65.1601,-25.1399],[-65.1569,-25.1562],[-65.1706,-25.177],[-65.1941,-25.1876],[-65.2143,-25.2394],[-65.2526,-25.2784],[-65.1762,-25.3008],[-65.1592,-25.3753],[-65.1809,-25.3887],[-65.1866,-25.4095],[-65.1798,-25.435],[-65.1637,-25.4433],[-65.1663,-25.4812],[-65.1538,-25.4988],[-65.1634,-25.5177],[-65.1493,-25.5378],[-65.1633,-25.5667],[-65.1641,-25.5877],[-65.1341,-25.621],[-65.1232,-25.6458],[-65.0864,-25.6628],[-65.0697,-25.6547],[-65.0497,-25.6572],[-65.0416,-25.6708],[-65.0277,-25.6722],[-64.9198,-25.6381],[-64.9011,-25.6423],[-64.8844,-25.6371],[-64.8462,-25.6524],[-64.7944,-25.6439],[-64.7417,-25.6234],[-64.7327,-25.6318],[-64.6213,-25.5972],[-64.4768,-25.6218],[-64.4644,-25.5979],[-64.4526,-25.525],[-64.4023,-25.5352],[-64.3087,-25.5234],[-64.2085,-25.557],[-64.1975,-25.7095],[-64.1963,-25.728],[-64.1803,-25.7304],[-64.0829,-25.7452],[-64.0255,-25.7539],[-64.0078,-25.6738],[-63.9527,-25.6789],[-63.9191,-25.6821],[-63.9192,-25.6816],[-63.9192,-25.6814],[-63.9199,-25.6801],[-63.949,-25.6704],[-63.9592,-25.6569],[-63.9507,-25.6071],[-63.9436,-25.6042],[-63.9413,-25.5511],[-63.9486,-25.5498],[-63.9527,-25.5315],[-63.9657,-25.5331],[-63.9879,-25.5167],[-63.9967,-25.4893],[-64.0099,-25.4783],[-64.0058,-25.4727],[-64.0294,-25.4682],[-64.0279,-25.4513],[-64.0194,-25.4531],[-64.0144,-25.4434],[-64.0237,-25.4449],[-64.0186,-25.4293],[-64.0362,-25.4187],[-64.0407,-25.3993],[-64.0499,-25.3984],[-64.0367,-25.3901],[-64.063,-25.3612],[-64.0463,-25.3437],[-64.0445,-25.3338],[-64.0539,-25.3324],[-64.0556,-25.3227],[-64.0461,-25.3139],[-64.0724,-25.2906],[-64.073,-25.2796],[-64.0579,-25.274],[-64.0643,-25.2496],[-64.0731,-25.2474],[-64.0699,-25.2368],[-64.0771,-25.2319],[-64.0811,-25.208],[-64.0899,-25.2033],[-64.0851,-25.1954],[-64.0966,-25.1935],[-64.0911,-25.1878],[-64.1072,-25.1601],[-64.1207,-25.1537],[-64.1274,-25.1603],[-64.1508,-25.1472],[-64.1594,-25.109],[-64.1813,-25.1162],[-64.1919,-25.1095],[-64.2035,-25.122],[-64.2143,-25.1159],[-64.2306,-25.1267],[-64.2376,-25.1143],[-64.242,-25.1203],[-64.2468,-25.1149],[-64.2627,-25.121],[-64.277,-25.1466],[-64.3045,-25.1461],[-64.3131,-25.1652],[-64.307,-25.1705],[-64.3358,-25.1933],[-64.3459,-25.2284],[-64.3622,-25.2424],[-64.3974,-25.2519],[-64.4312,-25.2269],[-64.4643,-25.2226],[-64.5454,-25.2563],[-64.5709,-25.3149],[-64.592,-25.3248],[-64.5942,-25.3374],[-64.6196,-25.362],[-64.6417,-25.3617],[-64.6786,-25.3756],[-64.686,-25.3707],[-64.7047,-25.3797],[-64.7401,-25.3677],[-64.777,-25.3689],[-64.7847,-25.3575],[-64.8282,-25.3455],[-64.8415,-25.3204],[-64.8833,-25.2985],[-64.8851,-25.2873],[-64.8945,-25.2852],[-64.8941,-25.2443],[-64.9091,-25.2294],[-64.9144,-25.2101],[-64.9253,-25.2047],[-64.9367,-25.175],[-64.9576,-25.1619],[-64.9646,-25.1661],[-64.9766,-25.1488],[-65.0049,-25.1309],[-65.0655,-25.1131],[-65.0819,-25.1003]]]}},
{"type":"Feature","properties":{"name":"Molinos","georefId":"66119","provinciaGeorefId":"66","tipo":"Departamento"},"geometry":{"type":"Polygon","coordinates":[[[-66.5608,-25.3009],[-66.5623,-25.301],[-66.5804,-25.3188],[-66.5998,-25.3623],[-66.5871,-25.3728],[-66.5371,-25.3725],[-66.5185,-25.4403],[-66.5352,-25.4623],[-66.5321,-25.5006],[-66.5428,-25.5224],[-66.5346,-25.5365],[-66.5634,-25.5643],[-66.5728,-25.5867],[-66.5636,-25.6017],[-66.5639,-25.6218],[-66.6065,-25.6287],[-66.6118,-25.6418],[-66.6304,-25.6544],[-66.6486,-25.712],[-66.6913,-25.7037],[-66.7546,-25.7064],[-66.799,-25.6988],[-66.8433,-25.7126],[-66.8736,-25.7662],[-66.8562,-25.7741],[-66.8476,-25.7963],[-66.8393,-25.8807],[-66.8524,-25.9186],[-66.8435,-25.9773],[-66.8014,-26.0165],[-66.7984,-26.0149],[-66.5954,-25.9044],[-66.3717,-25.9881],[-66.3824,-25.9353],[-66.3723,-25.9263],[-66.3621,-25.8835],[-66.3459,-25.8799],[-66.3324,-25.8666],[-66.3306,-25.8472],[-66.3417,-25.8336],[-66.348,-25.7858],[-66.3284,-25.7575],[-66.328,-25.6828],[-66.3199,-25.6594],[-66.322,-25.6492],[-66.3412,-25.6346],[-66.349,-25.5681],[-66.3084,-25.5587],[-66.2964,-25.536],[-66.3038,-25.5109],[-66.2771,-25.4957],[-66.2379,-25.4819],[-66.1909,-25.4821],[-66.1404,-25.4544],[-66.0855,-25.4593],[-66.0264,-25.4522],[-66.0009,-25.3427],[-66.0016,-25.3114],[-66.0198,-25.2917],[-66.0365,-25.2939],[-66.0919,-25.277],[-66.2305,-25.2548],[-66.247,-25.2297],[-66.244,-25.2111],[-66.2778,-25.1897],[-66.2809,-25.1811],[-66.3087,-25.1756],[-66.3282,-25.1465],[-66.3565,-25.1485],[-66.3508,-25.185],[-66.3796,-25.1864],[-66.4066,-25.1563],[-66.3999,-25.1278],[-66.4218,-25.1347],[-66.4415,-25.1194],[-66.4605,-25.1188],[-66.5084,-25.1279],[-66.5784,-25.1014],[-66.6257,-25.106],[-66.6206,-25.1422],[-66.6009,-25.1439],[-66.5905,-25.1592],[-66.545,-25.1809],[-66.5373,-25.2031],[-66.5516,-25.2275],[-66.5481,-25.2506],[-66.537,-25.2656],[-66.5572,-25.2922],[-66.5594,-25.2984],[-66.5602,-25.3003],[-66.5608,-25.3009]]]}},
{"type":"Feature","properties":{"name":"Orán","georefId":"66126","provinciaGeorefId":"66","tipo":"Departamento"},"geometry":{"type":"Polygon","coordinates":[[[-64.4817,-22.4811],[-64.4837,-22.4831],[-64.5035,-22.522],[-64.4939,-22.5391],[-64.5046,-22.561],[-64.5033,-22.6068],[-64.535,-22.6378],[-64.5338,-22.6473],[-64.5441,-22.6503],[-64.547,-22.6617],[-64.5843,-22.6761],[-64.5848,-22.6759],[-64.5848,-22.6758],[-64.5847,-22.6767],[-64.5847,-22.6768],[-64.5836,-22.6836],[-64.583,-22.6838],[-64.5812,-22.6832],[-64.581,-22.6827],[-64.5806,-22.6824],[-64.5508,-22.7108],[-64.5447,-22.7089],[-64.5444,-22.7085],[-64.541,-22.708],[-64.5404,-22.7085],[-64.5379,-22.7155],[-64.5381,-22.7161],[-64.5384,-22.7165],[-64.5386,-22.7169],[-64.5388,-22.7172],[-64.5405,-22.7182],[-64.5406,-22.7183],[-64.5158,-22.7644],[-64.516,-22.7648],[-64.5163,-22.7652],[-64.516,-22.774],[-64.5163,-22.7744],[-64.5165,-22.7747],[-64.5168,-22.7749],[-64.5167,-22.7993],[-64.5167,-22.8],[-64.5169,-22.8003],[-64.5171,-22.8007],[-64.518,-22.8018],[-64.5184,-22.8021],[-64.5187,-22.8052],[-64.5185,-22.8059],[-64.5209,-22.8081],[-64.5212,-22.8084],[-64.5114,-22.8245],[-64.5196,-22.8289],[-64.5199,-22.829],[-64.5103,-22.8424],[-64.5105,-22.8428],[-64.5108,-22.8431],[-64.5105,-22.8483],[-64.5108,-22.8488],[-64.5122,-22.85],[-64.5124,-22.8502],[-64.4993,-22.8607],[-64.4995,-22.8612],[-64.5036,-22.8638],[-64.5039,-22.8642],[-64.4901,-22.8624],[-64.4863,-22.869],[-64.4865,-22.8698],[-64.5,-22.8771],[-64.5005,-22.8775],[-64.4925,-22.8899],[-64.4928,-22.8906],[-64.4997,-22.8955],[-64.4999,-22.8957],[-64.4961,-22.902],[-64.4963,-22.9024],[-64.4967,-22.9028],[-64.4972,-22.9033],[-64.4977,-22.9076],[-64.4977,-22.9079],[-64.5242,-22.9142],[-64.5444,-22.8986],[-64.5671,-22.9021],[-64.5674,-22.9025],[-64.5677,-22.9031],[-64.568,-22.9035],[-64.569,-22.9044],[-64.5691,-22.9047],[-64.5735,-22.9069],[-64.5738,-22.9073],[-64.527,-22.9421],[-64.5282,-22.9458],[-64.5483,-22.9629],[-64.55,-22.9656],[-64.553,-22.9865],[-64.5549,-22.9917],[-64.5587,-22.9991],[-64.5616,-23.0037],[-64.5619,-23.004],[-64.5619,-23.0097],[-64.5624,-23.0099],[-64.5615,-23.0261],[-64.5617,-23.0264],[-64.5612,-23.028],[-64.5612,-23.0285],[-64.5619,-23.0292],[-64.5622,-23.0295],[-64.5621,-23.0305],[-64.5622,-23.0311],[-64.5625,-23.0312],[-64.563,-23.0314],[-64.5628,-23.0329],[-64.5629,-23.0335],[-64.5647,-23.0341],[-64.5649,-23.0344],[-64.5641,-23.0368],[-64.5643,-23.0372],[-64.5652,-23.0377],[-64.5656,-23.038],[-64.5657,-23.0388],[-64.5657,-23.0394],[-64.5661,-23.0398],[-64.5645,-23.047],[-64.5647,-23.0474],[-64.5654,-23.0478],[-64.5656,-23.0481],[-64.5611,-23.0558],[-64.5612,-23.0562],[-64.564,-23.0589],[-64.5643,-23.0591],[-64.5635,-23.0609],[-64.5634,-23.0613],[-64.5632,-23.0698],[-64.5634,-23.0702],[-64.5753,-23.0756],[-64.5757,-23.0757],[-64.5758,-23.0759],[-64.5758,-23.0761],[-64.5772,-23.0763],[-64.5776,-23.0767],[-64.5777,-23.077],[-64.6237,-23.0871],[-64.6518,-23.0729],[-64.6527,-23.0722],[-64.6542,-23.0709],[-64.6794,-23.0341],[-64.6812,-23.0356],[-64.6817,-23.0373],[-64.6818,-23.0377],[-64.6834,-23.0386],[-64.6872,-23.0384],[-64.6956,-23.0473],[-64.7033,-23.0475],[-64.7082,-23.0463],[-64.7142,-23.0505],[-64.7202,-23.0572],[-64.7342,-23.0638],[-64.7827,-23.0545],[-64.8039,-23.0615],[-64.842,-23.046],[-64.8429,-23.0464],[-64.8433,-23.0477],[-64.8784,-23.0436],[-64.8987,-23.0517],[-64.9417,-23.0319],[-64.9426,-23.033],[-64.9434,-23.0346],[-64.9664,-23.0328],[-64.9678,-23.034],[-64.9692,-23.0367],[-64.9709,-23.04],[-64.9909,-23.0483],[-65.0059,-23.0421],[-65.0116,-23.0393],[-65.0229,-23.0187],[-65.0634,-23.0431],[-65.0675,-23.0448],[-65.0678,-23.0449],[-65.0679,-23.0449],[-65.068,-23.0449],[-65.0622,-23.1188],[-65.0717,-23.1377],[-65.045,-23.1557],[-65.0697,-23.1995],[-65.072,-23.2203],[-65.0519,-23.2295],[-65.0386,-23.2269],[-65.0359,-23.2524],[-65.0189,-23.2626],[-65.0101,-23.2851],[-64.9869,-23.2811],[-64.9646,-23.2861],[-64.9473,-23.2691],[-64.9284,-23.301],[-64.9102,-23.3108],[-64.8997,-23.3354],[-64.9047,-23.3543],[-64.8924,-23.3594],[-64.9105,-23.4008],[-64.9038,-23.4086],[-64.9067,-23.4238],[-64.8949,-23.4404],[-64.8684,-23.4474],[-64.8734,-23.4787],[-64.845,-23.4972],[-64.8447,-23.4914],[-64.8409,-23.4844],[-64.7875,-23.4962],[-64.7612,-23.4757],[-64.7394,-23.4789],[-64.7384,-23.4676],[-64.6825,-23.4524],[-64.6633,-23.468],[-64.6577,-23.4832],[-64.6146,-23.4923],[-64.5861,-23.5122],[-64.5759,-23.5145],[-64.568,-23.5072],[-64.5665,-23.5139],[-64.5521,-23.5122],[-64.5439,-23.524],[-64.5326,-23.5214],[-64.5348,-23.5384],[-64.4959,-23.5671],[-64.4788,-23.6082],[-64.4585,-23.6152],[-64.464,-23.6203],[-64.4473,-23.6272],[-64.4483,-23.6394],[-64.4311,-23.6335],[-64.4123,-23.6318],[-64.3932,-23.6101],[-64.4022,-23.5965],[-64.3862,-23.5813],[-64.3856,-23.5636],[-64.3688,-23.5376],[-64.3515,-23.5316],[-64.3543,-23.518],[-64.1571,-23.518],[-64.161,-24.0706],[-64.1537,-24.0798],[-64.1508,-24.1364],[-64.1579,-24.1544],[-64.158,-24.1548],[-64.0084,-24.1636],[-63.6767,-24.2182],[-63.6444,-24.2235],[-63.6225,-24.1126],[-63.5304,-24.1279],[-63.5259,-24.1039],[-63.4986,-23.9602],[-63.5086,-23.9585],[-63.4578,-23.7064],[-63.437,-23.7103],[-63.4029,-23.539],[-63.4021,-23.5353],[-63.4098,-23.5115],[-63.4412,-23.4969],[-63.4989,-23.4515],[-63.5609,-23.4431],[-63.5895,-23.4306],[-63.6175,-23.388],[-63.638,-23.3976],[-63.6625,-23.391],[-63.6765,-23.3645],[-63.6893,-23.3615],[-63.6998,-23.3383],[-63.7262,-23.3224],[-63.7478,-23.3199],[-63.7563,-23.3259],[-63.7865,-23.3168],[-63.7967,-23.3225],[-63.8443,-23.3234],[-63.91,-23.2997],[-63.9442,-23.328],[-63.9563,-23.3148],[-64.0071,-23.3324],[-64.0392,-23.3079],[-64.073,-23.3059],[-64.0834,-23.2647],[-64.0934,-23.2545],[-64.1083,-23.2629],[-64.1409,-23.2483],[-64.1624,-23.2731],[-64.1872,-23.2687],[-64.1899,-23.2593],[-64.1776,-23.2345],[-64.214,-23.2257],[-64.227,-23.2066],[-64.2141,-23.1821],[-64.1962,-23.1977],[-64.168,-23.2007],[-64.2037,-23.1821],[-64.1828,-23.1527],[-64.1976,-23.1487],[-64.2091,-23.1563],[-64.1907,-23.1291],[-64.1984,-23.1255],[-64.2135,-23.1351],[-64.2034,-23.1228],[-64.2116,-23.0888],[-64.2186,-23.0993],[-64.2283,-23.0915],[-64.2388,-23.0963],[-64.2476,-23.0688],[-64.2761,-23.0665],[-64.2703,-23.0413],[-64.2816,-23.0289],[-64.3246,-23.0206],[-64.3327,-23.0089],[-64.3343,-22.9932],[-64.3271,-22.9846],[-64.3353,-22.9675],[-64.3272,-22.9534],[-64.3424,-22.9303],[-64.3251,-22.9163],[-64.3199,-22.8865],[-64.3193,-22.8862],[-64.3167,-22.8842],[-64.3161,-22.8839],[-64.315,-22.8827],[-64.3148,-22.8671],[-64.3364,-22.8737],[-64.3409,-22.8616],[-64.3388,-22.8559],[-64.3282,-22.862],[-64.3267,-22.8377],[-64.3301,-22.8122],[-64.3425,-22.8058],[-64.3371,-22.7739],[-64.3443,-22.7394],[-64.3625,-22.7237],[-64.3725,-22.7272],[-64.3802,-22.7177],[-64.3888,-22.7232],[-64.4032,-22.7187],[-64.3907,-22.7121],[-64.3985,-22.7047],[-64.3947,-22.6857],[-64.4159,-22.6786],[-64.4137,-22.6566],[-64.4316,-22.6507],[-64.4414,-22.6388],[-64.424,-22.6344],[-64.4339,-22.6313],[-64.425,-22.5878],[-64.4302,-22.5817],[-64.4096,-22.563],[-64.4161,-22.553],[-64.4121,-22.5384],[-64.4247,-22.5334],[-64.4289,-22.5217],[-64.4483,-22.5216],[-64.4519,-22.5152],[-64.4449,-22.5064],[-64.4569,-22.5044],[-64.4605,-22.4919],[-64.4817,-22.4811]]]}},
{"type":"Feature","properties":{"name":"Rivadavia","georefId":"66133","provinciaGeorefId":"66","tipo":"Departamento"},"geometry":{"type":"Polygon","coordinates":[[[-62.3423,-22.4609],[-62.3451,-22.455],[-62.3559,-22.4657],[-62.3712,-22.4605],[-62.373,-22.4735],[-62.3806,-22.4736],[-62.3852,-22.4537],[-62.4048,-22.4513],[-62.4043,-22.4423],[-62.413,-22.4422],[-62.4345,-22.4192],[-62.4457,-22.4233],[-62.448,-22.4023],[-62.4578,-22.3999],[-62.4596,-22.4072],[-62.4655,-22.4026],[-62.4639,-22.3721],[-62.4803,-22.3808],[-62.5186,-22.3782],[-62.5346,-22.368],[-62.5403,-22.3286],[-62.5587,-22.3381],[-62.5708,-22.3334],[-62.5692,-22.3098],[-62.595,-22.3218],[-62.6038,-22.3067],[-62.634,-22.3074],[-62.6423,-22.2947],[-62.6307,-22.2825],[-62.6325,-22.2416],[-62.6409,-22.2363],[-62.6602,-22.2507],[-62.6849,-22.2123],[-62.7206,-22.2021],[-62.738,-22.1712],[-62.7651,-22.1523],[-62.7737,-22.1544],[-62.7787,-22.168],[-62.7889,-22.165],[-62.8139,-22.105],[-62.7999,-22.0853],[-62.797,-22.0668],[-62.8142,-22.0422],[-62.8112,-21.9988],[-63.1322,-21.9993],[-63.1337,-22.4915],[-63.1216,-22.4915],[-63.1231,-22.9443],[-63.2037,-22.9431],[-63.2661,-23.4597],[-63.2816,-23.4581],[-63.2957,-23.5348],[-63.2688,-23.5594],[-63.2772,-23.6493],[-63.2962,-23.6509],[-63.3312,-23.6256],[-63.3238,-23.6043],[-63.3676,-23.5872],[-63.3619,-23.5632],[-63.3938,-23.5509],[-63.4021,-23.5353],[-63.4029,-23.539],[-63.437,-23.7103],[-63.4578,-23.7064],[-63.5086,-23.9585],[-63.4986,-23.9602],[-63.5259,-24.1039],[-63.5304,-24.1279],[-63.427,-24.1449],[-63.4347,-24.1843],[-63.3448,-24.1567],[-63.3748,-24.3134],[-63.2874,-24.2776],[-63.2938,-24.3205],[-63.2105,-24.3156],[-63.1935,-24.2108],[-63.1501,-24.2155],[-63.1637,-24.2949],[-63.0364,-24.3751],[-63.0096,-24.2193],[-62.9368,-24.258],[-62.9379,-24.4288],[-62.9369,-24.716],[-63.2341,-24.7188],[-63.2335,-24.8566],[-63.0746,-24.8556],[-63.0713,-25.2445],[-63.0706,-25.2437],[-62.7158,-24.8309],[-62.3424,-24.3921],[-62.3422,-24.1102],[-62.342,-23.4954],[-62.3423,-22.4609]]]}},
{"type":"Feature","properties":{"name":"Rosario de la Frontera","georefId":"66140","provinciaGeorefId":"66","tipo":"Departamento"},"geometry":{"type":"Polygon","coordinates":[[[-64.1975,-25.7095],[-64.2085,-25.557],[-64.3087,-25.5234],[-64.4023,-25.5352],[-64.4526,-25.525],[-64.4644,-25.5979],[-64.4768,-25.6218],[-64.6213,-25.5972],[-64.7327,-25.6318],[-64.7417,-25.6234],[-64.7944,-25.6439],[-64.8462,-25.6524],[-64.8844,-25.6371],[-64.9011,-25.6423],[-64.9198,-25.6381],[-65.0277,-25.6722],[-65.0416,-25.6708],[-65.0497,-25.6572],[-65.0697,-25.6547],[-65.0864,-25.6628],[-65.1232,-25.6458],[-65.1341,-25.621],[-65.164,-25.6195],[-65.1706,-25.6521],[-65.1966,-25.6903],[-65.2395,-25.712],[-65.259,-25.7761],[-65.2903,-25.7748],[-65.2784,-25.8076],[-65.2812,-25.8246],[-65.2944,-25.835],[-65.2901,-25.8498],[-65.2984,-25.8598],[-65.2859,-25.864],[-65.2748,-25.8852],[-65.2543,-25.8894],[-65.2446,-25.9373],[-65.2468,-25.9721],[-65.1946,-26.0252],[-65.1027,-26.0547],[-65.1132,-26.0378],[-65.108,-26.0079],[-64.9623,-26.034],[-64.9184,-26.0308],[-64.8843,-26.0448],[-64.8831,-26.0677],[-64.8901,-26.0701],[-64.8944,-26.0909],[-64.8753,-26.1048],[-64.8729,-26.1253],[-64.8917,-26.1797],[-64.9115,-26.1891],[-64.9173,-26.1995],[-64.9461,-26.289],[-64.9416,-26.3022],[-64.9088,-26.2904],[-64.897,-26.2788],[-64.8872,-26.2824],[-64.8868,-26.2822],[-64.8581,-26.2527],[-64.8512,-26.2538],[-64.8459,-26.2389],[-64.8228,-26.2427],[-64.8159,-26.2313],[-64.7904,-26.2237],[-64.7591,-26.224],[-64.7482,-26.2379],[-64.7322,-26.2416],[-64.7123,-26.2356],[-64.6678,-26.2427],[-64.6334,-26.2348],[-64.622,-26.2245],[-64.6137,-26.2334],[-64.5967,-26.2244],[-64.5965,-26.2243],[-64.5796,-26.2182],[-64.5642,-26.2269],[-64.5416,-26.2194],[-64.5191,-26.2242],[-64.5109,-26.2145],[-64.4949,-26.2195],[-64.4255,-26.1159],[-64.4167,-26.1143],[-64.4036,-26.0484],[-64.413,-26.0405],[-64.2765,-25.7206],[-64.2738,-25.7144],[-64.268,-25.7006],[-64.1975,-25.7095]]]}},
{"type":"Feature","properties":{"name":"Rosario de Lerma","georefId":"66147","provinciaGeorefId":"66","tipo":"Departamento"},"geometry":{"type":"Polygon","coordinates":[[[-65.9416,-23.9795],[-65.9453,-23.9831],[-66.0078,-24.0022],[-66.0358,-23.9956],[-66.0231,-24.0421],[-66.033,-24.0775],[-66.0691,-24.1224],[-66.1059,-24.1477],[-66.1092,-24.1719],[-66.0998,-24.2307],[-66.1126,-24.2533],[-66.1416,-24.2712],[-66.1555,-24.3092],[-66.1499,-24.354],[-66.1616,-24.3874],[-66.1936,-24.4332],[-66.1509,-24.4308],[-66.1423,-24.4769],[-66.128,-24.4956],[-66.1373,-24.5275],[-66.1242,-24.5723],[-66.1296,-24.5871],[-66.1216,-24.5974],[-66.1282,-24.6752],[-66.1159,-24.7415],[-66.0255,-24.7531],[-66.0046,-24.7655],[-65.9961,-24.8159],[-65.9717,-24.8632],[-65.9734,-24.8827],[-65.9554,-24.9185],[-65.9361,-24.9403],[-65.9198,-24.9351],[-65.8874,-24.9392],[-65.8923,-25.02],[-65.8845,-25.0393],[-65.8668,-25.0489],[-65.8539,-25.071],[-65.8419,-25.0687],[-65.822,-25.0799],[-65.8016,-25.0702],[-65.7781,-25.071],[-65.74,-25.1021],[-65.7267,-25.0904],[-65.7133,-25.0913],[-65.6917,-25.0548],[-65.667,-25.0547],[-65.6134,-25.0204],[-65.5653,-25.0194],[-65.5317,-25.0269],[-65.5149,-24.9882],[-65.5415,-24.9721],[-65.5409,-24.966],[-65.5382,-24.9506],[-65.5204,-24.935],[-65.5292,-24.9345],[-65.531,-24.9149],[-65.5472,-24.9111],[-65.5467,-24.9025],[-65.5419,-24.8792],[-65.5143,-24.8763],[-65.5206,-24.8455],[-65.5361,-24.8445],[-65.5451,-24.8149],[-65.5608,-24.8213],[-65.5994,-24.8065],[-65.5931,-24.7811],[-65.5992,-24.7368],[-65.5943,-24.7064],[-65.5794,-24.6819],[-65.5814,-24.6446],[-65.5823,-24.5738],[-65.6271,-24.5584],[-65.634,-24.5347],[-65.6608,-24.5289],[-65.6539,-24.496],[-65.6606,-24.4555],[-65.6522,-24.4284],[-65.6606,-24.3915],[-65.6593,-24.3817],[-65.6596,-24.3743],[-65.6596,-24.3724],[-65.6586,-24.3687],[-65.6559,-24.3551],[-65.6696,-24.3411],[-65.6827,-24.3077],[-65.6725,-24.2487],[-65.6972,-24.2297],[-65.6945,-24.2148],[-65.725,-24.186],[-65.7154,-24.1669],[-65.7308,-24.1442],[-65.7209,-24.1093],[-65.7333,-24.084],[-65.7517,-24.0738],[-65.7463,-24.0624],[-65.7528,-24.058],[-65.7866,-24.0554],[-65.8045,-24.033],[-65.8674,-24.0033],[-65.9475,-24.0072],[-65.9418,-23.98],[-65.9416,-23.9795]]]}},
{"type":"Feature","properties":{"name":"San Carlos","georefId":"66154","provinciaGeorefId":"66","tipo":"Departamento"},"geometry":{"type":"Polygon","coordinates":[[[-65.7919,-25.3053],[-65.8172,-25.3012],[-65.8281,-25.2861],[-65.8227,-25.2615],[-65.8382,-25.2256],[-65.838,-25.1974],[-65.8574,-25.1836],[-65.8671,-25.2419],[-65.946,-25.2437],[-65.9539,-25.2831],[-66.0016,-25.3114],[-66.0009,-25.3427],[-66.0264,-25.4522],[-66.0855,-25.4593],[-66.1404,-25.4544],[-66.1909,-25.4821],[-66.2379,-25.4819],[-66.2771,-25.4957],[-66.3038,-25.5109],[-66.2964,-25.536],[-66.3084,-25.5587],[-66.349,-25.5681],[-66.3412,-25.6346],[-66.322,-25.6492],[-66.3199,-25.6594],[-66.328,-25.6828],[-66.3284,-25.7575],[-66.348,-25.7858],[-66.3417,-25.8336],[-66.3306,-25.8472],[-66.3324,-25.8666],[-66.3459,-25.8799],[-66.3621,-25.8835],[-66.3723,-25.9263],[-66.3824,-25.9353],[-66.3717,-25.9881],[-66.5954,-25.9044],[-66.7984,-26.0149],[-66.8014,-26.0165],[-66.781,-26.034],[-66.7804,-26.0469],[-66.7573,-26.0501],[-66.7513,-26.0602],[-66.7311,-26.0653],[-66.7222,-26.0795],[-66.7147,-26.074],[-66.7024,-26.082],[-66.6609,-26.0767],[-66.6526,-26.0929],[-66.66,-26.1065],[-66.6259,-26.1271],[-66.6183,-26.1447],[-66.5932,-26.1512],[-66.5724,-26.1787],[-66.576,-26.2107],[-66.5668,-26.2492],[-66.5535,-26.26],[-66.5603,-26.2948],[-66.5399,-26.3532],[-66.5063,-26.3651],[-66.4892,-26.3663],[-66.4775,-26.3593],[-66.4453,-26.3744],[-66.382,-26.4168],[-66.3748,-26.4126],[-66.3624,-26.3627],[-66.3399,-26.3394],[-66.3226,-26.2893],[-66.302,-26.2707],[-66.306,-26.2623],[-66.293,-26.2293],[-66.2798,-26.2201],[-66.2667,-26.1952],[-66.245,-26.1804],[-66.2304,-26.1497],[-66.2053,-26.1326],[-66.183,-26.1355],[-66.1814,-26.1352],[-66.1814,-26.135],[-66.1814,-26.1331],[-66.1764,-26.1259],[-66.1683,-26.1186],[-66.1677,-26.0611],[-66.1598,-26.0437],[-66.1395,-26.0498],[-66.1232,-26.0334],[-66.0475,-26.0163],[-65.8718,-26.0313],[-65.8646,-26.022],[-65.855,-26.0259],[-65.8691,-26.0016],[-65.8659,-25.9823],[-65.841,-25.9787],[-65.7943,-25.9363],[-65.8068,-25.9133],[-65.7968,-25.8986],[-65.7974,-25.882],[-65.8046,-25.8586],[-65.7959,-25.8443],[-65.796,-25.7827],[-65.8709,-25.777],[-65.8537,-25.7699],[-65.8552,-25.7583],[-65.8441,-25.7493],[-65.849,-25.7332],[-65.843,-25.7181],[-65.8524,-25.698],[-65.8413,-25.6701],[-65.8049,-25.6369],[-65.7699,-25.6486],[-65.7633,-25.6084],[-65.7768,-25.5736],[-65.7606,-25.5684],[-65.7503,-25.5549],[-65.7499,-25.5014],[-65.7694,-25.467],[-65.7815,-25.4617],[-65.7759,-25.4315],[-65.7872,-25.4075],[-65.7789,-25.3901],[-65.7919,-25.3745],[-65.7974,-25.3435],[-65.7919,-25.3053]]]}},
{"type":"Feature","properties":{"name":"Santa Victoria","georefId":"66161","provinciaGeorefId":"66","tipo":"Departamento"},"geometry":{"type":"Polygon","coordinates":[[[-64.4817,-22.4811],[-64.4745,-22.4684],[-64.4894,-22.4574],[-64.491,-22.437],[-64.5111,-22.4452],[-64.5239,-22.4424],[-64.5128,-22.4125],[-64.5662,-22.371],[-64.5642,-22.3235],[-64.5469,-22.3161],[-64.5376,-22.2843],[-64.5753,-22.2531],[-64.593,-22.2466],[-64.618,-22.2046],[-64.624,-22.208],[-64.651,-22.1895],[-64.6606,-22.1957],[-64.6818,-22.1865],[-64.7216,-22.1965],[-64.7368,-22.1939],[-64.7533,-22.1789],[-64.7792,-22.1773],[-64.7932,-22.1612],[-64.8617,-22.122],[-64.8783,-22.1174],[-64.8864,-22.1292],[-64.9026,-22.1196],[-64.9237,-22.1211],[-64.9379,-22.1097],[-64.9814,-22.0978],[-64.9934,-22.0824],[-65.1866,-22.0853],[-65.1956,-22.1077],[-65.1941,-22.1447],[-65.2138,-22.15],[-65.2205,-22.1696],[-65.2403,-22.2792],[-65.2268,-22.3207],[-65.2627,-22.3383],[-65.2846,-22.3903],[-65.2817,-22.4134],[-65.2947,-22.4195],[-65.3057,-22.4666],[-65.3468,-22.5194],[-65.3456,-22.5277],[-65.3454,-22.5283],[-65.3142,-22.5359],[-65.3104,-22.5441],[-65.2847,-22.5414],[-65.2589,-22.5678],[-65.2233,-22.5763],[-65.1998,-22.5946],[-65.1507,-22.6044],[-65.0903,-22.6028],[-65.0576,-22.5444],[-65.0416,-22.5471],[-65.0278,-22.569],[-65.0005,-22.5846],[-64.9551,-22.5903],[-64.891,-22.582],[-64.8752,-22.5993],[-64.8402,-22.5983],[-64.8354,-22.5957],[-64.812,-22.589],[-64.8064,-22.5758],[-64.8355,-22.5357],[-64.8367,-22.5332],[-64.8485,-22.5157],[-64.8518,-22.4703],[-64.8384,-22.4704],[-64.8351,-22.4726],[-64.7838,-22.5306],[-64.78,-22.5654],[-64.7791,-22.5677],[-64.7656,-22.5821],[-64.7533,-22.7332],[-64.7809,-22.7614],[-64.7956,-22.8013],[-64.778,-22.808],[-64.7432,-22.7976],[-64.699,-22.7602],[-64.6756,-22.757],[-64.643,-22.7177],[-64.6391,-22.715],[-64.6289,-22.6891],[-64.6099,-22.6685],[-64.5995,-22.6661],[-64.5945,-22.6751],[-64.5848,-22.6756],[-64.5848,-22.6758],[-64.5848,-22.6759],[-64.5843,-22.6761],[-64.547,-22.6617],[-64.5441,-22.6503],[-64.5338,-22.6473],[-64.535,-22.6378],[-64.5033,-22.6068],[-64.5046,-22.561],[-64.4939,-22.5391],[-64.5035,-22.522],[-64.4837,-22.4831],[-64.4817,-22.4811]]]}},
{"type":"Feature","properties":{"name":"Albardón","georefId":"70007","provinciaGeorefId":"70","tipo":"Departamento"},"geometry":{"type":"Polygon","coordinates":[[[-68.4603,-31.4591],[-68.4701,-31.4537],[-68.458,-31.449],[-68.4547,-31.4306],[-68.4113,-31.3581],[-68.3343,-31.2942],[-68.3343,-30.9299],[-68.4257,-30.9295],[-68.4255,-30.9534],[-68.4833,-30.9818],[-68.5001,-31.0044],[-68.5033,-31.0158],[-68.5056,-31.0213],[-68.5167,-31.0633],[-68.5124,-31.0997],[-68.5292,-31.1277],[-68.539,-31.1769],[-68.5412,-31.2043],[-68.5342,-31.2083],[-68.5344,-31.2096],[-68.5357,-31.2113],[-68.5371,-31.2133],[-68.5365,-31.2141],[-68.5374,-31.2163],[-68.5382,-31.2173],[-68.5384,-31.2186],[-68.5386,-31.2211],[-68.5389,-31.223],[-68.5385,-31.2333],[-68.5389,-31.2347],[-68.546,-31.2437],[-68.5466,-31.2441],[-68.5468,-31.2457],[-68.5464,-31.2462],[-68.5461,-31.2487],[-68.5475,-31.2495],[-68.5484,-31.2527],[-68.5462,-31.2543],[-68.5466,-31.2623],[-68.5477,-31.2633],[-68.5496,-31.2804],[-68.5495,-31.282],[-68.5479,-31.286],[-68.5483,-31.2871],[-68.5509,-31.2889],[-68.5515,-31.2894],[-68.5581,-31.308],[-68.5589,-31.31],[-68.5634,-31.3215],[-68.5627,-31.3229],[-68.5668,-31.3333],[-68.5877,-31.3597],[-68.5957,-31.3857],[-68.6015,-31.4007],[-68.6052,-31.4506],[-68.6346,-31.4961],[-68.6409,-31.5002],[-68.6413,-31.5007],[-68.6418,-31.5019],[-68.6421,-31.5025],[-68.6118,-31.5006],[-68.5187,-31.4577],[-68.5004,-31.4566],[-68.4734,-31.4665],[-68.4608,-31.4631],[-68.4603,-31.4591]]]}},
{"type":"Feature","properties":{"name":"Angaco","georefId":"70014","provinciaGeorefId":"70","tipo":"Departamento"},"geometry":{"type":"Polygon","coordinates":[[[-67.8753,-30.9307],[-68.3343,-30.9299],[-68.3343,-31.2942],[-68.4113,-31.3581],[-68.4547,-31.4306],[-68.458,-31.449],[-68.4701,-31.4537],[-68.4603,-31.4591],[-68.3954,-31.4647],[-68.0193,-31.462],[-68.0252,-31.4526],[-68.0044,-31.4332],[-67.9911,-31.433],[-67.9757,-31.4175],[-67.9533,-31.4227],[-67.9385,-31.4063],[-67.9671,-31.402],[-67.9615,-31.3867],[-67.9699,-31.3752],[-67.9356,-31.3467],[-67.9294,-31.2907],[-67.9036,-31.2707],[-67.9112,-31.1927],[-67.897,-31.1812],[-67.9102,-31.1629],[-67.8942,-31.1507],[-67.8957,-31.1137],[-67.8825,-31.1012],[-67.8676,-31.0588],[-67.8137,-31.0122],[-67.8753,-30.9307]]]}},
{"type":"Feature","properties":{"name":"Calingasta","georefId":"70021","provinciaGeorefId":"70","tipo":"Departamento"},"geometry":{"type":"Polygon","coordinates":[[[-69.8835,-30.2723],[-69.8955,-30.2729],[-69.9081,-30.318],[-69.9047,-30.3404],[-69.8918,-30.3506],[-69.8984,-30.3557],[-69.9187,-30.3501],[-69.9351,-30.3582],[-69.9553,-30.3855],[-69.9946,-30.3788],[-70.0204,-30.3969],[-70.051,-30.3883],[-70.0632,-30.3944],[-70.0797,-30.3742],[-70.1025,-30.3681],[-70.1066,-30.3521],[-70.1417,-30.3402],[-70.1547,-30.3467],[-70.1554,-30.362],[-70.1429,-30.3734],[-70.1175,-30.4321],[-70.1363,-30.4588],[-70.1948,-30.4916],[-70.1794,-30.5123],[-70.1968,-30.5375],[-70.1907,-30.5507],[-70.2073,-30.5586],[-70.2217,-30.5992],[-70.2383,-30.6135],[-70.2466,-30.6342],[-70.2504,-30.6607],[-70.2394,-30.6678],[-70.2532,-30.6773],[-70.2591,-30.7002],[-70.2461,-30.7285],[-70.2695,-30.7459],[-70.273,-30.7806],[-70.288,-30.7867],[-70.291,-30.7994],[-70.2769,-30.8111],[-70.2797,-30.8307],[-70.2955,-30.8457],[-70.3068,-30.8978],[-70.3228,-30.928],[-70.3144,-30.9547],[-70.2934,-30.97],[-70.303,-30.9959],[-70.2937,-31.0084],[-70.2978,-31.0202],[-70.2771,-31.0215],[-70.2691,-31.0431],[-70.2756,-31.0478],[-70.3217,-31.0435],[-70.328,-31.0637],[-70.3402,-31.069],[-70.3683,-31.11],[-70.3606,-31.1357],[-70.4014,-31.1671],[-70.4131,-31.158],[-70.4136,-31.1387],[-70.4323,-31.1017],[-70.4558,-31.0843],[-70.4756,-31.1142],[-70.4979,-31.1228],[-70.4959,-31.1361],[-70.5077,-31.1457],[-70.5243,-31.1898],[-70.5135,-31.1966],[-70.5205,-31.2185],[-70.5153,-31.2324],[-70.5318,-31.2467],[-70.5252,-31.2526],[-70.527,-31.2785],[-70.5472,-31.3149],[-70.5425,-31.344],[-70.5276,-31.3642],[-70.5397,-31.387],[-70.532,-31.4077],[-70.5499,-31.4081],[-70.5602,-31.42],[-70.5482,-31.435],[-70.5487,-31.4487],[-70.5691,-31.4729],[-70.562,-31.4818],[-70.5666,-31.5023],[-70.5523,-31.5112],[-70.5674,-31.6001],[-70.5477,-31.6061],[-70.5318,-31.638],[-70.5068,-31.6523],[-70.5129,-31.6898],[-70.4877,-31.6895],[-70.4682,-31.6985],[-70.458,-31.7333],[-70.472,-31.7588],[-70.4565,-31.7962],[-70.46,-31.8057],[-70.451,-31.8104],[-70.4604,-31.8439],[-70.4273,-31.8539],[-70.4034,-31.8742],[-70.3769,-31.8848],[-70.3638,-31.8806],[-70.3479,-31.8906],[-70.3178,-31.8807],[-70.2801,-31.8841],[-70.2636,-31.9109],[-70.2324,-31.9256],[-70.2093,-31.9604],[-70.2082,-31.978],[-70.2497,-31.9928],[-70.2483,-32.0239],[-70.26,-32.0273],[-70.2639,-32.0381],[-70.2834,-32.0383],[-70.289,-32.052],[-70.3287,-32.0493],[-70.3447,-32.042],[-70.3507,-32.0266],[-70.3643,-32.0251],[-70.3798,-32.0262],[-70.3882,-32.0454],[-70.3352,-32.0704],[-70.3502,-32.0882],[-70.3382,-32.1029],[-70.3417,-32.1086],[-70.327,-32.1279],[-70.3039,-32.1363],[-70.3144,-32.1494],[-70.3173,-32.177],[-70.301,-32.2068],[-70.3109,-32.2221],[-70.3049,-32.2328],[-70.3233,-32.2665],[-70.2964,-32.278],[-70.2844,-32.2925],[-70.2625,-32.2916],[-70.258,-32.3033],[-70.2224,-32.325],[-70.2198,-32.3454],[-70.2292,-32.3645],[-70.2173,-32.3822],[-70.2386,-32.4048],[-70.2366,-32.4293],[-70.218,-32.4286],[-70.1943,-32.4493],[-70.1487,-32.4657],[-70.1233,-32.5356],[-70.1262,-32.5742],[-70.0918,-32.6014],[-70.0896,-32.6224],[-70.0735,-32.6262],[-70.0457,-32.6052],[-70.0412,-32.5845],[-70.0402,-32.5834],[-70.0258,-32.5788],[-70.0262,-32.5589],[-70.0036,-32.5291],[-69.9798,-32.5325],[-69.964,-32.5467],[-69.9302,-32.5418],[-69.8995,-32.5625],[-69.8612,-32.5613],[-69.8469,-32.5705],[-69.8274,-32.5627],[-69.8224,-32.5444],[-69.7788,-32.5424],[-69.7589,-32.5124],[-69.7407,-32.5097],[-69.7259,-32.4975],[-69.7056,-32.4975],[-69.6962,-32.4659],[-69.6995,-32.4443],[-69.6892,-32.4302],[-69.7042,-32.4032],[-69.7332,-32.3906],[-69.7289,-32.3308],[-69.7215,-32.3142],[-69.6804,-32.3043],[-69.652,-32.2695],[-69.6303,-32.2621],[-69.6292,-32.245],[-69.6034,-32.2106],[-69.6099,-32.2021],[-69.595,-32.1665],[-69.5962,-32.1409],[-69.561,-32.1314],[-69.5585,-32.1401],[-69.5311,-32.141],[-69.5076,-32.1254],[-69.5056,-32.1138],[-69.4768,-32.1111],[-69.4713,-32.0906],[-69.4548,-32.0747],[-69.4316,-32.0766],[-69.4157,-32.0665],[-69.3904,-32.0779],[-69.3786,-32.0642],[-69.3142,-32.0911],[-69.3003,-32.0744],[-69.2768,-32.07],[-69.2624,-32.0332],[-69.2445,-32.0161],[-69.184,-31.9994],[-69.1264,-32.0019],[-69.1285,-31.9828],[-69.1176,-31.9711],[-69.1095,-31.9362],[-69.1176,-31.9081],[-69.1076,-31.8922],[-69.1023,-31.8503],[-69.1346,-31.7845],[-69.1346,-31.7586],[-69.1463,-31.7523],[-69.1492,-31.7355],[-69.1621,-31.7255],[-69.1544,-31.7039],[-69.1596,-31.6866],[-69.1538,-31.6828],[-69.1521,-31.6183],[-69.1634,-31.5908],[-69.1572,-31.5815],[-69.1766,-31.5432],[-69.191,-31.5312],[-69.1884,-31.5152],[-69.2033,-31.5093],[-69.2192,-31.4562],[-69.2051,-31.4314],[-69.2161,-31.4017],[-69.1991,-31.378],[-69.207,-31.3743],[-69.2022,-31.3629],[-69.2186,-31.3404],[-69.2069,-31.3221],[-69.2171,-31.2847],[-69.2082,-31.2715],[-69.2119,-31.2557],[-69.2247,-31.2316],[-69.2461,-31.2146],[-69.2505,-31.1898],[-69.2261,-31.1492],[-69.2159,-31.0958],[-69.1963,-31.0609],[-69.1793,-31.0507],[-69.1752,-31.0222],[-69.1653,-31.0196],[-69.1506,-30.986],[-69.1393,-30.9439],[-69.1475,-30.9199],[-69.1324,-30.9076],[-69.1348,-30.8957],[-69.1251,-30.8882],[-69.1211,-30.8322],[-69.1038,-30.7948],[-69.3354,-30.6984],[-69.604,-30.6645],[-69.6321,-30.6241],[-69.6707,-30.6019],[-69.7027,-30.6147],[-69.7263,-30.5921],[-69.7186,-30.5756],[-69.7284,-30.5411],[-69.712,-30.5373],[-69.7354,-30.5366],[-69.7464,-30.5293],[-69.7594,-30.4935],[-69.7514,-30.47],[-69.7819,-30.4337],[-69.7805,-30.4197],[-69.8112,-30.4053],[-69.8272,-30.3686],[-69.8227,-30.3212],[-69.823,-30.3191],[-69.8315,-30.2915],[-69.8759,-30.2808],[-69.8835,-30.2723]]]}},
{"type":"Feature","properties":{"name":"Capital","georefId":"70028","provinciaGeorefId":"70","tipo":"Departamento"},"geometry":{"type":"Polygon","coordinates":[[[-68.5036,-31.5506],[-68.5086,-31.5049],[-68.5589,-31.5109],[-68.5565,-31.521],[-68.568,-31.5202],[-68.5662,-31.5459],[-68.5496,-31.5459],[-68.5473,-31.5546],[-68.5219,-31.5617],[-68.5036,-31.5506]]]}},
{"type":"Feature","properties":{"name":"Caucete","georefId":"70035","provinciaGeorefId":"70","tipo":"Departamento"},"geometry":{"type":"Polygon","coordinates":[[[-67.0783,-31.434],[-67.2806,-31.4484],[-67.3542,-31.4093],[-67.3882,-31.3521],[-67.3922,-31.317],[-67.4089,-31.2897],[-67.4025,-31.2755],[-67.4135,-31.2711],[-67.4164,-31.2469],[-67.428,-31.2402],[-67.4393,-31.2094],[-67.43,-31.183],[-67.4339,-31.1336],[-67.4422,-31.1265],[-67.445,-31.0975],[-67.4598,-31.0946],[-67.47,-31.0803],[-67.4516,-31.0624],[-67.4716,-31.0569],[-67.4944,-31.0386],[-67.5077,-30.9885],[-67.4945,-30.9789],[-67.5033,-30.9642],[-67.4975,-30.9555],[-67.5306,-30.9295],[-67.8753,-30.9307],[-67.8137,-31.0122],[-67.8676,-31.0588],[-67.8825,-31.1012],[-67.8957,-31.1137],[-67.8942,-31.1507],[-67.9102,-31.1629],[-67.897,-31.1812],[-67.9112,-31.1927],[-67.9036,-31.2707],[-67.9294,-31.2907],[-67.9356,-31.3467],[-67.9699,-31.3752],[-67.9615,-31.3867],[-67.9671,-31.402],[-67.9385,-31.4063],[-67.9533,-31.4227],[-67.9757,-31.4175],[-67.9911,-31.433],[-68.0044,-31.4332],[-68.0252,-31.4526],[-68.0193,-31.462],[-68.0407,-31.5301],[-68.0326,-31.5367],[-68.0305,-31.567],[-67.9839,-31.6305],[-68.3648,-31.5712],[-68.3573,-31.5795],[-68.3641,-31.5875],[-68.3441,-31.623],[-68.3456,-31.6511],[-68.3367,-31.66],[-68.343,-31.6617],[-68.337,-31.6703],[-68.3458,-31.6779],[-68.3469,-31.6947],[-67.2399,-31.8801],[-67.1367,-31.8338],[-67.05,-31.8575],[-67.0059,-31.8554],[-66.8857,-31.8977],[-66.6618,-31.9205],[-66.7775,-31.8399],[-66.8043,-31.8088],[-66.8253,-31.7613],[-66.8682,-31.6333],[-66.952,-31.6333],[-67.0783,-31.434]]]}},
{"type":"Feature","properties":{"name":"Chimbas","georefId":"70042","provinciaGeorefId":"70","tipo":"Departamento"},"geometry":{"type":"Polygon","coordinates":[[[-68.4608,-31.4631],[-68.4734,-31.4665],[-68.5004,-31.4566],[-68.5187,-31.4577],[-68.6118,-31.5006],[-68.6421,-31.5025],[-68.6281,-31.512],[-68.5589,-31.5109],[-68.5086,-31.5049],[-68.4717,-31.4973],[-68.4307,-31.5082],[-68.4417,-31.4995],[-68.4443,-31.4771],[-68.4608,-31.4631]]]}},
{"type":"Feature","properties":{"name":"Iglesia","georefId":"70049","provinciaGeorefId":"70","tipo":"Departamento"},"geometry":{"type":"Polygon","coordinates":[[[-69.4306,-28.4509],[-69.4688,-28.4153],[-69.4966,-28.4159],[-69.5162,-28.4319],[-69.5552,-28.4058],[-69.6057,-28.419],[-69.6298,-28.3937],[-69.6368,-28.3888],[-69.6489,-28.3962],[-69.6559,-28.4127],[-69.6326,-28.4294],[-69.6389,-28.442],[-69.6607,-28.4456],[-69.6805,-28.4706],[-69.6647,-28.4822],[-69.666,-28.4968],[-69.6567,-28.5041],[-69.6641,-28.5211],[-69.6499,-28.5377],[-69.6598,-28.5399],[-69.67,-28.5553],[-69.6711,-28.5724],[-69.6623,-28.583],[-69.695,-28.5965],[-69.6872,-28.6036],[-69.7035,-28.6202],[-69.7015,-28.6399],[-69.7314,-28.684],[-69.7324,-28.7019],[-69.7251,-28.7081],[-69.7308,-28.7206],[-69.7238,-28.728],[-69.7292,-28.7375],[-69.7014,-28.7505],[-69.6929,-28.7709],[-69.7066,-28.7813],[-69.705,-28.8044],[-69.7143,-28.8254],[-69.7276,-28.846],[-69.7444,-28.8498],[-69.7465,-28.8818],[-69.7657,-28.8988],[-69.7667,-28.9223],[-69.7537,-28.9365],[-69.7536,-28.9579],[-69.763,-28.9732],[-69.7544,-28.9842],[-69.7679,-28.9899],[-69.777,-29.0135],[-69.785,-29.0149],[-69.7936,-29.0511],[-69.7966,-29.0821],[-69.785,-29.1019],[-69.7917,-29.114],[-69.7883,-29.1331],[-69.8394,-29.1293],[-69.8761,-29.1389],[-69.9244,-29.1864],[-69.9527,-29.1892],[-69.9445,-29.205],[-69.9519,-29.2158],[-69.9382,-29.2499],[-69.952,-29.2668],[-69.998,-29.2858],[-69.9968,-29.3045],[-70.0209,-29.3298],[-70.0104,-29.3538],[-70.0218,-29.3586],[-70.0115,-29.3699],[-70.0213,-29.3844],[-69.9663,-29.4142],[-69.9819,-29.4522],[-69.9565,-29.4665],[-69.9603,-29.4706],[-69.9474,-29.4904],[-69.9535,-29.4997],[-69.9464,-29.5189],[-69.9564,-29.5351],[-69.9362,-29.5647],[-69.9317,-29.5859],[-69.9414,-29.6119],[-69.9395,-29.6544],[-69.9094,-29.6979],[-69.8936,-29.6939],[-69.8817,-29.7075],[-69.8871,-29.7194],[-69.8787,-29.7258],[-69.897,-29.7527],[-69.8934,-29.7676],[-69.9148,-29.7927],[-69.9134,-29.8068],[-69.8932,-29.8199],[-69.899,-29.8485],[-69.8766,-29.8616],[-69.8967,-29.8781],[-69.8885,-29.8862],[-69.8957,-29.8952],[-69.8885,-29.9046],[-69.9087,-29.9286],[-69.9067,-29.9394],[-69.8965,-29.9368],[-69.898,-29.9578],[-69.926,-29.9992],[-69.9154,-30.0256],[-69.9344,-30.0514],[-69.9618,-30.0689],[-69.9582,-30.0792],[-69.9653,-30.0855],[-69.9442,-30.0932],[-69.9455,-30.1133],[-69.9361,-30.1201],[-69.9047,-30.1061],[-69.8818,-30.1092],[-69.8479,-30.1299],[-69.8174,-30.1279],[-69.8097,-30.1448],[-69.8098,-30.1554],[-69.8288,-30.1623],[-69.817,-30.1797],[-69.835,-30.2199],[-69.8687,-30.2108],[-69.885,-30.2186],[-69.8886,-30.2389],[-69.8786,-30.2583],[-69.8835,-30.2723],[-69.8759,-30.2808],[-69.8315,-30.2915],[-69.823,-30.3191],[-69.8227,-30.3212],[-69.8272,-30.3686],[-69.8112,-30.4053],[-69.7805,-30.4197],[-69.7819,-30.4337],[-69.7514,-30.47],[-69.7594,-30.4935],[-69.7464,-30.5293],[-69.7354,-30.5366],[-69.712,-30.5373],[-69.7284,-30.5411],[-69.7186,-30.5756],[-69.7263,-30.5921],[-69.7027,-30.6147],[-69.6707,-30.6019],[-69.6321,-30.6241],[-69.604,-30.6645],[-69.3354,-30.6984],[-69.1038,-30.7948],[-69.0885,-30.7217],[-69.1016,-30.6951],[-69.1056,-30.6417],[-69.1137,-30.6296],[-69.0539,-30.6291],[-69.0638,-30.539],[-69.0137,-30.5389],[-69.0571,-30.4954],[-69.063,-30.3939],[-69.0524,-30.363],[-69.0496,-30.3436],[-69.0662,-30.3275],[-69.0392,-30.2949],[-69.0417,-30.249],[-69.0715,-30.0724],[-69.0299,-29.9844],[-69.0399,-29.9496],[-69.0144,-29.8815],[-69.0277,-29.8712],[-69.0233,-29.8474],[-69.0299,-29.8319],[-69.0201,-29.8148],[-69.0321,-29.7618],[-69.0187,-29.7402],[-69.023,-29.7216],[-69.0148,-29.6991],[-69.0274,-29.6802],[-69.0141,-29.6599],[-69.0206,-29.6363],[-69.0337,-29.533],[-69.0088,-29.496],[-69.0002,-29.4664],[-68.9874,-29.478],[-68.9749,-29.4571],[-68.9792,-29.4236],[-68.9967,-29.4152],[-69.0022,-29.3997],[-68.9746,-29.3642],[-68.9849,-29.3264],[-68.9697,-29.3138],[-68.9576,-29.3172],[-68.9633,-29.3101],[-68.9588,-29.2853],[-68.9891,-29.274],[-68.9922,-29.2551],[-68.9791,-29.2305],[-69.0012,-29.1866],[-68.969,-29.1454],[-68.9572,-29.1646],[-68.935,-29.1664],[-68.9338,-29.1492],[-68.9119,-29.1286],[-68.9251,-29.0919],[-68.9168,-29.0739],[-68.908,-29.0728],[-68.9085,-29.0449],[-68.914,-29.0288],[-68.9305,-29.0186],[-68.9304,-28.9823],[-68.9482,-28.9711],[-68.9561,-28.9495],[-68.9489,-28.92],[-68.9315,-28.9069],[-68.9208,-28.8669],[-68.9087,-28.8593],[-69.162,-28.7611],[-69.1707,-28.7361],[-69.1984,-28.7094],[-69.2096,-28.6824],[-69.2165,-28.6062],[-69.2026,-28.596],[-69.3162,-28.4116],[-69.3278,-28.4269],[-69.3745,-28.4477],[-69.43,-28.451],[-69.4306,-28.4509]]]}},
{"type":"Feature","properties":{"name":"Jáchal","georefId":"70056","provinciaGeorefId":"70","tipo":"Departamento"},"geometry":{"type":"Polygon","coordinates":[[[-68.2588,-29.7467],[-68.4413,-29.6505],[-68.4677,-29.6443],[-68.5673,-29.637],[-68.6206,-29.6458],[-68.6686,-29.6399],[-68.6825,-29.6465],[-68.7153,-29.6247],[-68.7585,-29.6328],[-68.7928,-29.6222],[-68.8631,-29.6351],[-68.8873,-29.6204],[-68.8844,-29.5926],[-68.9078,-29.6198],[-68.9348,-29.6201],[-68.9383,-29.6516],[-68.9575,-29.6575],[-68.9761,-29.6496],[-69.0101,-29.6527],[-69.0206,-29.6363],[-69.0141,-29.6599],[-69.0274,-29.6802],[-69.0148,-29.6991],[-69.023,-29.7216],[-69.0187,-29.7402],[-69.0321,-29.7618],[-69.0201,-29.8148],[-69.0299,-29.8319],[-69.0233,-29.8474],[-69.0277,-29.8712],[-69.0144,-29.8815],[-69.0399,-29.9496],[-69.0299,-29.9844],[-69.0715,-30.0724],[-69.0417,-30.249],[-69.0392,-30.2949],[-69.0662,-30.3275],[-69.0496,-30.3436],[-69.0524,-30.363],[-69.063,-30.3939],[-69.0571,-30.4954],[-69.0137,-30.5389],[-69.0136,-30.5389],[-68.946,-30.5389],[-68.9113,-30.5619],[-68.7817,-30.5976],[-68.8013,-30.624],[-68.806,-30.6703],[-68.819,-30.6751],[-68.8294,-30.691],[-68.8201,-30.7612],[-68.7966,-30.8032],[-68.8004,-30.8293],[-68.7795,-30.8385],[-68.768,-30.8568],[-68.765,-30.8814],[-68.7726,-30.905],[-68.7596,-30.9425],[-68.7636,-30.9721],[-68.7558,-31.0041],[-68.5964,-31.0043],[-68.5001,-31.0044],[-68.4833,-30.9818],[-68.4255,-30.9534],[-68.4257,-30.9295],[-68.3343,-30.9299],[-67.8753,-30.9307],[-67.5306,-30.9295],[-67.6061,-30.8319],[-67.6326,-30.8165],[-67.6419,-30.798],[-67.6644,-30.7872],[-67.6683,-30.7735],[-67.6838,-30.7672],[-67.696,-30.7434],[-67.7414,-30.7023],[-67.7366,-30.6826],[-67.7459,-30.6665],[-67.7406,-30.6656],[-67.7622,-30.6362],[-67.7625,-30.5955],[-67.7767,-30.5723],[-67.7661,-30.563],[-67.7734,-30.5527],[-67.7638,-30.5372],[-67.7823,-30.5103],[-67.7692,-30.4999],[-67.7891,-30.4821],[-67.789,-30.4471],[-67.8078,-30.429],[-67.804,-30.3973],[-67.8108,-30.3785],[-67.8218,-30.3768],[-67.8239,-30.3635],[-67.8551,-30.3289],[-67.85,-30.32],[-67.8676,-30.3089],[-67.8674,-30.2949],[-67.9051,-30.2776],[-67.9137,-30.2465],[-67.9423,-30.2462],[-67.9516,-30.2262],[-67.9814,-30.2255],[-68.0074,-30.1995],[-68.0221,-30.1548],[-68.0146,-30.1256],[-68.0328,-30.0978],[-68.0298,-30.087],[-68.0399,-30.0647],[-68.0525,-30.0585],[-68.063,-30.0145],[-68.0927,-29.9952],[-68.0982,-29.9631],[-68.1263,-29.9349],[-68.1359,-29.9083],[-68.1621,-29.9203],[-68.1746,-29.9582],[-68.2273,-29.9971],[-68.2383,-29.9899],[-68.233,-29.9839],[-68.2423,-29.9523],[-68.2506,-29.9499],[-68.2506,-29.9277],[-68.2655,-29.9266],[-68.2983,-29.8626],[-68.358,-29.8057],[-68.3589,-29.8008],[-68.2588,-29.7467]]]}},
{"type":"Feature","properties":{"name":"9 de Julio","georefId":"70063","provinciaGeorefId":"70","tipo":"Departamento"},"geometry":{"type":"Polygon","coordinates":[[[-68.3648,-31.5712],[-68.4127,-31.5315],[-68.4143,-31.5538],[-68.4315,-31.5512],[-68.4476,-31.5777],[-68.4316,-31.6066],[-68.4288,-31.6329],[-68.4215,-31.6359],[-68.4214,-31.6598],[-68.4084,-31.6713],[-68.4144,-31.6708],[-68.4131,-31.6997],[-68.4229,-31.7004],[-68.4167,-31.7276],[-68.4104,-31.7257],[-68.3838,-31.7511],[-68.3934,-31.7526],[-68.3813,-31.7648],[-68.3918,-31.7859],[-68.3801,-31.7889],[-68.3736,-31.7902],[-68.379,-31.776],[-68.3694,-31.7746],[-68.3725,-31.765],[-68.363,-31.7552],[-68.3807,-31.7445],[-68.3487,-31.7121],[-68.3469,-31.6947],[-68.3458,-31.6779],[-68.337,-31.6703],[-68.343,-31.6617],[-68.3367,-31.66],[-68.3456,-31.6511],[-68.3441,-31.623],[-68.3641,-31.5875],[-68.3573,-31.5795],[-68.3648,-31.5712]]]}},
{"type":"Feature","properties":{"name":"Pocito","georefId":"70070","provinciaGeorefId":"70","tipo":"Departamento"},"geometry":{"type":"Polygon","coordinates":[[[-68.6015,-31.5709],[-68.6076,-31.5691],[-68.6318,-31.6039],[-68.6321,-31.6212],[-68.6949,-31.6212],[-68.7112,-31.6462],[-68.6902,-31.703],[-68.6741,-31.7077],[-68.6637,-31.7394],[-68.6708,-31.8573],[-68.6889,-31.9072],[-68.5415,-31.8728],[-68.4432,-31.8754],[-68.4332,-31.888],[-68.4307,-31.8706],[-68.4541,-31.8177],[-68.4909,-31.79],[-68.5205,-31.6718],[-68.505,-31.6381],[-68.5322,-31.6299],[-68.5162,-31.5962],[-68.6015,-31.5709]]]}},
{"type":"Feature","properties":{"name":"Rawson","georefId":"70077","provinciaGeorefId":"70","tipo":"Departamento"},"geometry":{"type":"Polygon","coordinates":[[[-68.5473,-31.5546],[-68.5477,-31.562],[-68.6085,-31.5436],[-68.6015,-31.5709],[-68.5162,-31.5962],[-68.5322,-31.6299],[-68.505,-31.6381],[-68.5205,-31.6718],[-68.4909,-31.79],[-68.4541,-31.8177],[-68.4107,-31.8343],[-68.3846,-31.8167],[-68.3778,-31.8046],[-68.3861,-31.7907],[-68.3801,-31.7889],[-68.3918,-31.7859],[-68.3813,-31.7648],[-68.3934,-31.7526],[-68.3838,-31.7511],[-68.4104,-31.7257],[-68.4167,-31.7276],[-68.4229,-31.7004],[-68.4131,-31.6997],[-68.4144,-31.6708],[-68.4084,-31.6713],[-68.4214,-31.6598],[-68.4215,-31.6359],[-68.4288,-31.6329],[-68.4316,-31.6066],[-68.4476,-31.5777],[-68.4732,-31.5564],[-68.5036,-31.5506],[-68.5219,-31.5617],[-68.5473,-31.5546]]]}},
{"type":"Feature","properties":{"name":"Rivadavia","georefId":"70084","provinciaGeorefId":"70","tipo":"Departamento"},"geometry":{"type":"Polygon","coordinates":[[[-68.6421,-31.5025],[-68.6425,-31.5021],[-68.6453,-31.4968],[-68.6457,-31.4956],[-68.6457,-31.4951],[-68.6452,-31.4932],[-68.647,-31.4898],[-68.6471,-31.4892],[-68.6472,-31.4887],[-68.6476,-31.4829],[-68.6479,-31.4825],[-68.648,-31.4783],[-68.6481,-31.4761],[-68.6517,-31.4724],[-68.7078,-31.5638],[-68.6865,-31.5645],[-68.6987,-31.5894],[-68.6949,-31.6212],[-68.6321,-31.6212],[-68.6318,-31.6039],[-68.6076,-31.5691],[-68.6015,-31.5709],[-68.6085,-31.5436],[-68.5477,-31.562],[-68.5473,-31.5546],[-68.5496,-31.5459],[-68.5662,-31.5459],[-68.568,-31.5202],[-68.5565,-31.521],[-68.5589,-31.5109],[-68.6281,-31.512],[-68.6421,-31.5025]]]}},
{"type":"Feature","properties":{"name":"San Martín","georefId":"70091","provinciaGeorefId":"70","tipo":"Departamento"},"geometry":{"type":"Polygon","coordinates":[[[-68.0193,-31.462],[-68.3954,-31.4647],[-68.4603,-31.4591],[-68.4608,-31.4631],[-68.4443,-31.4771],[-68.4417,-31.4995],[-68.4307,-31.5082],[-68.4302,-31.5184],[-68.4127,-31.5315],[-68.3648,-31.5712],[-67.9839,-31.6305],[-68.0305,-31.567],[-68.0326,-31.5367],[-68.0407,-31.5301],[-68.0193,-31.462]]]}},
{"type":"Feature","properties":{"name":"Santa Lucía","georefId":"70098","provinciaGeorefId":"70","tipo":"Departamento"},"geometry":{"type":"Polygon","coordinates":[[[-68.4307,-31.5082],[-68.4717,-31.4973],[-68.5086,-31.5049],[-68.5036,-31.5506],[-68.4732,-31.5564],[-68.4476,-31.5777],[-68.4315,-31.5512],[-68.4143,-31.5538],[-68.4127,-31.5315],[-68.4302,-31.5184],[-68.4307,-31.5082]]]}},
{"type":"Feature","properties":{"name":"Sarmiento","georefId":"70105","provinciaGeorefId":"70","tipo":"Departamento"},"geometry":{"type":"Polygon","coordinates":[[[-68.4107,-31.8343],[-68.4541,-31.8177],[-68.4307,-31.8706],[-68.4332,-31.888],[-68.4432,-31.8754],[-68.5415,-31.8728],[-68.6889,-31.9072],[-69.1176,-31.9081],[-69.1095,-31.9362],[-69.1176,-31.9711],[-69.1285,-31.9828],[-69.1264,-32.0019],[-69.1128,-32.0069],[-69.1164,-32.0205],[-69.0944,-32.0319],[-69.0645,-32.0755],[-69.0275,-32.092],[-69.0131,-32.1159],[-68.9568,-32.1089],[-68.9176,-32.1146],[-68.9176,-32.338],[-68.6657,-32.3371],[-68.5116,-32.2634],[-68.4612,-32.2381],[-68.4612,-32.1392],[-68.301,-32.1392],[-68.2993,-32.1376],[-68.299,-32.1369],[-68.2992,-32.136],[-68.3259,-32.1318],[-68.3309,-32.1286],[-68.332,-32.1101],[-68.3151,-32.0922],[-68.3019,-32.0903],[-68.2729,-32.0563],[-68.2665,-32.0317],[-68.2828,-32.0207],[-68.2928,-31.9918],[-68.2852,-31.9843],[-68.3079,-31.965],[-68.3028,-31.9519],[-68.3464,-31.9152],[-68.3548,-31.8715],[-68.3613,-31.8692],[-68.3578,-31.8593],[-68.3903,-31.8593],[-68.3981,-31.8372],[-68.4107,-31.8343]]]}},
{"type":"Feature","properties":{"name":"Ullum","georefId":"70112","provinciaGeorefId":"70","tipo":"Departamento"},"geometry":{"type":"Polygon","coordinates":[[[-68.5515,-31.2894],[-68.5509,-31.2889],[-68.5483,-31.2871],[-68.5479,-31.286],[-68.5495,-31.282],[-68.5496,-31.2804],[-68.5477,-31.2633],[-68.5466,-31.2623],[-68.5462,-31.2543],[-68.5484,-31.2527],[-68.5475,-31.2495],[-68.5461,-31.2487],[-68.5464,-31.2462],[-68.5468,-31.2457],[-68.5466,-31.2441],[-68.546,-31.2437],[-68.5389,-31.2347],[-68.5385,-31.2333],[-68.5389,-31.223],[-68.5386,-31.2211],[-68.5384,-31.2186],[-68.5382,-31.2173],[-68.5374,-31.2163],[-68.5365,-31.2141],[-68.5371,-31.2133],[-68.5357,-31.2113],[-68.5344,-31.2096],[-68.5342,-31.2083],[-68.5412,-31.2043],[-68.539,-31.1769],[-68.5292,-31.1277],[-68.5124,-31.0997],[-68.5167,-31.0633],[-68.5056,-31.0213],[-68.5033,-31.0158],[-68.5001,-31.0044],[-68.5964,-31.0043],[-68.7558,-31.0041],[-68.7636,-30.9721],[-68.7596,-30.9425],[-68.7726,-30.905],[-68.765,-30.8814],[-68.768,-30.8568],[-68.7795,-30.8385],[-68.8004,-30.8293],[-68.7966,-30.8032],[-68.8201,-30.7612],[-68.8294,-30.691],[-68.819,-30.6751],[-68.806,-30.6703],[-68.8013,-30.624],[-68.7817,-30.5976],[-68.9113,-30.5619],[-68.946,-30.5389],[-69.0136,-30.5389],[-69.0137,-30.5389],[-69.0638,-30.539],[-69.0539,-30.6291],[-69.1137,-30.6296],[-69.1056,-30.6417],[-69.1016,-30.6951],[-69.0885,-30.7217],[-69.1038,-30.7948],[-69.1211,-30.8322],[-69.1251,-30.8882],[-69.1348,-30.8957],[-69.1324,-30.9076],[-69.1475,-30.9199],[-69.1393,-30.9439],[-69.1506,-30.986],[-69.1653,-31.0196],[-69.1752,-31.0222],[-69.1793,-31.0507],[-69.1963,-31.0609],[-69.2159,-31.0958],[-69.2261,-31.1492],[-69.2505,-31.1898],[-69.2461,-31.2146],[-69.2247,-31.2316],[-69.2119,-31.2557],[-69.1962,-31.2469],[-69.1108,-31.2623],[-69.1084,-31.2813],[-69.0564,-31.2983],[-69.0414,-31.3125],[-69.0388,-31.3131],[-69.0233,-31.3301],[-69.0183,-31.3548],[-69.0174,-31.3565],[-69.0095,-31.3627],[-69.0081,-31.3628],[-69.0055,-31.3661],[-69.0058,-31.3674],[-69.0113,-31.3885],[-69.0016,-31.4234],[-69.0049,-31.4467],[-68.9925,-31.4815],[-68.9922,-31.4838],[-68.9975,-31.5168],[-68.9971,-31.5174],[-68.9774,-31.5168],[-68.9772,-31.5163],[-68.9758,-31.516],[-68.9754,-31.5166],[-68.97,-31.5159],[-68.9686,-31.5154],[-68.9677,-31.5154],[-68.9669,-31.5158],[-68.9545,-31.5155],[-68.9539,-31.5152],[-68.9534,-31.5153],[-68.944,-31.516],[-68.943,-31.516],[-68.941,-31.5161],[-68.94,-31.5165],[-68.9353,-31.5173],[-68.9344,-31.5169],[-68.9228,-31.5183],[-68.9223,-31.5187],[-68.8725,-31.5139],[-68.8719,-31.5137],[-68.8309,-31.5152],[-68.8308,-31.516],[-68.8055,-31.5203],[-68.7898,-31.5107],[-68.6788,-31.4962],[-68.6706,-31.4827],[-68.6702,-31.4821],[-68.6679,-31.4788],[-68.6652,-31.4767],[-68.6543,-31.4723],[-68.6523,-31.4723],[-68.6517,-31.4724],[-68.6481,-31.4761],[-68.648,-31.4783],[-68.6479,-31.4825],[-68.6476,-31.4829],[-68.6472,-31.4887],[-68.6471,-31.4892],[-68.647,-31.4898],[-68.6452,-31.4932],[-68.6457,-31.4951],[-68.6457,-31.4956],[-68.6453,-31.4968],[-68.6425,-31.5021],[-68.6421,-31.5025],[-68.6418,-31.5019],[-68.6413,-31.5007],[-68.6409,-31.5002],[-68.6346,-31.4961],[-68.6052,-31.4506],[-68.6015,-31.4007],[-68.5957,-31.3857],[-68.5877,-31.3597],[-68.5668,-31.3333],[-68.5627,-31.3229],[-68.5634,-31.3215],[-68.5589,-31.31],[-68.5581,-31.308],[-68.5515,-31.2894]]]}},
{"type":"Feature","properties":{"name":"Valle Fértil","georefId":"70119","provinciaGeorefId":"70","tipo":"Departamento"},"geometry":{"type":"Polygon","coordinates":[[[-67.992,-29.9792],[-68.0543,-29.9003],[-68.1052,-29.8842],[-68.1588,-29.8854],[-68.1637,-29.8641],[-68.1844,-29.8481],[-68.1818,-29.8206],[-68.1926,-29.7866],[-68.199,-29.7811],[-68.2538,-29.7807],[-68.2678,-29.7586],[-68.2588,-29.7467],[-68.3589,-29.8008],[-68.358,-29.8057],[-68.2983,-29.8626],[-68.2655,-29.9266],[-68.2506,-29.9277],[-68.2506,-29.9499],[-68.2423,-29.9523],[-68.233,-29.9839],[-68.2383,-29.9899],[-68.2273,-29.9971],[-68.1746,-29.9582],[-68.1621,-29.9203],[-68.1359,-29.9083],[-68.1263,-29.9349],[-68.0982,-29.9631],[-68.0927,-29.9952],[-68.063,-30.0145],[-68.0525,-30.0585],[-68.0399,-30.0647],[-68.0298,-30.087],[-68.0328,-30.0978],[-68.0146,-30.1256],[-68.0221,-30.1548],[-68.0074,-30.1995],[-67.9814,-30.2255],[-67.9516,-30.2262],[-67.9423,-30.2462],[-67.9137,-30.2465],[-67.9051,-30.2776],[-67.8674,-30.2949],[-67.8676,-30.3089],[-67.85,-30.32],[-67.8551,-30.3289],[-67.8239,-30.3635],[-67.8218,-30.3768],[-67.8108,-30.3785],[-67.804,-30.3973],[-67.8078,-30.429],[-67.789,-30.4471],[-67.7891,-30.4821],[-67.7692,-30.4999],[-67.7823,-30.5103],[-67.7638,-30.5372],[-67.7734,-30.5527],[-67.7661,-30.563],[-67.7767,-30.5723],[-67.7625,-30.5955],[-67.7622,-30.6362],[-67.7406,-30.6656],[-67.7459,-30.6665],[-67.7366,-30.6826],[-67.7414,-30.7023],[-67.696,-30.7434],[-67.6838,-30.7672],[-67.6683,-30.7735],[-67.6644,-30.7872],[-67.6419,-30.798],[-67.6326,-30.8165],[-67.6061,-30.8319],[-67.5306,-30.9295],[-67.4975,-30.9555],[-67.5033,-30.9642],[-67.4945,-30.9789],[-67.5077,-30.9885],[-67.4944,-31.0386],[-67.4716,-31.0569],[-67.4516,-31.0624],[-67.47,-31.0803],[-67.4598,-31.0946],[-67.445,-31.0975],[-67.4422,-31.1265],[-67.4339,-31.1336],[-67.43,-31.183],[-67.4393,-31.2094],[-67.428,-31.2402],[-67.4164,-31.2469],[-67.4135,-31.2711],[-67.4025,-31.2755],[-67.4089,-31.2897],[-67.3922,-31.317],[-67.3882,-31.3521],[-67.3542,-31.4093],[-67.2806,-31.4484],[-67.0783,-31.434],[-67.1012,-31.383],[-67.0669,-31.084],[-67.1164,-31.016],[-67.0821,-30.9161],[-67.1288,-30.8956],[-67.1876,-30.8285],[-67.2206,-30.7692],[-67.2828,-30.6953],[-67.4195,-30.62],[-67.4463,-30.578],[-67.4849,-30.548],[-67.5078,-30.5157],[-67.578,-30.4042],[-67.5909,-30.2981],[-67.6065,-30.2934],[-67.6743,-30.2356],[-67.6859,-30.215],[-67.8163,-30.1272],[-67.8358,-30.1059],[-67.857,-30.1005],[-67.8774,-30.0751],[-67.8865,-30.0739],[-67.8865,-30.0798],[-67.8983,-30.0743],[-67.9092,-30.0518],[-67.9305,-30.0302],[-67.9684,-30.0093],[-67.992,-29.9792]]]}},
{"type":"Feature","properties":{"name":"25 de Mayo","georefId":"70126","provinciaGeorefId":"70","tipo":"Departamento"},"geometry":{"type":"Polygon","coordinates":[[[-68.3259,-32.1318],[-68.2992,-32.136],[-68.299,-32.1369],[-68.2993,-32.1376],[-68.2929,-32.1318],[-68.2847,-32.1245],[-68.2479,-32.0915],[-68.2052,-32.1212],[-68.1882,-32.1092],[-68.1515,-32.1192],[-68.1375,-32.105],[-68.1248,-32.1069],[-68.1228,-32.0998],[-68.0931,-32.1009],[-68.0976,-32.0922],[-68.0807,-32.0846],[-68.0736,-32.0991],[-68.0668,-32.0797],[-68.0529,-32.071],[-68.0567,-32.0761],[-68.0376,-32.0783],[-68.0328,-32.0857],[-67.9988,-32.0821],[-67.9893,-32.0972],[-67.9822,-32.0879],[-67.9646,-32.09],[-67.9558,-32.0992],[-67.9625,-32.1195],[-67.944,-32.1113],[-67.9431,-32.1211],[-67.9295,-32.1213],[-67.9382,-32.139],[-67.9246,-32.1454],[-67.9283,-32.1552],[-67.9165,-32.1752],[-67.9065,-32.172],[-67.8729,-32.188],[-67.8757,-32.1973],[-67.8476,-32.2134],[-67.8487,-32.2229],[-67.8383,-32.2151],[-67.8311,-32.2265],[-67.7913,-32.2235],[-67.7729,-32.2355],[-67.7717,-32.2254],[-67.7353,-32.223],[-67.7231,-32.2377],[-67.7294,-32.2409],[-67.7116,-32.2457],[-67.7071,-32.2353],[-67.6851,-32.2377],[-67.6763,-32.2252],[-67.6477,-32.24],[-67.6186,-32.2417],[-67.6071,-32.2324],[-67.5969,-32.2463],[-67.5803,-32.2367],[-67.5465,-32.2403],[-67.5401,-32.229],[-67.5224,-32.2212],[-67.5133,-32.2432],[-67.5016,-32.2389],[-67.4879,-32.2613],[-67.4844,-32.2938],[-67.4729,-32.3067],[-67.4257,-32.3278],[-67.3817,-32.3305],[-67.359,-32.3485],[-67.3324,-32.3501],[-67.3177,-32.382],[-67.2638,-32.3819],[-67.2654,-32.3541],[-67.2662,-32.3399],[-67.2662,-32.3395],[-67.278,-32.2923],[-67.3704,-32.2463],[-67.3802,-32.2238],[-67.3838,-32.1252],[-67.3652,-31.9759],[-67.3792,-31.8681],[-67.2399,-31.8801],[-68.3469,-31.6947],[-68.3487,-31.7121],[-68.3807,-31.7445],[-68.363,-31.7552],[-68.3725,-31.765],[-68.3694,-31.7746],[-68.379,-31.776],[-68.3736,-31.7902],[-68.3801,-31.7889],[-68.3861,-31.7907],[-68.3778,-31.8046],[-68.3846,-31.8167],[-68.4107,-31.8343],[-68.3981,-31.8372],[-68.3903,-31.8593],[-68.3578,-31.8593],[-68.3613,-31.8692],[-68.3548,-31.8715],[-68.3464,-31.9152],[-68.3028,-31.9519],[-68.3079,-31.965],[-68.2852,-31.9843],[-68.2928,-31.9918],[-68.2828,-32.0207],[-68.2665,-32.0317],[-68.2729,-32.0563],[-68.3019,-32.0903],[-68.3151,-32.0922],[-68.332,-32.1101],[-68.3309,-32.1286],[-68.3259,-32.1318]]]}},
{"type":"Feature","properties":{"name":"Zonda","georefId":"70133","provinciaGeorefId":"70","tipo":"Departamento"},"geometry":{"type":"Polygon","coordinates":[[[-69.0414,-31.3125],[-69.0564,-31.2983],[-69.1084,-31.2813],[-69.1108,-31.2623],[-69.1962,-31.2469],[-69.2119,-31.2557],[-69.2082,-31.2715],[-69.2171,-31.2847],[-69.2069,-31.3221],[-69.2186,-31.3404],[-69.2022,-31.3629],[-69.207,-31.3743],[-69.1991,-31.378],[-69.2161,-31.4017],[-69.2051,-31.4314],[-69.2192,-31.4562],[-69.2033,-31.5093],[-69.1884,-31.5152],[-69.191,-31.5312],[-69.1766,-31.5432],[-69.1572,-31.5815],[-69.1634,-31.5908],[-69.1521,-31.6183],[-69.1538,-31.6828],[-69.1596,-31.6866],[-69.1544,-31.7039],[-69.1621,-31.7255],[-69.1492,-31.7355],[-69.1463,-31.7523],[-69.1346,-31.7586],[-69.1346,-31.7845],[-69.1023,-31.8503],[-69.1076,-31.8922],[-69.1176,-31.9081],[-68.6889,-31.9072],[-68.6708,-31.8573],[-68.6637,-31.7394],[-68.6741,-31.7077],[-68.6902,-31.703],[-68.7112,-31.6462],[-68.6949,-31.6212],[-68.6987,-31.5894],[-68.6865,-31.5645],[-68.7078,-31.5638],[-68.6517,-31.4724],[-68.6523,-31.4723],[-68.6543,-31.4723],[-68.6652,-31.4767],[-68.6679,-31.4788],[-68.6702,-31.4821],[-68.6706,-31.4827],[-68.6788,-31.4962],[-68.7898,-31.5107],[-68.8055,-31.5203],[-68.8308,-31.516],[-68.8309,-31.5152],[-68.8719,-31.5137],[-68.8725,-31.5139],[-68.9223,-31.5187],[-68.9228,-31.5183],[-68.9344,-31.5169],[-68.9353,-31.5173],[-68.94,-31.5165],[-68.941,-31.5161],[-68.943,-31.516],[-68.944,-31.516],[-68.9534,-31.5153],[-68.9539,-31.5152],[-68.9545,-31.5155],[-68.9669,-31.5158],[-68.9677,-31.5154],[-68.9686,-31.5154],[-68.97,-31.5159],[-68.9754,-31.5166],[-68.9758,-31.516],[-68.9772,-31.5163],[-68.9774,-31.5168],[-68.9971,-31.5174],[-68.9975,-31.5168],[-68.9922,-31.4838],[-68.9925,-31.4815],[-69.0049,-31.4467],[-69.0016,-31.4234],[-69.0113,-31.3885],[-69.0058,-31.3674],[-69.0055,-31.3661],[-69.0081,-31.3628],[-69.0095,-31.3627],[-69.0174,-31.3565],[-69.0183,-31.3548],[-69.0233,-31.3301],[-69.0388,-31.3131],[-69.0414,-31.3125]]]}},
{"type":"Feature","properties":{"name":"Ayacucho","georefId":"74007","provinciaGeorefId":"74","tipo":"Departamento"},"geometry":{"type":"Polygon","coordinates":[[[-66.6618,-31.9205],[-66.8857,-31.8977],[-67.0059,-31.8554],[-67.05,-31.8575],[-67.1367,-31.8338],[-67.2399,-31.8801],[-67.3792,-31.8681],[-67.3652,-31.9759],[-67.3838,-32.1252],[-67.3802,-32.2238],[-67.3704,-32.2463],[-67.278,-32.2923],[-67.2662,-32.3395],[-67.2662,-32.3398],[-67.1587,-32.3717],[-67.132,-32.3747],[-67.0875,-32.3785],[-67.0396,-32.3717],[-67.0106,-32.3892],[-66.9245,-32.3627],[-66.6466,-32.3652],[-66.5478,-32.3447],[-66.4359,-32.3359],[-66.3719,-32.3431],[-66.2291,-32.3379],[-66.1974,-32.3444],[-66.2049,-32.3498],[-66.198,-32.3759],[-66.2195,-32.4326],[-66.2137,-32.4344],[-66.2082,-32.5051],[-66.2559,-32.5713],[-66.2336,-32.5663],[-66.2285,-32.5574],[-66.2162,-32.5713],[-66.2029,-32.5724],[-66.2048,-32.5798],[-66.1876,-32.5883],[-66.1906,-32.6011],[-66.1835,-32.602],[-66.1857,-32.6197],[-66.1793,-32.62],[-66.1855,-32.6511],[-66.1538,-32.6495],[-66.144,-32.6761],[-66.1676,-32.7381],[-66.1327,-32.7604],[-66.1348,-32.7419],[-66.1132,-32.7042],[-66.1148,-32.6743],[-66.099,-32.6528],[-66.1051,-32.6532],[-66.1006,-32.6321],[-66.0693,-32.6098],[-66.0557,-32.6237],[-66.021,-32.6375],[-65.9968,-32.6127],[-65.9933,-32.5983],[-66.0041,-32.5827],[-65.9601,-32.4673],[-65.957,-32.4305],[-65.9319,-32.4021],[-65.8606,-32.3925],[-65.8617,-32.3839],[-65.8366,-32.3823],[-65.827,-32.3223],[-65.8101,-32.3088],[-65.7884,-32.3099],[-65.7665,-32.2623],[-65.7577,-32.2659],[-65.7577,-32.2436],[-65.7803,-32.2399],[-65.7173,-32.2119],[-65.6839,-32.0626],[-65.7243,-32.0516],[-65.8112,-32.0593],[-65.8217,-32.0159],[-65.8264,-31.8974],[-65.9149,-31.9099],[-65.979,-31.8892],[-66.0692,-31.9365],[-66.0793,-31.9719],[-66.1391,-31.941],[-66.161,-31.9403],[-66.1602,-31.9628],[-66.2269,-31.9426],[-66.299,-31.9313],[-66.3375,-31.9432],[-66.3494,-31.9984],[-66.5688,-31.9498],[-66.6048,-31.9343],[-66.6045,-31.9234],[-66.6618,-31.9205]]]}},
{"type":"Feature","properties":{"name":"Belgrano","georefId":"74014","provinciaGeorefId":"74","tipo":"Departamento"},"geometry":{"type":"Polygon","coordinates":[[[-66.2029,-32.5724],[-66.2162,-32.5713],[-66.2285,-32.5574],[-66.2336,-32.5663],[-66.2559,-32.5713],[-66.2082,-32.5051],[-66.2137,-32.4344],[-66.2195,-32.4326],[-66.198,-32.3759],[-66.2049,-32.3498],[-66.1974,-32.3444],[-66.2291,-32.3379],[-66.3719,-32.3431],[-66.4359,-32.3359],[-66.5478,-32.3447],[-66.6466,-32.3652],[-66.9245,-32.3627],[-67.0106,-32.3892],[-67.0396,-32.3717],[-67.0875,-32.3785],[-67.132,-32.3747],[-67.1587,-32.3717],[-67.2662,-32.3398],[-67.2662,-32.3399],[-67.2654,-32.3541],[-67.2638,-32.3819],[-67.3177,-32.382],[-67.3101,-32.4247],[-67.2893,-32.4431],[-67.2975,-32.4465],[-67.3014,-32.4707],[-67.2831,-32.5127],[-67.2943,-32.5209],[-67.2973,-32.5361],[-67.2804,-32.5347],[-67.2628,-32.5531],[-67.2687,-32.5701],[-67.2481,-32.5877],[-67.244,-32.6032],[-67.2569,-32.6255],[-67.2377,-32.6344],[-67.225,-32.6822],[-67.1883,-32.6972],[-67.1925,-32.704],[-67.1802,-32.7175],[-67.1828,-32.7283],[-67.1663,-32.7587],[-67.1861,-32.7697],[-67.1768,-32.7869],[-67.178,-32.8203],[-67.2092,-32.8474],[-67.2099,-32.8564],[-67.232,-32.865],[-67.2311,-32.8979],[-67.2121,-32.9117],[-67.2014,-32.9733],[-67.1915,-32.9828],[-67.1918,-32.9958],[-67.1793,-33.0035],[-67.1834,-33.0392],[-67.198,-33.0442],[-67.1769,-33.0647],[-67.1745,-33.0782],[-67.1835,-33.087],[-67.0196,-33.0792],[-67.0143,-33.0975],[-67.0074,-33.0983],[-67.0071,-33.0866],[-66.9724,-33.0907],[-66.9726,-33.0997],[-66.9733,-33.1408],[-66.9243,-33.147],[-66.926,-33.1563],[-66.8099,-33.1704],[-66.8001,-33.115],[-66.6818,-33.1387],[-66.6677,-33.1676],[-66.5795,-33.2066],[-66.5807,-33.1852],[-66.5231,-33.1379],[-66.5227,-33.1383],[-66.518,-33.1267],[-66.5164,-33.1246],[-66.517,-33.1137],[-66.5154,-33.1085],[-66.5011,-33.1033],[-66.3632,-33.1018],[-66.3611,-33.1287],[-66.2876,-33.1281],[-66.2885,-33.1205],[-66.2567,-33.1376],[-66.2304,-33.1306],[-66.2304,-33.1305],[-66.2295,-33.1302],[-66.2294,-33.1302],[-66.2287,-33.1301],[-66.2257,-33.1313],[-66.225,-33.1312],[-66.2231,-33.1296],[-66.2224,-33.1297],[-66.222,-33.1296],[-66.2212,-33.1293],[-66.221,-33.1292],[-66.2152,-33.1293],[-66.2152,-33.0843],[-66.2041,-33.077],[-66.2108,-33.0471],[-66.2004,-33.0319],[-66.2083,-33.0203],[-66.2048,-33.0024],[-66.1907,-33.0003],[-66.1866,-32.9908],[-66.1879,-32.9512],[-66.1983,-32.9155],[-66.217,-32.9126],[-66.2095,-32.8674],[-66.2269,-32.8327],[-66.2253,-32.7729],[-66.2113,-32.7311],[-66.2382,-32.7121],[-66.2354,-32.6922],[-66.2428,-32.684],[-66.2362,-32.6716],[-66.2362,-32.6144],[-66.223,-32.5847],[-66.2029,-32.5724]]]}},
{"type":"Feature","properties":{"name":"Coronel Pringles","georefId":"74021","provinciaGeorefId":"74","tipo":"Departamento"},"geometry":{"type":"Polygon","coordinates":[[[-66.2152,-33.1293],[-66.2283,-33.1686],[-66.1801,-33.2395],[-66.1371,-33.237],[-66.1054,-33.2219],[-66.1022,-33.2581],[-66.1089,-33.2676],[-66.1025,-33.2773],[-66.1237,-33.3648],[-66.1101,-33.3835],[-66.1099,-33.3834],[-66.0867,-33.377],[-66.0479,-33.3759],[-65.7929,-33.5075],[-65.7866,-33.4385],[-65.7836,-33.4485],[-65.768,-33.4388],[-65.7566,-33.4613],[-65.7344,-33.4567],[-65.7355,-33.47],[-65.557,-33.4698],[-65.5515,-33.4533],[-65.5637,-33.4118],[-65.6128,-33.3364],[-65.6078,-33.2856],[-65.6265,-33.2329],[-65.6222,-33.2122],[-65.5995,-33.1901],[-65.6166,-33.0756],[-65.6056,-33.0747],[-65.6081,-33.0545],[-65.5708,-33.0568],[-65.5511,-33.0194],[-65.56,-33.0064],[-65.578,-33.0122],[-65.5733,-32.9717],[-65.5651,-32.9716],[-65.5659,-32.9429],[-65.5379,-32.9286],[-65.533,-32.9135],[-65.5194,-32.9125],[-65.5089,-32.9014],[-65.5137,-32.8944],[-65.5318,-32.8811],[-65.6117,-32.8722],[-65.62,-32.9195],[-65.6355,-32.938],[-65.6667,-32.9433],[-65.7178,-32.9257],[-65.7186,-32.8974],[-65.7405,-32.8817],[-65.7462,-32.8635],[-65.7693,-32.8444],[-65.7727,-32.8279],[-65.7945,-32.8146],[-65.8333,-32.8133],[-65.8382,-32.7946],[-65.8469,-32.7936],[-65.8642,-32.8511],[-65.935,-32.8301],[-65.9431,-32.8121],[-65.9685,-32.8221],[-65.9995,-32.8017],[-66.0119,-32.8077],[-66.0257,-32.7901],[-66.0533,-32.7872],[-66.0566,-32.7937],[-66.0851,-32.7972],[-66.0857,-32.7822],[-66.1327,-32.7604],[-66.1676,-32.7381],[-66.144,-32.6761],[-66.1538,-32.6495],[-66.1855,-32.6511],[-66.1793,-32.62],[-66.1857,-32.6197],[-66.1835,-32.602],[-66.1906,-32.6011],[-66.1876,-32.5883],[-66.2048,-32.5798],[-66.2029,-32.5724],[-66.223,-32.5847],[-66.2362,-32.6144],[-66.2362,-32.6716],[-66.2428,-32.684],[-66.2354,-32.6922],[-66.2382,-32.7121],[-66.2113,-32.7311],[-66.2253,-32.7729],[-66.2269,-32.8327],[-66.2095,-32.8674],[-66.217,-32.9126],[-66.1983,-32.9155],[-66.1879,-32.9512],[-66.1866,-32.9908],[-66.1907,-33.0003],[-66.2048,-33.0024],[-66.2083,-33.0203],[-66.2004,-33.0319],[-66.2108,-33.0471],[-66.2041,-33.077],[-66.2152,-33.0843],[-66.2152,-33.1293]]]}},
{"type":"Feature","properties":{"name":"Chacabuco","georefId":"74028","provinciaGeorefId":"74","tipo":"Departamento"},"geometry":{"type":"Polygon","coordinates":[[[-64.9194,-32.4794],[-64.9995,-32.4825],[-65.0073,-32.4732],[-65.0067,-32.483],[-65.0141,-32.483],[-65.0814,-32.468],[-65.0849,-32.4989],[-65.1494,-32.487],[-65.1513,-32.5014],[-65.2226,-32.4846],[-65.2311,-32.4948],[-65.2389,-32.4933],[-65.2412,-32.5153],[-65.2551,-32.5204],[-65.2613,-32.5426],[-65.2548,-32.544],[-65.2612,-32.5468],[-65.2782,-32.5457],[-65.3003,-32.5275],[-65.3298,-32.5321],[-65.3486,-32.5525],[-65.3903,-32.536],[-65.4082,-32.5362],[-65.4083,-32.5362],[-65.4091,-32.5399],[-65.4111,-32.5647],[-65.4009,-32.5929],[-65.4064,-32.6178],[-65.4105,-32.6281],[-65.4289,-32.6298],[-65.4448,-32.6554],[-65.445,-32.6908],[-65.4681,-32.7071],[-65.4528,-32.7584],[-65.4757,-32.7614],[-65.4815,-32.777],[-65.4904,-32.7745],[-65.4992,-32.8126],[-65.4943,-32.8459],[-65.5127,-32.8571],[-65.508,-32.8901],[-65.5137,-32.8944],[-65.5089,-32.9014],[-65.5194,-32.9125],[-65.533,-32.9135],[-65.5379,-32.9286],[-65.5659,-32.9429],[-65.5651,-32.9716],[-65.5733,-32.9717],[-65.578,-33.0122],[-65.56,-33.0064],[-65.479,-32.9598],[-65.436,-32.9597],[-65.4359,-32.9696],[-65.3798,-32.9436],[-65.3581,-32.9083],[-65.285,-32.9227],[-65.2832,-32.9066],[-65.1701,-32.926],[-65.1267,-32.949],[-65.0833,-32.9489],[-65.0818,-32.9418],[-65.0644,-32.9421],[-65.071,-32.9681],[-65.0139,-32.9618],[-64.9928,-32.9452],[-64.98,-32.8852],[-64.9631,-32.8633],[-64.974,-32.829],[-64.9707,-32.8051],[-64.9446,-32.7673],[-64.9482,-32.7228],[-64.9095,-32.6854],[-64.9244,-32.6587],[-64.9099,-32.6422],[-64.9215,-32.6236],[-64.8899,-32.5796],[-64.8828,-32.5708],[-64.8897,-32.5417],[-64.8829,-32.5297],[-64.9194,-32.4794]]]}},
{"type":"Feature","properties":{"name":"General Pedernera","georefId":"74035","provinciaGeorefId":"74","tipo":"Departamento"},"geometry":{"type":"Polygon","coordinates":[[[-66.1347,-33.3899],[-66.1357,-33.3899],[-66.1369,-33.3944],[-66.1402,-33.4043],[-66.1566,-33.4464],[-66.1639,-33.5444],[-66.1564,-33.5459],[-66.1561,-33.5651],[-66.1898,-33.6558],[-66.1654,-33.6548],[-66.22,-33.8371],[-66.1927,-33.8299],[-66.1665,-33.8338],[-66.1504,-33.8441],[-66.14,-33.8399],[-66.1194,-33.8608],[-66.1473,-33.9508],[-66.1424,-34.0072],[-66.0378,-34.0069],[-66.0372,-34.0444],[-66.0053,-34.044],[-65.9956,-34.346],[-65.9961,-34.401],[-66.0071,-34.401],[-66.013,-34.4214],[-66.0073,-34.4248],[-66.0093,-34.5028],[-66.0081,-34.5434],[-66.0097,-34.7123],[-65.9752,-34.7125],[-65.9013,-34.7132],[-65.8018,-34.7134],[-65.8013,-34.7114],[-65.7561,-34.7116],[-65.6698,-34.7123],[-65.6698,-34.6927],[-65.5682,-34.6948],[-65.568,-34.6689],[-65.2525,-34.6678],[-65.252,-34.653],[-65.1059,-34.6532],[-65.1093,-33.9558],[-65.143,-33.1948],[-65.1113,-33.1761],[-65.1008,-33.1564],[-65.0743,-33.1424],[-65.0548,-33.1156],[-65.0594,-33.0992],[-65.0481,-33.0688],[-65.0305,-33.0545],[-64.9997,-33.0027],[-65.0215,-32.9771],[-65.0139,-32.9618],[-65.071,-32.9681],[-65.0644,-32.9421],[-65.0818,-32.9418],[-65.0833,-32.9489],[-65.1267,-32.949],[-65.1701,-32.926],[-65.2832,-32.9066],[-65.285,-32.9227],[-65.3581,-32.9083],[-65.3798,-32.9436],[-65.4359,-32.9696],[-65.436,-32.9597],[-65.479,-32.9598],[-65.56,-33.0064],[-65.5511,-33.0194],[-65.5708,-33.0568],[-65.6081,-33.0545],[-65.6056,-33.0747],[-65.6166,-33.0756],[-65.5995,-33.1901],[-65.6222,-33.2122],[-65.6265,-33.2329],[-65.6078,-33.2856],[-65.6128,-33.3364],[-65.5637,-33.4118],[-65.5515,-33.4533],[-65.557,-33.4698],[-65.7355,-33.47],[-65.7344,-33.4567],[-65.7566,-33.4613],[-65.768,-33.4388],[-65.7836,-33.4485],[-65.7866,-33.4385],[-65.7929,-33.5075],[-66.0479,-33.3759],[-66.0867,-33.377],[-66.1099,-33.3834],[-66.1101,-33.3835],[-66.1347,-33.3899]]]}},
{"type":"Feature","properties":{"name":"Gobernador Dupuy","georefId":"74042","provinciaGeorefId":"74","tipo":"Departamento"},"geometry":{"type":"Polygon","coordinates":[[[-66.6475,-34.7436],[-66.6479,-34.744],[-66.6497,-34.7583],[-66.6067,-34.7741],[-66.5952,-34.791],[-66.6025,-34.8021],[-66.5612,-34.8327],[-66.5445,-34.8821],[-66.5542,-34.8911],[-66.5547,-34.9105],[-66.5492,-34.9188],[-66.5465,-34.9137],[-66.5375,-34.9176],[-66.5249,-34.9436],[-66.5457,-34.9693],[-66.5323,-35.0053],[-66.5409,-35.0149],[-66.5226,-35.0198],[-66.5266,-35.049],[-66.5145,-35.0521],[-66.521,-35.0636],[-66.512,-35.0829],[-66.5035,-35.0845],[-66.5071,-35.0907],[-66.4881,-35.0954],[-66.4978,-35.1076],[-66.4873,-35.1212],[-66.49,-35.132],[-66.478,-35.1419],[-66.4945,-35.1581],[-66.4968,-35.1729],[-66.497,-35.1958],[-66.4833,-35.2091],[-66.4897,-35.2276],[-66.4842,-35.2408],[-66.5007,-35.2474],[-66.5195,-35.2743],[-66.5181,-35.2879],[-66.4956,-35.3105],[-66.5143,-35.3888],[-66.5081,-35.3975],[-66.5218,-35.4078],[-66.5297,-35.4428],[-66.5171,-35.4707],[-66.5252,-35.5402],[-66.541,-35.5639],[-66.5702,-35.5812],[-66.5647,-35.6191],[-66.5477,-35.6388],[-66.5602,-35.6543],[-66.5623,-35.6825],[-66.5806,-35.7038],[-66.5807,-35.7686],[-66.5894,-35.7944],[-66.6222,-35.8484],[-66.6267,-35.8979],[-66.6181,-35.903],[-66.6289,-35.9286],[-66.6171,-35.9483],[-66.6187,-35.9653],[-66.6378,-36.0006],[-66.0177,-35.9999],[-65.1078,-35.9991],[-65.1078,-35.9882],[-65.1078,-35.9791],[-65.1077,-35.8902],[-65.1076,-35.8023],[-65.1076,-35.8012],[-65.1068,-35.0153],[-65.1059,-34.6532],[-65.252,-34.653],[-65.2525,-34.6678],[-65.568,-34.6689],[-65.5682,-34.6948],[-65.6698,-34.6927],[-65.6698,-34.7123],[-65.7561,-34.7116],[-65.8013,-34.7114],[-65.8018,-34.7134],[-65.9013,-34.7132],[-65.9752,-34.7125],[-65.9752,-34.7126],[-65.9753,-34.7135],[-65.9753,-34.7148],[-65.9753,-34.7156],[-65.9753,-34.7172],[-65.9755,-34.7285],[-65.9756,-34.7297],[-65.9756,-34.73],[-65.9756,-34.7318],[-65.9756,-34.7334],[-65.9757,-34.7393],[-65.9759,-34.7476],[-65.9765,-34.7784],[-65.982,-34.7775],[-66.0022,-34.7737],[-66.1028,-34.7726],[-66.1822,-34.7867],[-66.3076,-34.8045],[-66.4477,-34.8242],[-66.529,-34.8132],[-66.5604,-34.793],[-66.5833,-34.7785],[-66.5918,-34.7729],[-66.6312,-34.7549],[-66.6467,-34.7443],[-66.6475,-34.7436]]]}},
{"type":"Feature","properties":{"name":"Junín","georefId":"74049","provinciaGeorefId":"74","tipo":"Departamento"},"geometry":{"type":"Polygon","coordinates":[[[-65.7698,-31.8886],[-65.8264,-31.8974],[-65.8217,-32.0159],[-65.8112,-32.0593],[-65.7243,-32.0516],[-65.6839,-32.0626],[-65.7173,-32.2119],[-65.6983,-32.2037],[-65.6928,-32.2283],[-65.6514,-32.2434],[-65.6347,-32.2392],[-65.5845,-32.2501],[-65.5807,-32.2642],[-65.4751,-32.2768],[-65.4707,-32.2569],[-65.456,-32.2687],[-65.4154,-32.2628],[-65.4051,-32.2686],[-65.4033,-32.2906],[-65.4164,-32.3165],[-65.4117,-32.3278],[-65.4176,-32.3396],[-65.4093,-32.3402],[-65.4088,-32.3557],[-65.376,-32.3659],[-65.3865,-32.378],[-65.3849,-32.4041],[-65.4112,-32.4269],[-65.4031,-32.4347],[-65.4047,-32.4491],[-65.4303,-32.4668],[-65.4187,-32.5113],[-65.436,-32.5239],[-65.4253,-32.5358],[-65.4139,-32.5344],[-65.4115,-32.5337],[-65.4083,-32.5362],[-65.4082,-32.5362],[-65.3903,-32.536],[-65.3486,-32.5525],[-65.3298,-32.5321],[-65.3003,-32.5275],[-65.2782,-32.5457],[-65.2612,-32.5468],[-65.2548,-32.544],[-65.2613,-32.5426],[-65.2551,-32.5204],[-65.2412,-32.5153],[-65.2389,-32.4933],[-65.2311,-32.4948],[-65.2226,-32.4846],[-65.1513,-32.5014],[-65.1494,-32.487],[-65.0849,-32.4989],[-65.0814,-32.468],[-65.0141,-32.483],[-65.0067,-32.483],[-65.0073,-32.4732],[-64.9995,-32.4825],[-64.9194,-32.4794],[-64.9191,-32.4388],[-64.9298,-32.4232],[-64.9228,-32.3303],[-64.9414,-32.2983],[-64.9528,-32.3086],[-64.9772,-32.3214],[-64.9972,-32.314],[-65.0568,-32.314],[-65.212,-32.3267],[-65.208,-32.3036],[-65.2192,-32.2795],[-65.2072,-32.2616],[-65.213,-32.259],[-65.2083,-32.2492],[-65.2105,-32.2353],[-65.2322,-32.21],[-65.2249,-32.1678],[-65.2343,-32.1552],[-65.2342,-32.1301],[-65.2426,-32.1195],[-65.2351,-32.1109],[-65.2458,-32.089],[-65.2542,-32.0899],[-65.2944,-32.0576],[-65.3096,-32.0538],[-65.3163,-32.0402],[-65.6064,-31.9085],[-65.628,-31.8986],[-65.7698,-31.8886]]]}},
{"type":"Feature","properties":{"name":"Juan Martín de Pueyrredón","georefId":"74056","provinciaGeorefId":"74","tipo":"Departamento"},"geometry":{"type":"Polygon","coordinates":[[[-66.5227,-33.1383],[-66.5231,-33.1379],[-66.5807,-33.1852],[-66.5795,-33.2066],[-66.6677,-33.1676],[-66.6818,-33.1387],[-66.8001,-33.115],[-66.8099,-33.1704],[-66.926,-33.1563],[-66.9243,-33.147],[-66.9733,-33.1408],[-66.9726,-33.0997],[-66.9724,-33.0907],[-67.0071,-33.0866],[-67.0074,-33.0983],[-67.0143,-33.0975],[-67.0196,-33.0792],[-67.1835,-33.087],[-67.1813,-33.1093],[-67.1819,-33.11],[-67.182,-33.1101],[-67.1828,-33.111],[-67.1843,-33.1289],[-67.1672,-33.1662],[-67.1822,-33.1994],[-67.1802,-33.2522],[-67.1704,-33.3021],[-67.1524,-33.3256],[-67.1526,-33.4122],[-67.1455,-33.4397],[-67.1312,-33.4512],[-67.1324,-33.4704],[-67.1219,-33.4731],[-67.096,-33.5035],[-67.0928,-33.5388],[-67.0659,-33.55],[-67.0617,-33.5613],[-67.0673,-33.559],[-67.0689,-33.5664],[-67.0566,-33.581],[-67.0509,-33.5771],[-67.038,-33.6062],[-67.0263,-33.6055],[-67.0085,-33.618],[-66.9981,-33.6334],[-67.0055,-33.6384],[-66.9985,-33.6561],[-67.0048,-33.6673],[-66.9737,-33.6893],[-66.973,-33.7029],[-66.9571,-33.7237],[-66.8833,-33.7687],[-66.882,-33.8165],[-66.8733,-33.8329],[-66.8044,-33.8609],[-66.7848,-33.8876],[-66.7727,-33.8859],[-66.7686,-33.9021],[-66.749,-33.915],[-66.7359,-33.9115],[-66.7227,-33.9353],[-66.704,-33.9322],[-66.7018,-33.9385],[-66.6759,-33.9416],[-66.6786,-33.9491],[-66.6666,-33.9574],[-66.6712,-33.9728],[-66.6632,-33.9863],[-66.7082,-34.0247],[-66.6993,-34.0465],[-66.7157,-34.0578],[-66.7121,-34.101],[-66.7239,-34.1156],[-66.7224,-34.132],[-66.7337,-34.137],[-66.7252,-34.1471],[-66.7113,-34.1473],[-66.7303,-34.1821],[-66.7185,-34.1885],[-66.7295,-34.2074],[-66.7193,-34.213],[-66.7246,-34.2219],[-66.748,-34.2224],[-66.7465,-34.2356],[-66.7622,-34.2281],[-66.7843,-34.2326],[-66.7881,-34.2533],[-66.801,-34.2565],[-66.784,-34.272],[-66.7759,-34.2977],[-66.8028,-34.3057],[-66.7995,-34.3357],[-66.8119,-34.3451],[-66.7952,-34.3557],[-66.7869,-34.3777],[-66.7642,-34.3791],[-66.7653,-34.3892],[-66.776,-34.3937],[-66.7752,-34.41],[-66.7953,-34.4114],[-66.79,-34.4203],[-66.7574,-34.4345],[-66.752,-34.4565],[-66.7638,-34.4969],[-66.7565,-34.5117],[-66.7564,-34.512],[-66.7563,-34.5121],[-66.755,-34.5327],[-66.7652,-34.5509],[-66.7529,-34.5709],[-66.7292,-34.5851],[-66.7266,-34.6102],[-66.7031,-34.6198],[-66.712,-34.6284],[-66.6959,-34.6536],[-66.6901,-34.6907],[-66.6769,-34.6906],[-66.6406,-34.7175],[-66.6465,-34.7424],[-66.6473,-34.7434],[-66.6475,-34.7436],[-66.6467,-34.7443],[-66.6312,-34.7549],[-66.5918,-34.7729],[-66.5833,-34.7785],[-66.5604,-34.793],[-66.529,-34.8132],[-66.4477,-34.8242],[-66.3076,-34.8045],[-66.1822,-34.7867],[-66.1028,-34.7726],[-66.0022,-34.7737],[-65.982,-34.7775],[-65.9765,-34.7784],[-65.9759,-34.7476],[-65.9757,-34.7393],[-65.9756,-34.7334],[-65.9756,-34.7318],[-65.9756,-34.73],[-65.9756,-34.7297],[-65.9755,-34.7285],[-65.9753,-34.7172],[-65.9753,-34.7156],[-65.9753,-34.7148],[-65.9753,-34.7135],[-65.9752,-34.7126],[-65.9752,-34.7125],[-66.0097,-34.7123],[-66.0081,-34.5434],[-66.0093,-34.5028],[-66.0073,-34.4248],[-66.013,-34.4214],[-66.0071,-34.401],[-65.9961,-34.401],[-65.9956,-34.346],[-66.0053,-34.044],[-66.0372,-34.0444],[-66.0378,-34.0069],[-66.1424,-34.0072],[-66.1473,-33.9508],[-66.1194,-33.8608],[-66.14,-33.8399],[-66.1504,-33.8441],[-66.1665,-33.8338],[-66.1927,-33.8299],[-66.22,-33.8371],[-66.1654,-33.6548],[-66.1898,-33.6558],[-66.1561,-33.5651],[-66.1564,-33.5459],[-66.1639,-33.5444],[-66.1566,-33.4464],[-66.1402,-33.4043],[-66.1369,-33.3944],[-66.1357,-33.3899],[-66.1347,-33.3899],[-66.1101,-33.3835],[-66.1237,-33.3648],[-66.1025,-33.2773],[-66.1089,-33.2676],[-66.1022,-33.2581],[-66.1054,-33.2219],[-66.1371,-33.237],[-66.1801,-33.2395],[-66.2283,-33.1686],[-66.2152,-33.1293],[-66.221,-33.1292],[-66.2212,-33.1293],[-66.222,-33.1296],[-66.2224,-33.1297],[-66.2231,-33.1296],[-66.225,-33.1312],[-66.2257,-33.1313],[-66.2287,-33.1301],[-66.2294,-33.1302],[-66.2295,-33.1302],[-66.2304,-33.1305],[-66.2304,-33.1306],[-66.2567,-33.1376],[-66.2885,-33.1205],[-66.2876,-33.1281],[-66.3611,-33.1287],[-66.3632,-33.1018],[-66.5011,-33.1033],[-66.5154,-33.1085],[-66.517,-33.1137],[-66.5164,-33.1246],[-66.518,-33.1267],[-66.5227,-33.1383]]]}},
{"type":"Feature","properties":{"name":"Libertador General San Martín","georefId":"74063","provinciaGeorefId":"74","tipo":"Departamento"},"geometry":{"type":"Polygon","coordinates":[[[-65.4115,-32.5337],[-65.4139,-32.5344],[-65.4253,-32.5358],[-65.436,-32.5239],[-65.4187,-32.5113],[-65.4303,-32.4668],[-65.4047,-32.4491],[-65.4031,-32.4347],[-65.4112,-32.4269],[-65.3849,-32.4041],[-65.3865,-32.378],[-65.376,-32.3659],[-65.4088,-32.3557],[-65.4093,-32.3402],[-65.4176,-32.3396],[-65.4117,-32.3278],[-65.4164,-32.3165],[-65.4033,-32.2906],[-65.4051,-32.2686],[-65.4154,-32.2628],[-65.456,-32.2687],[-65.4707,-32.2569],[-65.4751,-32.2768],[-65.5807,-32.2642],[-65.5845,-32.2501],[-65.6347,-32.2392],[-65.6514,-32.2434],[-65.6928,-32.2283],[-65.6983,-32.2037],[-65.7173,-32.2119],[-65.7803,-32.2399],[-65.7577,-32.2436],[-65.7577,-32.2659],[-65.7665,-32.2623],[-65.7884,-32.3099],[-65.8101,-32.3088],[-65.827,-32.3223],[-65.8366,-32.3823],[-65.8617,-32.3839],[-65.8606,-32.3925],[-65.9319,-32.4021],[-65.957,-32.4305],[-65.9601,-32.4673],[-66.0041,-32.5827],[-65.9933,-32.5983],[-65.9968,-32.6127],[-66.021,-32.6375],[-66.0557,-32.6237],[-66.0693,-32.6098],[-66.1006,-32.6321],[-66.1051,-32.6532],[-66.099,-32.6528],[-66.1148,-32.6743],[-66.1132,-32.7042],[-66.1348,-32.7419],[-66.1327,-32.7604],[-66.0857,-32.7822],[-66.0851,-32.7972],[-66.0566,-32.7937],[-66.0533,-32.7872],[-66.0257,-32.7901],[-66.0119,-32.8077],[-65.9995,-32.8017],[-65.9685,-32.8221],[-65.9431,-32.8121],[-65.935,-32.8301],[-65.8642,-32.8511],[-65.8469,-32.7936],[-65.8382,-32.7946],[-65.8333,-32.8133],[-65.7945,-32.8146],[-65.7727,-32.8279],[-65.7693,-32.8444],[-65.7462,-32.8635],[-65.7405,-32.8817],[-65.7186,-32.8974],[-65.7178,-32.9257],[-65.6667,-32.9433],[-65.6355,-32.938],[-65.62,-32.9195],[-65.6117,-32.8722],[-65.5318,-32.8811],[-65.5137,-32.8944],[-65.508,-32.8901],[-65.5127,-32.8571],[-65.4943,-32.8459],[-65.4992,-32.8126],[-65.4904,-32.7745],[-65.4815,-32.777],[-65.4757,-32.7614],[-65.4528,-32.7584],[-65.4681,-32.7071],[-65.445,-32.6908],[-65.4448,-32.6554],[-65.4289,-32.6298],[-65.4105,-32.6281],[-65.4064,-32.6178],[-65.4009,-32.5929],[-65.4111,-32.5647],[-65.4091,-32.5399],[-65.4083,-32.5362],[-65.4115,-32.5337]]]}},
{"type":"Feature","properties":{"name":"Corpen Aike","georefId":"78007","provinciaGeorefId":"78","tipo":"Departamento"},"geometry":{"type":"Polygon","coordinates":[[[-69.7582,-49.2087],[-70.5808,-49.2039],[-70.6216,-50.2125],[-70.6311,-50.2193],[-70.6387,-50.3681],[-70.6301,-50.3745],[-70.646,-50.7368],[-69.1385,-50.7656],[-69.1399,-50.7223],[-69.0926,-50.6229],[-69.0792,-50.5651],[-68.971,-50.4199],[-68.9066,-50.3635],[-68.8793,-50.3608],[-68.88,-50.3356],[-68.7733,-50.2881],[-68.7373,-50.2896],[-68.6728,-50.2701],[-68.6671,-50.2596],[-68.6339,-50.2488],[-68.4072,-50.1862],[-68.3645,-50.1651],[-68.3549,-50.1513],[-68.3608,-50.1354],[-68.3968,-50.1314],[-68.4115,-50.1155],[-68.4517,-50.1107],[-68.4903,-50.088],[-68.5131,-50.0531],[-68.5093,-50.0198],[-68.5807,-49.9644],[-68.6729,-49.9933],[-68.8591,-49.9692],[-68.8895,-49.974],[-68.9045,-49.995],[-68.9328,-50],[-68.9088,-49.9898],[-68.8961,-49.9715],[-68.8745,-49.9658],[-68.6591,-49.9649],[-68.6045,-49.9391],[-68.5714,-49.9368],[-68.5893,-49.8812],[-68.6273,-49.8208],[-68.6201,-49.8142],[-68.6374,-49.7776],[-68.6072,-49.8256],[-68.5583,-49.8722],[-68.5319,-49.9336],[-68.5107,-49.9379],[-68.477,-49.9674],[-68.4164,-50.059],[-68.3694,-50.0873],[-68.3529,-50.1176],[-68.3266,-50.123],[-68.2019,-50.1165],[-68.1435,-50.1044],[-68.0395,-50.0682],[-67.917,-50.0053],[-67.8552,-49.9632],[-67.7968,-49.894],[-67.7486,-49.8139],[-67.7245,-49.7569],[-67.7154,-49.6994],[-67.7205,-49.636],[-67.7083,-49.6152],[-67.6759,-49.4419],[-68.8226,-49.4548],[-68.8268,-49.3168],[-69.7578,-49.3182],[-69.7582,-49.2087]]]}},
{"type":"Feature","properties":{"name":"Deseado","georefId":"78014","provinciaGeorefId":"78","tipo":"Departamento"},"geometry":{"type":"MultiPolygon","coordinates":[[[[-66.8701,-48.5827],[-66.8733,-48.5742],[-66.8388,-48.5447],[-66.8311,-48.523],[-66.7716,-48.4984],[-66.7551,-48.4744],[-66.7364,-48.4651],[-66.6831,-48.4527],[-66.6731,-48.441],[-66.6419,-48.431],[-66.4944,-48.4175],[-66.4671,-48.4001],[-66.4754,-48.3974],[-66.4672,-48.3865],[-66.4748,-48.3661],[-66.448,-48.3523],[-66.3944,-48.3496],[-66.3584,-48.3618],[-66.3499,-48.3551],[-66.3401,-48.357],[-66.3498,-48.3672],[-66.343,-48.3688],[-66.3339,-48.3547],[-66.343,-48.3538],[-66.3374,-48.349],[-66.3602,-48.3147],[-66.3376,-48.2772],[-66.2626,-48.2379],[-66.2557,-48.2196],[-66.2283,-48.2013],[-66.1599,-48.1905],[-66.1643,-48.1727],[-66.1446,-48.1646],[-66.1385,-48.1392],[-66.1238,-48.1396],[-66.1292,-48.1327],[-66.118,-48.122],[-66.0774,-48.1097],[-66.0624,-48.1131],[-66.0618,-48.1199],[-66.0447,-48.1049],[-66.0285,-48.1059],[-66.0297,-48.1116],[-66.0072,-48.1033],[-65.9916,-48.1093],[-65.9755,-48.1],[-65.9528,-48.1029],[-65.9435,-48.1139],[-65.9539,-48.1155],[-65.9504,-48.1232],[-65.9409,-48.1247],[-65.9401,-48.1125],[-65.9249,-48.1162],[-65.9081,-48.1056],[-65.9176,-48.1056],[-65.9176,-48.0967],[-65.9045,-48.1033],[-65.9058,-48.0945],[-65.8964,-48.103],[-65.9044,-48.0804],[-65.9403,-48.075],[-65.9679,-48.0497],[-65.9804,-48.0507],[-65.9409,-48.0309],[-65.9532,-48.0145],[-65.9319,-48.0172],[-65.9429,-48.0039],[-65.9241,-47.9902],[-65.9515,-47.9764],[-65.9242,-47.9397],[-65.9047,-47.9321],[-65.8789,-47.9341],[-65.8675,-47.9487],[-65.8633,-47.9386],[-65.8468,-47.9391],[-65.8374,-47.9456],[-65.8424,-47.9606],[-65.8335,-47.9589],[-65.831,-47.9654],[-65.818,-47.9571],[-65.8043,-47.9608],[-65.7983,-47.9516],[-65.7651,-47.9501],[-65.7904,-47.938],[-65.7853,-47.9234],[-65.7635,-47.9194],[-65.774,-47.9111],[-65.7682,-47.9074],[-65.821,-47.9046],[-65.8438,-47.8942],[-65.8582,-47.8728],[-65.8758,-47.8092],[-65.865,-47.8011],[-65.8791,-47.7992],[-65.88,-47.7742],[-65.8983,-47.7671],[-65.8734,-47.7653],[-65.8809,-47.7627],[-65.9781,-47.7627],[-66.019,-47.78],[-66.0269,-47.7788],[-66.0882,-47.813],[-66.1378,-47.8161],[-66.1902,-47.8295],[-66.282,-47.8714],[-66.195,-47.82],[-66.1053,-47.799],[-66.0344,-47.7441],[-66.0023,-47.7437],[-66.0053,-47.7308],[-66.0014,-47.7453],[-65.958,-47.7445],[-65.8996,-47.7587],[-65.8386,-47.7468],[-65.8449,-47.7346],[-65.793,-47.641],[-65.7398,-47.5102],[-65.7178,-47.3322],[-65.7577,-47.2221],[-65.7486,-47.2085],[-65.7372,-47.2117],[-65.7356,-47.202],[-65.7673,-47.1895],[-65.8416,-47.1394],[-65.8521,-47.1216],[-65.8467,-47.1091],[-65.8648,-47.1063],[-65.8674,-47.0921],[-65.903,-47.0955],[-65.9349,-47.084],[-65.9407,-47.0722],[-65.9522,-47.0776],[-65.975,-47.0691],[-65.9869,-47.0749],[-66.0401,-47.0714],[-66.1022,-47.0853],[-66.1573,-47.0814],[-66.1977,-47.0874],[-66.3552,-47.0682],[-66.4978,-47.0383],[-66.535,-47.0395],[-66.5588,-47.0488],[-66.5984,-47.037],[-66.6305,-47.0458],[-66.6592,-47.0302],[-66.7101,-47.0331],[-66.7919,-46.9991],[-66.8566,-46.9468],[-66.8589,-46.9328],[-66.8775,-46.9316],[-66.8994,-46.912],[-66.9509,-46.847],[-66.9735,-46.8491],[-66.9864,-46.8391],[-66.9849,-46.8288],[-67.0013,-46.825],[-67.0022,-46.8175],[-67.0275,-46.8149],[-67.0756,-46.774],[-67.0858,-46.7616],[-67.0818,-46.7502],[-67.0998,-46.7486],[-67.1035,-46.7381],[-67.0955,-46.735],[-67.11,-46.7351],[-67.1252,-46.7232],[-67.1216,-46.7074],[-67.1488,-46.7022],[-67.1563,-46.6879],[-67.1683,-46.6923],[-67.1906,-46.6816],[-67.1908,-46.6868],[-67.2006,-46.6736],[-67.2305,-46.674],[-67.2545,-46.6462],[-67.3553,-46.6188],[-67.3932,-46.5951],[-67.4403,-46.5485],[-67.5674,-46.3491],[-67.6137,-46.2314],[-67.6277,-46.1581],[-67.6272,-46.0836],[-67.6149,-46.0657],[-67.624,-46.0487],[-67.6029,-46.0433],[-67.5973,-46.0257],[-67.586,-46.0223],[-67.5957,-45.9999],[-68.3631,-45.9999],[-69.6481,-45.9999],[-69.6562,-45.9999],[-69.6867,-47.1613],[-69.7076,-47.2347],[-69.7344,-48.3221],[-69.3553,-48.4383],[-68.3354,-48.3796],[-68.1856,-48.4446],[-67.6161,-48.0917],[-67.5874,-48.1124],[-67.5531,-48.113],[-67.1719,-48.4839],[-66.8701,-48.5827]]],[[[-65.9902,-47.7617],[-66.0389,-47.7676],[-66.0548,-47.7864],[-66.0464,-47.7882],[-66.0221,-47.7723],[-66.0071,-47.7734],[-66.0044,-47.767],[-66.0031,-47.7721],[-65.9902,-47.7617]]]]}},
{"type":"Feature","properties":{"name":"Güer Aike","georefId":"78021","provinciaGeorefId":"78","tipo":"Departamento"},"geometry":{"type":"MultiPolygon","coordinates":[[[[-70.646,-50.7368],[-72.2983,-50.6821],[-72.3011,-50.7068],[-72.3362,-50.7188],[-72.3471,-50.7302],[-72.3495,-50.7543],[-72.2803,-50.8099],[-72.261,-50.8375],[-72.267,-50.8629],[-72.2481,-50.875],[-72.2567,-50.8885],[-72.2455,-50.9029],[-72.2672,-50.9637],[-72.2657,-51.0352],[-72.3742,-51.0232],[-72.3762,-51.08],[-72.4032,-51.092],[-72.4091,-51.1075],[-72.3957,-51.1454],[-72.3606,-51.1688],[-72.3488,-51.2036],[-72.3226,-51.2106],[-72.3036,-51.2017],[-72.2587,-51.2442],[-72.2595,-51.254],[-72.2692,-51.2833],[-72.3064,-51.2929],[-72.3078,-51.3075],[-72.36,-51.3191],[-72.3717,-51.3363],[-72.3488,-51.3498],[-72.3261,-51.3457],[-72.309,-51.3664],[-72.3099,-51.4031],[-72.3383,-51.4248],[-72.3409,-51.4496],[-72.3241,-51.475],[-72.3453,-51.4772],[-72.3509,-51.4845],[-72.3447,-51.5207],[-72.3604,-51.5259],[-72.4052,-51.5134],[-72.394,-51.5274],[-72.4263,-51.5469],[-72.4425,-51.5845],[-72.4032,-51.5875],[-72.3887,-51.5951],[-72.377,-51.5844],[-72.327,-51.5873],[-72.3191,-51.6255],[-72.2833,-51.6385],[-72.2968,-51.6462],[-72.2875,-51.6691],[-72.3008,-51.687],[-72.2971,-51.6994],[-72.2712,-51.7053],[-72.2497,-51.6992],[-72.2437,-51.7057],[-72.2311,-51.7025],[-72.1889,-51.7217],[-72.1614,-51.7254],[-72.1847,-51.7346],[-72.1792,-51.7382],[-72.1511,-51.7462],[-72.1217,-51.744],[-72.113,-51.7675],[-72.0759,-51.7732],[-72.0785,-51.7824],[-72.0262,-51.8084],[-71.951,-51.8716],[-71.9288,-51.9145],[-71.9333,-51.9202],[-71.9453,-51.9148],[-72.032,-51.9587],[-72.0098,-51.9775],[-71.9645,-51.9728],[-71.9535,-51.9882],[-71.9215,-52],[-70.9307,-51.9996],[-69.9955,-52.0007],[-69.486,-52.1514],[-69.19,-52.1501],[-69.0786,-52.1851],[-68.9869,-52.2036],[-68.838,-52.2777],[-68.7097,-52.2855],[-68.586,-52.3067],[-68.5735,-52.3252],[-68.4186,-52.3325],[-68.4184,-52.3864],[-68.4326,-52.3977],[-68.3547,-52.3364],[-68.3525,-52.3226],[-68.7084,-51.9812],[-68.9613,-51.6239],[-69.0141,-51.6064],[-69.1023,-51.6416],[-69.1173,-51.6551],[-69.1162,-51.6422],[-69.1241,-51.6418],[-69.1034,-51.6343],[-69.1168,-51.6299],[-69.1435,-51.6323],[-69.2497,-51.6004],[-69.3352,-51.5855],[-69.4542,-51.6068],[-69.5002,-51.602],[-69.5285,-51.6162],[-69.6178,-51.6269],[-69.4948,-51.5851],[-69.3441,-51.5516],[-69.2892,-51.5588],[-69.2416,-51.579],[-69.1347,-51.6032],[-69.1018,-51.5963],[-69.0669,-51.5709],[-69.0373,-51.5607],[-69.0013,-51.5599],[-68.977,-51.5822],[-68.9466,-51.5552],[-69.1086,-51.167],[-69.1669,-50.9802],[-69.2055,-50.9753],[-69.2079,-50.9848],[-69.2976,-51.0222],[-69.4055,-51.0977],[-69.4251,-51.1004],[-69.4343,-51.1137],[-69.4423,-51.1145],[-69.4403,-51.109],[-69.4648,-51.1133],[-69.4413,-51.0898],[-69.3961,-51.0797],[-69.3725,-51.0481],[-69.3824,-51.0368],[-69.3212,-50.9884],[-69.2401,-50.9578],[-69.2252,-50.9749],[-69.214,-50.9447],[-69.165,-50.9093],[-69.1458,-50.905],[-69.1714,-50.9217],[-69.132,-50.8996],[-69.1385,-50.7656],[-70.646,-50.7368]]],[[[-69.4158,-51.0896],[-69.4402,-51.0906],[-69.4529,-51.1097],[-69.4395,-51.1073],[-69.4352,-51.1132],[-69.4256,-51.0979],[-69.4087,-51.0949],[-69.4158,-51.0896]]]]}},
{"type":"Feature","properties":{"name":"Lago Argentino","georefId":"78028","provinciaGeorefId":"78","tipo":"Departamento"},"geometry":{"type":"Polygon","coordinates":[[[-72.5654,-48.4833],[-72.5895,-48.4944],[-72.5677,-48.5249],[-72.5581,-48.5608],[-72.5634,-48.583],[-72.5354,-48.6655],[-72.5426,-48.7404],[-72.5296,-48.7747],[-72.5334,-48.7995],[-72.5654,-48.8231],[-72.6003,-48.8348],[-72.6396,-48.8662],[-72.6884,-48.8648],[-72.6967,-48.8967],[-72.7481,-48.9103],[-72.7663,-48.9457],[-72.7946,-48.9681],[-72.8161,-48.9611],[-72.8506,-48.9661],[-72.8649,-48.9466],[-72.8918,-48.9464],[-72.9197,-48.9357],[-72.9464,-48.9456],[-72.9588,-48.98],[-72.9868,-48.9884],[-72.9929,-48.9972],[-72.9814,-49.0292],[-73.0049,-49.0291],[-73.0138,-49.0362],[-73.0049,-49.0635],[-73.027,-49.0658],[-73.0449,-49.0809],[-73.0622,-49.1275],[-73.0829,-49.1347],[-73.0824,-49.1459],[-73.1101,-49.152],[-73.1169,-49.1686],[-73.1454,-49.1902],[-73.1452,-49.2472],[-73.1332,-49.2672],[-73.1036,-49.267],[-73.0894,-49.2531],[-73.0456,-49.2737],[-73.1437,-49.271],[-73.4731,-49.2033],[-73.495,-49.242],[-73.4967,-49.2683],[-73.471,-49.2788],[-73.4521,-49.2986],[-73.4364,-49.2976],[-73.4323,-49.3141],[-73.4106,-49.3194],[-73.4291,-49.344],[-73.4262,-49.3919],[-73.46,-49.4002],[-73.4904,-49.4287],[-73.4739,-49.4413],[-73.4796,-49.4613],[-73.4638,-49.4825],[-73.4878,-49.5005],[-73.5396,-49.4982],[-73.5497,-49.5381],[-73.536,-49.564],[-73.4883,-49.5827],[-73.4637,-49.6189],[-73.4641,-49.6424],[-73.5046,-49.6629],[-73.4986,-49.6917],[-73.5091,-49.7052],[-73.4764,-49.7179],[-73.4592,-49.7453],[-73.4388,-49.7578],[-73.4662,-49.7737],[-73.4453,-49.7939],[-73.4997,-49.818],[-73.4905,-49.8526],[-73.5219,-49.9005],[-73.5526,-49.9239],[-73.5439,-49.9494],[-73.5052,-49.9665],[-73.5666,-50.0204],[-73.5337,-50.0423],[-73.5022,-50.0436],[-73.4829,-50.0541],[-73.4925,-50.0619],[-73.4895,-50.0816],[-73.5415,-50.119],[-73.5208,-50.1531],[-73.5552,-50.1844],[-73.56,-50.2169],[-73.55,-50.2282],[-73.5654,-50.2707],[-73.5384,-50.289],[-73.5168,-50.289],[-73.5014,-50.3147],[-73.4807,-50.3257],[-73.4699,-50.3445],[-73.4864,-50.3821],[-73.4554,-50.3926],[-73.437,-50.4244],[-73.4193,-50.4296],[-73.4225,-50.4426],[-73.4037,-50.4508],[-73.4079,-50.4677],[-73.4326,-50.4831],[-73.3645,-50.4879],[-73.3656,-50.5075],[-73.3864,-50.5164],[-73.334,-50.5583],[-73.3319,-50.5684],[-73.3,-50.5743],[-73.2887,-50.586],[-73.2674,-50.6281],[-73.2708,-50.6488],[-73.2387,-50.6659],[-73.1727,-50.6767],[-73.17,-50.6875],[-73.1859,-50.7004],[-73.286,-50.7395],[-73.256,-50.7501],[-73.2849,-50.7879],[-73.2675,-50.824],[-73.2228,-50.8174],[-73.2035,-50.821],[-73.157,-50.7942],[-73.0969,-50.7734],[-73.0697,-50.7889],[-73.042,-50.7613],[-73.0063,-50.762],[-72.9808,-50.7442],[-72.9547,-50.741],[-72.9441,-50.7248],[-72.952,-50.7184],[-72.9403,-50.7067],[-72.9055,-50.6972],[-72.8914,-50.6702],[-72.8747,-50.6705],[-72.8518,-50.6532],[-72.8298,-50.6525],[-72.7741,-50.6275],[-72.74,-50.6268],[-72.7297,-50.615],[-72.6984,-50.6455],[-72.6809,-50.6425],[-72.6558,-50.664],[-72.6423,-50.6538],[-72.6233,-50.6574],[-72.6134,-50.6745],[-72.594,-50.6817],[-72.5746,-50.679],[-72.5797,-50.6556],[-72.5751,-50.6463],[-72.5608,-50.646],[-72.5484,-50.6205],[-72.5049,-50.6145],[-72.4926,-50.6008],[-72.4547,-50.6166],[-72.418,-50.6191],[-72.4078,-50.6364],[-72.3592,-50.6161],[-72.3393,-50.6337],[-72.338,-50.6505],[-72.2968,-50.6526],[-72.2862,-50.6596],[-72.2983,-50.6821],[-70.646,-50.7368],[-70.6301,-50.3745],[-70.6387,-50.3681],[-70.6311,-50.2193],[-70.6216,-50.2125],[-70.5808,-49.2039],[-71.4002,-49.1933],[-72.5654,-48.4833]]]}},
{"type":"Feature","properties":{"name":"Lago Buenos Aires","georefId":"78035","provinciaGeorefId":"78","tipo":"Departamento"},"geometry":{"type":"Polygon","coordinates":[[[-71.646,-45.9999],[-71.6673,-46.04],[-71.6973,-46.0696],[-71.7102,-46.071],[-71.7153,-46.0893],[-71.73,-46.0949],[-71.7485,-46.0917],[-71.759,-46.1094],[-71.7855,-46.1221],[-71.8224,-46.1101],[-71.9152,-46.1396],[-71.9004,-46.1639],[-71.8649,-46.1567],[-71.8776,-46.1656],[-71.8601,-46.1939],[-71.8362,-46.1919],[-71.8225,-46.2023],[-71.799,-46.19],[-71.7801,-46.1972],[-71.7729,-46.2179],[-71.7531,-46.228],[-71.7413,-46.2638],[-71.7272,-46.2721],[-71.7282,-46.3071],[-71.757,-46.3455],[-71.6696,-46.5286],[-71.6756,-46.5435],[-71.6656,-46.5518],[-71.6669,-46.5973],[-71.6623,-46.6203],[-71.6469,-46.6342],[-71.6435,-46.6813],[-71.6862,-46.6986],[-71.7405,-46.733],[-71.7708,-46.765],[-71.834,-46.797],[-71.8627,-46.8026],[-71.9155,-46.7982],[-71.9554,-46.8152],[-71.9335,-46.8394],[-71.9312,-46.8679],[-71.9707,-46.9054],[-71.9515,-46.9574],[-71.9577,-46.9745],[-71.9309,-46.9772],[-71.9185,-46.9852],[-71.9321,-46.9945],[-71.8965,-46.9963],[-71.8808,-47.0109],[-71.9039,-47.0505],[-71.9544,-47.0762],[-71.9501,-47.0865],[-71.8806,-47.1069],[-71.8602,-47.1309],[-71.8634,-47.1456],[-71.8503,-47.1628],[-71.8907,-47.1831],[-71.8799,-47.2047],[-71.8948,-47.2109],[-71.8632,-47.2236],[-71.8649,-47.231],[-71.8919,-47.2273],[-71.875,-47.2348],[-71.8543,-47.2436],[-71.5715,-47.3639],[-70.7689,-47.3199],[-69.783,-48.307],[-69.7344,-48.3221],[-69.7076,-47.2347],[-69.6867,-47.1613],[-69.6562,-45.9999],[-69.6566,-45.9999],[-71.6125,-46],[-71.644,-46],[-71.646,-45.9999]]]}},
{"type":"Feature","properties":{"name":"Magallanes","georefId":"78042","provinciaGeorefId":"78","tipo":"Departamento"},"geometry":{"type":"MultiPolygon","coordinates":[[[[-66.8701,-48.5827],[-67.1719,-48.4839],[-67.5531,-48.113],[-67.5874,-48.1124],[-67.6161,-48.0917],[-68.1856,-48.4446],[-68.3354,-48.3796],[-69.3553,-48.4383],[-69.7344,-48.3221],[-69.7582,-49.2087],[-69.7578,-49.3182],[-68.8268,-49.3168],[-68.8226,-49.4548],[-67.6759,-49.4419],[-67.6628,-49.3966],[-67.6036,-49.2957],[-67.6132,-49.2501],[-67.646,-49.2577],[-67.6681,-49.2552],[-67.6727,-49.2985],[-67.6991,-49.3089],[-67.6854,-49.3536],[-67.7138,-49.3859],[-67.7631,-49.3877],[-67.8186,-49.4055],[-67.8375,-49.3868],[-67.8192,-49.3842],[-67.8194,-49.3766],[-67.7721,-49.3807],[-67.795,-49.3632],[-67.8047,-49.3428],[-67.7976,-49.328],[-67.7829,-49.3305],[-67.7819,-49.3204],[-67.7608,-49.3139],[-67.7157,-49.3178],[-67.7414,-49.2753],[-67.6889,-49.2618],[-67.6676,-49.2459],[-67.6748,-49.2206],[-67.6646,-49.2035],[-67.6139,-49.1852],[-67.6137,-49.1609],[-67.6329,-49.1563],[-67.6356,-49.1382],[-67.5991,-49.1035],[-67.5753,-49.0419],[-67.5536,-49.0166],[-67.4894,-48.9597],[-67.4131,-48.9127],[-67.3337,-48.875],[-67.2471,-48.8539],[-67.2199,-48.838],[-67.1929,-48.8132],[-67.1863,-48.7727],[-67.1516,-48.7484],[-67.1406,-48.6965],[-67.1254,-48.6822],[-67.0352,-48.6437],[-66.9963,-48.6156],[-66.8966,-48.6014],[-66.8753,-48.5934],[-66.8701,-48.5827]]],[[[-67.691,-49.2692],[-67.7336,-49.2769],[-67.7048,-49.2849],[-67.691,-49.2692]]],[[[-67.6903,-49.2954],[-67.686,-49.2826],[-67.7064,-49.2949],[-67.6903,-49.2954]]]]}},
{"type":"Feature","properties":{"name":"Río Chico","georefId":"78049","provinciaGeorefId":"78","tipo":"Departamento"},"geometry":{"type":"Polygon","coordinates":[[[-71.8919,-47.2273],[-71.9743,-47.2138],[-72.0189,-47.1983],[-72.0009,-47.2153],[-72.0163,-47.2481],[-71.9969,-47.2949],[-72.0362,-47.3196],[-72.046,-47.3394],[-72.0705,-47.3424],[-72.0807,-47.3342],[-72.1276,-47.3284],[-72.1434,-47.3643],[-72.1604,-47.3784],[-72.1613,-47.3949],[-72.1801,-47.3991],[-72.1976,-47.4168],[-72.2224,-47.4033],[-72.2448,-47.4058],[-72.291,-47.4339],[-72.2939,-47.4459],[-72.3414,-47.4554],[-72.3271,-47.4817],[-72.3085,-47.4795],[-72.2914,-47.512],[-72.3275,-47.5723],[-72.3253,-47.5847],[-72.3093,-47.5907],[-72.3531,-47.6357],[-72.3799,-47.636],[-72.4028,-47.6523],[-72.3983,-47.6585],[-72.421,-47.6617],[-72.4094,-47.6776],[-72.4176,-47.6946],[-72.4504,-47.7051],[-72.4354,-47.7329],[-72.4421,-47.7454],[-72.4663,-47.7377],[-72.4729,-47.7583],[-72.4836,-47.7589],[-72.5227,-47.7401],[-72.5224,-47.7534],[-72.5022,-47.7667],[-72.4956,-47.7974],[-72.4681,-47.8127],[-72.4778,-47.8704],[-72.4986,-47.8745],[-72.5231,-47.91],[-72.5281,-47.9372],[-72.4984,-47.9606],[-72.4605,-47.9558],[-72.4558,-47.9631],[-72.425,-47.9688],[-72.4195,-48.0019],[-72.4445,-48.0643],[-72.4167,-48.0779],[-72.361,-48.0733],[-72.3559,-48.1007],[-72.3277,-48.1157],[-72.2997,-48.1585],[-72.3071,-48.2012],[-72.3258,-48.2155],[-72.3167,-48.234],[-72.2264,-48.3206],[-72.2411,-48.3483],[-72.278,-48.3626],[-72.309,-48.3536],[-72.3224,-48.3586],[-72.3436,-48.3453],[-72.3807,-48.3501],[-72.377,-48.3715],[-72.3477,-48.3836],[-72.3478,-48.3902],[-72.3604,-48.3987],[-72.3803,-48.3991],[-72.4064,-48.4161],[-72.4089,-48.4327],[-72.3735,-48.4498],[-72.3936,-48.483],[-72.426,-48.4956],[-72.4416,-48.5141],[-72.4931,-48.5127],[-72.5024,-48.5185],[-72.5285,-48.4989],[-72.5334,-48.4838],[-72.5654,-48.4833],[-71.4002,-49.1933],[-70.5808,-49.2039],[-69.7582,-49.2087],[-69.7344,-48.3221],[-69.783,-48.307],[-70.7689,-47.3199],[-71.5715,-47.3639],[-71.8543,-47.2436],[-71.875,-47.2348],[-71.8919,-47.2273]]]}},
{"type":"Feature","properties":{"name":"Belgrano","georefId":"82007","provinciaGeorefId":"82","tipo":"Departamento"},"geometry":{"type":"Polygon","coordinates":[[[-61.7484,-32.337],[-61.7746,-32.3322],[-61.8018,-32.3273],[-61.8326,-32.3217],[-61.9124,-32.3072],[-61.9037,-32.3275],[-62.0123,-32.3455],[-61.984,-32.3938],[-61.9439,-32.4391],[-61.9145,-32.4947],[-61.9207,-32.5061],[-61.9121,-32.5265],[-61.9295,-32.5364],[-61.9306,-32.5445],[-61.9231,-32.5519],[-61.9051,-32.5525],[-61.9025,-32.5686],[-61.926,-32.583],[-61.9224,-32.5932],[-61.8907,-32.592],[-61.8904,-32.6144],[-61.9462,-32.651],[-61.9466,-32.6785],[-61.9074,-32.6957],[-61.858,-32.6946],[-61.8284,-32.7545],[-61.8102,-32.7594],[-61.7858,-32.7956],[-61.7777,-32.8304],[-61.7928,-32.8732],[-61.7716,-32.9015],[-61.791,-32.9584],[-61.7876,-33.0055],[-61.7938,-33.0141],[-61.794,-33.0142],[-61.7942,-33.0141],[-61.7947,-33.0142],[-61.7948,-33.0142],[-61.7688,-33.0519],[-61.7129,-33.0905],[-61.6424,-32.8833],[-61.6184,-32.8702],[-61.5183,-32.8491],[-61.5328,-32.8466],[-61.4713,-32.5796],[-61.4848,-32.5771],[-61.4377,-32.3938],[-61.4952,-32.3833],[-61.7484,-32.337]]]}},
{"type":"Feature","properties":{"name":"Caseros","georefId":"82014","provinciaGeorefId":"82","tipo":"Departamento"},"geometry":{"type":"Polygon","coordinates":[[[-61.075,-33.4191],[-61.1296,-33.3493],[-61.0991,-33.3327],[-61.1686,-33.2439],[-61.1326,-33.2314],[-61.1548,-33.1647],[-61.1068,-33.1561],[-61.0619,-33.09],[-61.2072,-32.9027],[-61.2462,-32.9432],[-61.2363,-32.9512],[-61.2952,-32.9792],[-61.2968,-32.9869],[-61.3647,-33.0068],[-61.3738,-32.9985],[-61.4252,-33.015],[-61.4426,-33.0136],[-61.5478,-33.0431],[-61.5647,-33.0636],[-61.6357,-33.0667],[-61.6483,-33.0886],[-61.6566,-33.0841],[-61.6634,-33.0916],[-61.6763,-33.0821],[-61.6838,-33.0911],[-61.6847,-33.0916],[-61.6909,-33.092],[-61.6916,-33.0929],[-61.7129,-33.0905],[-61.7688,-33.0519],[-61.7948,-33.0142],[-61.7949,-33.0143],[-61.8611,-33.0684],[-61.8966,-33.1125],[-61.9232,-33.1196],[-62.0634,-33.3071],[-62.1244,-33.3887],[-62.1311,-33.3976],[-62.1312,-33.3977],[-62.0159,-33.4179],[-62.0134,-33.4081],[-61.9821,-33.4136],[-61.9794,-33.4028],[-61.928,-33.4119],[-61.9693,-33.4339],[-61.9103,-33.5112],[-61.6744,-33.3777],[-61.7037,-33.3393],[-61.6072,-33.2872],[-61.5163,-33.4056],[-61.4706,-33.3807],[-61.4524,-33.4045],[-61.383,-33.3667],[-61.3138,-33.3291],[-61.1888,-33.4916],[-61.075,-33.4191]]]}},
{"type":"Feature","properties":{"name":"Castellanos","georefId":"82021","provinciaGeorefId":"82","tipo":"Departamento"},"geometry":{"type":"Polygon","coordinates":[[[-61.2098,-30.748],[-61.4231,-30.7117],[-61.4381,-30.7761],[-61.6553,-30.7375],[-61.6661,-30.7825],[-61.8441,-30.7506],[-61.8448,-30.7529],[-62.1235,-31.6054],[-62.1366,-31.6159],[-62.1394,-31.6181],[-62.1397,-31.6183],[-62.0221,-31.64],[-62.0303,-31.6736],[-61.997,-31.6795],[-61.9533,-31.6876],[-61.9394,-31.69],[-61.7082,-31.731],[-61.7127,-31.7496],[-61.6137,-31.7677],[-61.6132,-31.7545],[-61.5414,-31.7676],[-61.4993,-31.5883],[-61.45,-31.597],[-61.4293,-31.5329],[-61.3916,-31.5393],[-61.2098,-30.748]]]}},
{"type":"Feature","properties":{"name":"Constitución","georefId":"82028","provinciaGeorefId":"82","tipo":"Departamento"},"geometry":{"type":"Polygon","coordinates":[[[-60.3429,-33.1779],[-60.344,-33.1824],[-60.3452,-33.1844],[-60.3333,-33.2146],[-60.4026,-33.2027],[-60.4148,-33.2218],[-60.4591,-33.2574],[-60.4602,-33.2717],[-60.4915,-33.3151],[-60.5132,-33.3178],[-60.5119,-33.3241],[-60.5335,-33.3391],[-60.5797,-33.3619],[-60.6157,-33.3595],[-60.6566,-33.339],[-60.6826,-33.3354],[-60.7012,-33.3254],[-60.7113,-33.3074],[-60.7392,-33.3143],[-60.7612,-33.3102],[-60.8043,-33.266],[-60.83,-33.2701],[-60.8604,-33.2876],[-60.889,-33.2901],[-60.9069,-33.3062],[-60.9241,-33.3397],[-60.9402,-33.3631],[-60.9768,-33.378],[-60.9897,-33.3946],[-61.0457,-33.413],[-61.0668,-33.4294],[-61.075,-33.4191],[-61.1888,-33.4916],[-61.3138,-33.3291],[-61.383,-33.3667],[-61.3471,-33.4131],[-61.4163,-33.4508],[-61.2323,-33.6885],[-61.2243,-33.6987],[-61.2184,-33.7064],[-61.2126,-33.7139],[-61.1534,-33.79],[-61.1651,-33.7948],[-61.1251,-33.8339],[-61.1029,-33.8132],[-60.934,-33.6547],[-60.9219,-33.6371],[-60.92,-33.5931],[-60.9111,-33.581],[-60.8671,-33.5483],[-60.8182,-33.5403],[-60.782,-33.579],[-60.7556,-33.588],[-60.6846,-33.5852],[-60.6648,-33.5923],[-60.6192,-33.6287],[-60.6018,-33.6274],[-60.5569,-33.6466],[-60.5283,-33.6489],[-60.4634,-33.6346],[-60.4575,-33.5983],[-60.4574,-33.5824],[-60.4185,-33.5585],[-60.4138,-33.5448],[-60.4238,-33.5284],[-60.4102,-33.4679],[-60.3353,-33.4121],[-60.3217,-33.3737],[-60.324,-33.3508],[-60.2829,-33.3137],[-60.2761,-33.2907],[-60.2646,-33.2813],[-60.2724,-33.2635],[-60.2524,-33.2754],[-60.2595,-33.2619],[-60.2978,-33.2423],[-60.2988,-33.2266],[-60.2845,-33.2099],[-60.2916,-33.1942],[-60.2932,-33.1928],[-60.2943,-33.1918],[-60.3109,-33.1804],[-60.3414,-33.1777],[-60.3429,-33.1779]]]}},
{"type":"Feature","properties":{"name":"Garay","georefId":"82035","provinciaGeorefId":"82","tipo":"Departamento"},"geometry":{"type":"Polygon","coordinates":[[[-59.6362,-30.7021],[-60.2049,-30.6507],[-60.2122,-30.6886],[-60.2243,-30.6982],[-60.2279,-30.7171],[-60.2395,-30.7208],[-60.2477,-30.7417],[-60.2417,-30.7625],[-60.256,-30.7689],[-60.2475,-30.7931],[-60.2578,-30.8099],[-60.2473,-30.8262],[-60.2476,-30.8564],[-60.2503,-30.8645],[-60.2586,-30.8641],[-60.2766,-30.8497],[-60.2846,-30.8581],[-60.2857,-30.9143],[-60.2955,-30.9283],[-60.3036,-30.9283],[-60.2999,-30.9762],[-60.3188,-30.9859],[-60.3131,-30.995],[-60.3323,-31.0164],[-60.3206,-31.042],[-60.3597,-31.0916],[-60.3691,-31.1154],[-60.3569,-31.1244],[-60.3656,-31.1336],[-60.3712,-31.1309],[-60.3734,-31.142],[-60.3912,-31.1399],[-60.4043,-31.152],[-60.4199,-31.1542],[-60.4209,-31.1642],[-60.4411,-31.1674],[-60.4428,-31.1967],[-60.4543,-31.204],[-60.4495,-31.2131],[-60.4552,-31.2417],[-60.465,-31.2494],[-60.4552,-31.2607],[-60.4981,-31.3011],[-60.4986,-31.3097],[-60.4737,-31.3395],[-60.5092,-31.3862],[-60.5025,-31.4187],[-60.5588,-31.458],[-60.5486,-31.457],[-60.5317,-31.4693],[-60.5108,-31.469],[-60.5068,-31.4846],[-60.4935,-31.4783],[-60.4784,-31.4935],[-60.4235,-31.5006],[-60.3908,-31.4965],[-60.3958,-31.5064],[-60.3804,-31.5158],[-60.3611,-31.5116],[-60.3435,-31.4975],[-60.333,-31.5156],[-60.3019,-31.5342],[-60.3018,-31.5342],[-60.244,-31.5304],[-60.2247,-31.5083],[-60.2124,-31.4678],[-60.1435,-31.4436],[-60.1384,-31.4134],[-60.0961,-31.3706],[-60.0868,-31.347],[-60.1101,-31.2969],[-60.0134,-31.2507],[-59.985,-31.1941],[-59.984,-31.1874],[-59.9838,-31.1864],[-59.9833,-31.1786],[-59.9844,-31.1699],[-59.9848,-31.1664],[-59.9842,-31.1607],[-59.9833,-31.1557],[-59.9828,-31.1547],[-59.9821,-31.1534],[-59.9673,-31.1256],[-59.9654,-31.1229],[-59.952,-31.1115],[-59.9479,-31.1094],[-59.9422,-31.1079],[-59.9416,-31.1079],[-59.934,-31.1077],[-59.9254,-31.1051],[-59.9135,-31.0943],[-59.9028,-31.0848],[-59.8872,-31.0665],[-59.8848,-31.0643],[-59.8846,-31.0641],[-59.8798,-31.0584],[-59.8695,-31.0414],[-59.8649,-31.0333],[-59.8487,-31.0049],[-59.846,-30.9999],[-59.8364,-30.9829],[-59.8343,-30.9806],[-59.8304,-30.9765],[-59.8261,-30.9717],[-59.8249,-30.9691],[-59.8247,-30.9687],[-59.8237,-30.9658],[-59.8193,-30.9549],[-59.8182,-30.9425],[-59.805,-30.9321],[-59.8005,-30.929],[-59.7877,-30.919],[-59.7779,-30.913],[-59.7701,-30.9057],[-59.7687,-30.9048],[-59.7401,-30.8826],[-59.738,-30.8802],[-59.734,-30.8749],[-59.7308,-30.8683],[-59.7235,-30.8569],[-59.7218,-30.8528],[-59.7161,-30.8462],[-59.7157,-30.8455],[-59.7085,-30.8275],[-59.708,-30.8259],[-59.7049,-30.8174],[-59.7015,-30.8012],[-59.7025,-30.7922],[-59.6994,-30.7691],[-59.6839,-30.7591],[-59.6756,-30.755],[-59.6652,-30.7489],[-59.6592,-30.7445],[-59.6381,-30.7236],[-59.6333,-30.7139],[-59.6332,-30.7082],[-59.6336,-30.7073],[-59.635,-30.7046],[-59.6362,-30.7021]]]}},
{"type":"Feature","properties":{"name":"General López","georefId":"82042","provinciaGeorefId":"82","tipo":"Departamento"},"geometry":{"type":"Polygon","coordinates":[[[-61.383,-33.3667],[-61.4524,-33.4045],[-61.4706,-33.3807],[-61.5163,-33.4056],[-61.6072,-33.2872],[-61.7037,-33.3393],[-61.6744,-33.3777],[-61.9103,-33.5112],[-61.9693,-33.4339],[-61.928,-33.4119],[-61.9794,-33.4028],[-61.9821,-33.4136],[-62.0134,-33.4081],[-62.0159,-33.4179],[-62.1312,-33.3977],[-62.1316,-33.3981],[-62.5443,-33.9432],[-62.8839,-34.3865],[-62.2691,-34.3858],[-61.8161,-34.3856],[-61.7198,-34.3856],[-61.6484,-34.3195],[-61.3314,-34.0257],[-61.1252,-33.834],[-61.1251,-33.8339],[-61.1651,-33.7948],[-61.1534,-33.79],[-61.2126,-33.7139],[-61.2184,-33.7064],[-61.2243,-33.6987],[-61.2323,-33.6885],[-61.4163,-33.4508],[-61.3471,-33.4131],[-61.383,-33.3667]]]}},
{"type":"Feature","properties":{"name":"General Obligado","georefId":"82049","provinciaGeorefId":"82","tipo":"Departamento"},"geometry":{"type":"Polygon","coordinates":[[[-58.8808,-28.0668],[-58.8937,-28.0353],[-58.884,-28],[-59.4012,-28.0001],[-59.7849,-28.0014],[-59.8111,-28.0013],[-59.8112,-28.0013],[-59.811,-28.1046],[-59.7902,-28.1045],[-59.7904,-28.2508],[-59.8763,-28.2516],[-59.8787,-28.3318],[-59.8583,-28.3786],[-59.7984,-28.3791],[-59.7985,-28.4338],[-59.7911,-28.4485],[-59.7651,-28.4558],[-59.7698,-28.4739],[-59.7889,-28.4866],[-59.7947,-28.5182],[-59.8109,-28.528],[-59.8182,-28.5632],[-59.8099,-28.5804],[-59.8126,-28.6009],[-59.8012,-28.6165],[-59.8172,-28.6245],[-59.8129,-28.6407],[-59.796,-28.6438],[-59.7835,-28.6624],[-59.7764,-28.6623],[-59.7811,-28.677],[-59.7728,-28.6794],[-59.7928,-28.6979],[-59.7851,-28.7013],[-59.7949,-28.7084],[-59.7786,-28.7173],[-59.7873,-28.7236],[-59.7834,-28.7293],[-59.8012,-28.737],[-59.7975,-28.7546],[-59.8046,-28.7577],[-59.7925,-28.7596],[-59.7955,-28.7665],[-59.7866,-28.7625],[-59.7735,-28.7686],[-59.7713,-28.787],[-59.7557,-28.7902],[-59.7566,-28.8137],[-59.749,-28.8134],[-59.7584,-28.8199],[-59.7535,-28.8258],[-59.7623,-28.8384],[-59.9618,-28.8075],[-59.9779,-28.8917],[-60.0197,-28.8861],[-60.042,-29.0117],[-59.9998,-29.0176],[-60.001,-29.0305],[-59.988,-29.0325],[-59.9902,-29.0459],[-60.0007,-29.0444],[-60.0052,-29.0727],[-60.085,-29.0609],[-60.0939,-29.0508],[-60.1093,-29.0485],[-60.07,-29.0804],[-60.0799,-29.1368],[-60.0623,-29.1694],[-60.0412,-29.1897],[-60.0359,-29.226],[-60.0173,-29.2427],[-60.0284,-29.2791],[-60.0108,-29.3026],[-60.0144,-29.313],[-60.0439,-29.3261],[-60.0409,-29.3362],[-60.0693,-29.3706],[-59.7788,-29.4152],[-59.7684,-29.4426],[-59.7404,-29.4553],[-59.7357,-29.4655],[-59.721,-29.4608],[-59.715,-29.4709],[-59.7198,-29.4879],[-59.7063,-29.4864],[-59.7071,-29.4779],[-59.7012,-29.4818],[-59.6889,-29.4725],[-59.6709,-29.473],[-59.6565,-29.4597],[-59.6618,-29.4466],[-59.5809,-29.4742],[-59.5824,-29.45],[-59.6052,-29.4088],[-59.6043,-29.3947],[-59.594,-29.3825],[-59.5611,-29.3703],[-59.5198,-29.3432],[-59.5087,-29.2508],[-59.4902,-29.2381],[-59.4423,-29.2235],[-59.4078,-29.2214],[-59.3968,-29.1905],[-59.3468,-29.1144],[-59.2753,-29.0996],[-59.2344,-29.0714],[-59.2342,-29.0713],[-59.1997,-29.0315],[-59.2095,-28.969],[-59.1952,-28.938],[-59.1697,-28.9088],[-59.1581,-28.8774],[-59.1605,-28.7948],[-59.1427,-28.7745],[-59.1181,-28.7432],[-59.0786,-28.6675],[-59.105,-28.6339],[-59.1007,-28.5801],[-59.0843,-28.5392],[-59.0577,-28.5128],[-59.0489,-28.4933],[-59.0605,-28.4629],[-59.086,-28.436],[-59.0762,-28.3653],[-59.081,-28.3473],[-59.1035,-28.3288],[-59.1095,-28.2297],[-59.0877,-28.2017],[-59.0876,-28.1718],[-59.0624,-28.1281],[-58.9997,-28.1394],[-58.953,-28.1371],[-58.8808,-28.0668]]]}},
{"type":"Feature","properties":{"name":"Iriondo","georefId":"82056","provinciaGeorefId":"82","tipo":"Departamento"},"geometry":{"type":"Polygon","coordinates":[[[-60.8278,-32.4583],[-60.8676,-32.4516],[-60.8967,-32.4675],[-61.1909,-32.4314],[-61.1928,-32.4388],[-61.4377,-32.3938],[-61.4848,-32.5771],[-61.4713,-32.5796],[-61.5328,-32.8466],[-61.5183,-32.8491],[-61.6184,-32.8702],[-61.6424,-32.8833],[-61.7129,-33.0905],[-61.6916,-33.0929],[-61.6909,-33.092],[-61.6847,-33.0916],[-61.6838,-33.0911],[-61.6763,-33.0821],[-61.6634,-33.0916],[-61.6566,-33.0841],[-61.6483,-33.0886],[-61.6357,-33.0667],[-61.5647,-33.0636],[-61.5478,-33.0431],[-61.4426,-33.0136],[-61.4252,-33.015],[-61.3738,-32.9985],[-61.3647,-33.0068],[-61.2968,-32.9869],[-61.2952,-32.9792],[-61.2363,-32.9512],[-61.2462,-32.9432],[-61.2072,-32.9027],[-61.1981,-32.8917],[-61.1993,-32.878],[-61.171,-32.8524],[-61.0625,-32.8025],[-61.0525,-32.7881],[-61.0547,-32.77],[-61.0341,-32.7521],[-60.9951,-32.6942],[-60.9834,-32.6961],[-60.9698,-32.6869],[-60.8886,-32.6689],[-60.8744,-32.6803],[-60.8403,-32.6482],[-60.8126,-32.6378],[-60.8191,-32.6175],[-60.8424,-32.5907],[-60.846,-32.5386],[-60.8529,-32.5336],[-60.8469,-32.5231],[-60.8602,-32.5021],[-60.85,-32.4875],[-60.8557,-32.4745],[-60.8278,-32.4583]]]}},
{"type":"Feature","properties":{"name":"La Capital","georefId":"82063","provinciaGeorefId":"82","tipo":"Departamento"},"geometry":{"type":"Polygon","coordinates":[[[-60.4495,-31.2131],[-60.5738,-31.188],[-60.5583,-31.1689],[-60.5493,-31.1323],[-60.6703,-31.112],[-60.6579,-31.0421],[-60.8142,-31.0151],[-60.8045,-31.0281],[-60.8113,-31.0259],[-60.8247,-31.0415],[-60.828,-31.0324],[-60.8417,-31.0426],[-60.8343,-31.0486],[-60.8372,-31.0585],[-60.8464,-31.055],[-60.8449,-31.064],[-60.82,-31.0816],[-60.8283,-31.0854],[-60.8277,-31.0954],[-60.8198,-31.0877],[-60.8065,-31.1018],[-60.8029,-31.0904],[-60.7827,-31.0925],[-60.7851,-31.1073],[-60.7762,-31.1087],[-60.7919,-31.1191],[-60.7824,-31.1177],[-60.7804,-31.1273],[-60.7915,-31.134],[-60.8121,-31.1322],[-60.8124,-31.1475],[-60.826,-31.1444],[-60.821,-31.1541],[-60.8333,-31.155],[-60.8364,-31.1629],[-60.8292,-31.1664],[-60.8381,-31.1713],[-60.8298,-31.1765],[-60.8432,-31.1755],[-60.8488,-31.1824],[-60.8359,-31.2096],[-60.8457,-31.2259],[-60.8535,-31.224],[-60.8546,-31.2348],[-60.8605,-31.2336],[-60.8572,-31.2423],[-60.8932,-31.2433],[-60.8851,-31.2519],[-60.9019,-31.2539],[-60.894,-31.2583],[-60.8962,-31.2656],[-60.9101,-31.268],[-60.9084,-31.2766],[-60.9179,-31.2738],[-60.9117,-31.2785],[-60.92,-31.2828],[-60.9158,-31.295],[-60.9029,-31.3071],[-60.9173,-31.3155],[-60.9122,-31.3213],[-60.9178,-31.3354],[-60.9288,-31.3373],[-60.925,-31.3461],[-60.9399,-31.3515],[-60.9198,-31.3567],[-60.9121,-31.3715],[-60.8949,-31.3696],[-60.9017,-31.3828],[-60.8941,-31.3845],[-60.8846,-31.382],[-60.8856,-31.3706],[-60.8778,-31.3674],[-60.8653,-31.3715],[-60.8642,-31.3794],[-60.8442,-31.3635],[-60.8363,-31.3668],[-60.8422,-31.3604],[-60.8273,-31.3576],[-60.8297,-31.35],[-60.8196,-31.3585],[-60.8156,-31.3513],[-60.8108,-31.3598],[-60.8086,-31.3509],[-60.8059,-31.3574],[-60.789,-31.3541],[-60.7898,-31.3662],[-60.7827,-31.3698],[-60.7943,-31.3769],[-60.7856,-31.3781],[-60.8081,-31.3836],[-60.8101,-31.3926],[-60.7988,-31.4023],[-60.8121,-31.4062],[-60.8001,-31.4179],[-60.8052,-31.4282],[-60.7916,-31.4238],[-60.7836,-31.4514],[-60.773,-31.4502],[-60.7798,-31.4567],[-60.7684,-31.4671],[-60.7785,-31.4647],[-60.7809,-31.4706],[-60.7686,-31.4736],[-60.7832,-31.4852],[-60.7829,-31.4955],[-60.776,-31.4967],[-60.7969,-31.5039],[-60.7868,-31.5129],[-60.8021,-31.5187],[-60.7918,-31.5218],[-60.7935,-31.537],[-60.7885,-31.5392],[-60.7913,-31.5323],[-60.7807,-31.5445],[-60.7677,-31.5469],[-60.778,-31.569],[-60.7611,-31.5655],[-60.7573,-31.5762],[-60.7657,-31.5814],[-60.757,-31.5824],[-60.7669,-31.5923],[-60.7533,-31.6047],[-60.8289,-31.5897],[-60.8128,-31.6545],[-60.8679,-31.6745],[-60.9046,-31.6972],[-60.9145,-31.7376],[-60.95,-31.7298],[-60.9782,-31.8003],[-60.853,-31.8211],[-60.8328,-31.7868],[-60.82,-31.7913],[-60.8354,-31.812],[-60.8281,-31.8377],[-60.8304,-31.8486],[-60.8409,-31.8535],[-60.8371,-31.8674],[-60.8194,-31.8821],[-60.762,-31.8692],[-60.753,-31.8781],[-60.7463,-31.8678],[-60.7313,-31.8657],[-60.7476,-31.9085],[-60.7227,-31.9722],[-60.7218,-31.9662],[-60.6719,-31.9302],[-60.6572,-31.9113],[-60.6607,-31.8512],[-60.6755,-31.8172],[-60.6655,-31.7977],[-60.6386,-31.7875],[-60.6441,-31.7579],[-60.6388,-31.742],[-60.5972,-31.7144],[-60.5374,-31.6999],[-60.4676,-31.6983],[-60.3963,-31.643],[-60.3347,-31.6126],[-60.3257,-31.5867],[-60.3399,-31.5552],[-60.3257,-31.5419],[-60.3171,-31.5381],[-60.3076,-31.5355],[-60.306,-31.5351],[-60.3021,-31.5342],[-60.3019,-31.5342],[-60.333,-31.5156],[-60.3435,-31.4975],[-60.3611,-31.5116],[-60.3804,-31.5158],[-60.3958,-31.5064],[-60.3908,-31.4965],[-60.4235,-31.5006],[-60.4784,-31.4935],[-60.4935,-31.4783],[-60.5068,-31.4846],[-60.5108,-31.469],[-60.5317,-31.4693],[-60.5486,-31.457],[-60.5588,-31.458],[-60.5025,-31.4187],[-60.5092,-31.3862],[-60.4737,-31.3395],[-60.4986,-31.3097],[-60.4981,-31.3011],[-60.4552,-31.2607],[-60.465,-31.2494],[-60.4552,-31.2417],[-60.4495,-31.2131]]]}},
{"type":"Feature","properties":{"name":"Las Colonias","georefId":"82070","provinciaGeorefId":"82","tipo":"Departamento"},"geometry":{"type":"Polygon","coordinates":[[[-60.819,-30.801],[-60.8393,-30.7823],[-60.8854,-30.7629],[-60.894,-30.7317],[-60.9078,-30.7147],[-60.9035,-30.7086],[-60.926,-30.7077],[-60.8925,-30.6693],[-61.079,-30.6385],[-61.0764,-30.6271],[-61.1785,-30.6097],[-61.2098,-30.748],[-61.3916,-31.5393],[-61.4293,-31.5329],[-61.45,-31.597],[-61.4993,-31.5883],[-61.5414,-31.7676],[-61.5588,-31.8501],[-61.3976,-31.8784],[-61.3928,-31.858],[-61.39,-31.8467],[-61.3634,-31.8411],[-61.3547,-31.8298],[-61.2983,-31.8402],[-61.3008,-31.8319],[-61.1959,-31.8518],[-61.1834,-31.8824],[-61.1702,-31.8314],[-60.9931,-31.8643],[-60.9782,-31.8003],[-60.95,-31.7298],[-60.9145,-31.7376],[-60.9046,-31.6972],[-60.8679,-31.6745],[-60.8128,-31.6545],[-60.8289,-31.5897],[-60.7533,-31.6047],[-60.7669,-31.5923],[-60.757,-31.5824],[-60.7657,-31.5814],[-60.7573,-31.5762],[-60.7611,-31.5655],[-60.778,-31.569],[-60.7677,-31.5469],[-60.7807,-31.5445],[-60.7913,-31.5323],[-60.7885,-31.5392],[-60.7935,-31.537],[-60.7918,-31.5218],[-60.8021,-31.5187],[-60.7868,-31.5129],[-60.7969,-31.5039],[-60.776,-31.4967],[-60.7829,-31.4955],[-60.7832,-31.4852],[-60.7686,-31.4736],[-60.7809,-31.4706],[-60.7785,-31.4647],[-60.7684,-31.4671],[-60.7798,-31.4567],[-60.773,-31.4502],[-60.7836,-31.4514],[-60.7916,-31.4238],[-60.8052,-31.4282],[-60.8001,-31.4179],[-60.8121,-31.4062],[-60.7988,-31.4023],[-60.8101,-31.3926],[-60.8081,-31.3836],[-60.7856,-31.3781],[-60.7943,-31.3769],[-60.7827,-31.3698],[-60.7898,-31.3662],[-60.789,-31.3541],[-60.8059,-31.3574],[-60.8086,-31.3509],[-60.8108,-31.3598],[-60.8156,-31.3513],[-60.8196,-31.3585],[-60.8297,-31.35],[-60.8273,-31.3576],[-60.8422,-31.3604],[-60.8363,-31.3668],[-60.8442,-31.3635],[-60.8642,-31.3794],[-60.8653,-31.3715],[-60.8778,-31.3674],[-60.8856,-31.3706],[-60.8846,-31.382],[-60.8941,-31.3845],[-60.9017,-31.3828],[-60.8949,-31.3696],[-60.9121,-31.3715],[-60.9198,-31.3567],[-60.9399,-31.3515],[-60.925,-31.3461],[-60.9288,-31.3373],[-60.9178,-31.3354],[-60.9122,-31.3213],[-60.9173,-31.3155],[-60.9029,-31.3071],[-60.9158,-31.295],[-60.92,-31.2828],[-60.9117,-31.2785],[-60.9179,-31.2738],[-60.9084,-31.2766],[-60.9101,-31.268],[-60.8962,-31.2656],[-60.894,-31.2583],[-60.9019,-31.2539],[-60.8851,-31.2519],[-60.8932,-31.2433],[-60.8572,-31.2423],[-60.8605,-31.2336],[-60.8546,-31.2348],[-60.8535,-31.224],[-60.8457,-31.2259],[-60.8359,-31.2096],[-60.8488,-31.1824],[-60.8432,-31.1755],[-60.8298,-31.1765],[-60.8381,-31.1713],[-60.8292,-31.1664],[-60.8364,-31.1629],[-60.8333,-31.155],[-60.821,-31.1541],[-60.826,-31.1444],[-60.8124,-31.1475],[-60.8121,-31.1322],[-60.7915,-31.134],[-60.7804,-31.1273],[-60.7824,-31.1177],[-60.7919,-31.1191],[-60.7762,-31.1087],[-60.7851,-31.1073],[-60.7827,-31.0925],[-60.8029,-31.0904],[-60.8065,-31.1018],[-60.8198,-31.0877],[-60.8277,-31.0954],[-60.8283,-31.0854],[-60.82,-31.0816],[-60.8449,-31.064],[-60.8464,-31.055],[-60.8372,-31.0585],[-60.8343,-31.0486],[-60.8417,-31.0426],[-60.828,-31.0324],[-60.8247,-31.0415],[-60.8113,-31.0259],[-60.8045,-31.0281],[-60.8142,-31.0151],[-60.8346,-31.0137],[-60.8358,-31.0064],[-60.8432,-31.0102],[-60.8599,-30.9984],[-60.8524,-30.9906],[-60.8438,-30.9987],[-60.8433,-30.9848],[-60.8333,-30.9899],[-60.8387,-30.9808],[-60.8259,-30.9804],[-60.8336,-30.9756],[-60.8323,-30.9636],[-60.8369,-30.9667],[-60.8259,-30.9549],[-60.8358,-30.9519],[-60.8303,-30.9481],[-60.836,-30.9347],[-60.8264,-30.9329],[-60.8304,-30.9277],[-60.8236,-30.9288],[-60.8219,-30.9183],[-60.8402,-30.9182],[-60.8531,-30.9016],[-60.8488,-30.8957],[-60.833,-30.8868],[-60.8133,-30.8978],[-60.8116,-30.8888],[-60.8053,-30.8935],[-60.8025,-30.8868],[-60.7882,-30.8927],[-60.7763,-30.8884],[-60.7927,-30.8684],[-60.7913,-30.8566],[-60.8046,-30.8539],[-60.7965,-30.8501],[-60.8027,-30.8429],[-60.8109,-30.8445],[-60.8042,-30.8351],[-60.8175,-30.8363],[-60.8236,-30.8207],[-60.8341,-30.8233],[-60.8236,-30.8182],[-60.8301,-30.8051],[-60.819,-30.801]]]}},
{"type":"Feature","properties":{"name":"9 de Julio","georefId":"82077","provinciaGeorefId":"82","tipo":"Departamento"},"geometry":{"type":"Polygon","coordinates":[[[-60.9091,-27.9983],[-61.712,-27.9986],[-61.772,-28.3571],[-61.8572,-28.8664],[-61.9499,-29.4158],[-61.9663,-29.5122],[-61.9917,-29.6616],[-61.9279,-29.6621],[-61.9421,-29.7406],[-61.907,-29.7785],[-61.749,-29.7835],[-61.7472,-29.7754],[-61.3537,-29.8396],[-61.2824,-29.5164],[-61.2565,-29.5252],[-61.2517,-29.5366],[-61.2368,-29.5379],[-61.2368,-29.5459],[-61.2255,-29.5406],[-61.2177,-29.5473],[-61.2021,-29.54],[-61.193,-29.5442],[-61.2042,-29.5462],[-61.2028,-29.5519],[-61.1804,-29.5485],[-61.1688,-29.5582],[-61.1484,-29.5553],[-61.1359,-29.5725],[-61.123,-29.5676],[-61.1162,-29.5779],[-61.1048,-29.5798],[-61.1091,-29.5927],[-61.0964,-29.6053],[-61.1046,-29.6079],[-61.0926,-29.6155],[-61.1033,-29.6192],[-61.093,-29.6206],[-61.0828,-29.6353],[-61.0814,-29.5742],[-60.9541,-28.9193],[-60.8984,-28.5821],[-60.889,-28.5752],[-60.8299,-28.2736],[-60.7486,-28.2217],[-60.7477,-28.0993],[-60.6446,-28.1002],[-60.6444,-27.9998],[-60.9091,-27.9983]]]}},
{"type":"Feature","properties":{"name":"Rosario","georefId":"82084","provinciaGeorefId":"82","tipo":"Departamento"},"geometry":{"type":"Polygon","coordinates":[[[-60.6589,-32.8339],[-60.7815,-32.8387],[-60.7818,-32.8328],[-60.8091,-32.8294],[-60.8186,-32.8347],[-60.8426,-32.8203],[-60.8739,-32.8402],[-60.8456,-32.877],[-60.8611,-32.8855],[-60.8779,-32.9533],[-61.0086,-32.9299],[-60.9678,-32.9827],[-60.975,-32.9865],[-60.9682,-32.9953],[-60.9583,-32.9913],[-60.9383,-33.0178],[-60.9733,-33.0175],[-60.9698,-33.0219],[-60.9913,-33.0333],[-60.9607,-33.074],[-60.9141,-33.0493],[-60.9016,-33.0668],[-60.9168,-33.0753],[-60.9053,-33.0907],[-60.9122,-33.0946],[-60.8803,-33.1238],[-60.9425,-33.1555],[-60.9459,-33.2011],[-60.9817,-33.1922],[-60.9958,-33.2324],[-60.9821,-33.245],[-61.0016,-33.2474],[-60.9662,-33.2859],[-60.9611,-33.2924],[-60.9485,-33.3087],[-60.9279,-33.3349],[-60.9241,-33.3397],[-60.9069,-33.3062],[-60.889,-33.2901],[-60.8604,-33.2876],[-60.83,-33.2701],[-60.8043,-33.266],[-60.7612,-33.3102],[-60.7392,-33.3143],[-60.7113,-33.3074],[-60.7012,-33.3254],[-60.6826,-33.3354],[-60.6566,-33.339],[-60.6157,-33.3595],[-60.5797,-33.3619],[-60.5335,-33.3391],[-60.5119,-33.3241],[-60.5132,-33.3178],[-60.4915,-33.3151],[-60.4602,-33.2717],[-60.4591,-33.2574],[-60.4148,-33.2218],[-60.4026,-33.2027],[-60.3333,-33.2146],[-60.3452,-33.1844],[-60.344,-33.1824],[-60.3429,-33.1779],[-60.3825,-33.1892],[-60.398,-33.1868],[-60.4285,-33.1714],[-60.4454,-33.1526],[-60.4934,-33.1314],[-60.5132,-33.1129],[-60.5544,-33.0536],[-60.6055,-32.9998],[-60.6202,-32.9479],[-60.6762,-32.8996],[-60.6814,-32.8716],[-60.665,-32.8551],[-60.6589,-32.8339]]]}},
{"type":"Feature","properties":{"name":"San Cristóbal","georefId":"82091","provinciaGeorefId":"82","tipo":"Departamento"},"geometry":{"type":"Polygon","coordinates":[[[-61.0828,-29.6353],[-61.093,-29.6206],[-61.1033,-29.6192],[-61.0926,-29.6155],[-61.1046,-29.6079],[-61.0964,-29.6053],[-61.1091,-29.5927],[-61.1048,-29.5798],[-61.1162,-29.5779],[-61.123,-29.5676],[-61.1359,-29.5725],[-61.1484,-29.5553],[-61.1688,-29.5582],[-61.1804,-29.5485],[-61.2028,-29.5519],[-61.2042,-29.5462],[-61.193,-29.5442],[-61.2021,-29.54],[-61.2177,-29.5473],[-61.2255,-29.5406],[-61.2368,-29.5459],[-61.2368,-29.5379],[-61.2517,-29.5366],[-61.2565,-29.5252],[-61.2824,-29.5164],[-61.3537,-29.8396],[-61.7472,-29.7754],[-61.749,-29.7835],[-61.907,-29.7785],[-61.9421,-29.7406],[-61.9279,-29.6621],[-61.9917,-29.6616],[-61.9917,-29.6618],[-61.9948,-29.6802],[-62.0164,-29.8071],[-62.0525,-30.0196],[-62.1307,-30.4804],[-61.8422,-30.7443],[-61.8441,-30.7504],[-61.8441,-30.7506],[-61.6661,-30.7825],[-61.6553,-30.7375],[-61.4381,-30.7761],[-61.4231,-30.7117],[-61.2098,-30.748],[-61.1785,-30.6097],[-61.0764,-30.6271],[-61.079,-30.6385],[-60.8925,-30.6693],[-60.926,-30.7077],[-60.9035,-30.7086],[-60.9078,-30.7147],[-60.894,-30.7317],[-60.8854,-30.7629],[-60.8393,-30.7823],[-60.819,-30.801],[-60.7943,-30.7829],[-60.7834,-30.7863],[-60.7835,-30.7998],[-60.7721,-30.8083],[-60.7663,-30.8023],[-60.7602,-30.8079],[-60.7455,-30.8019],[-60.7458,-30.7937],[-60.7302,-30.792],[-60.7281,-30.7806],[-60.7177,-30.7862],[-60.7232,-30.7766],[-60.7108,-30.7725],[-60.725,-30.7686],[-60.71,-30.7566],[-60.7131,-30.751],[-60.6909,-30.7471],[-60.688,-30.7583],[-60.679,-30.7447],[-60.6625,-30.7484],[-60.6558,-30.7414],[-60.6465,-30.7552],[-60.6232,-30.7471],[-60.6257,-30.7312],[-60.6115,-30.7234],[-60.6115,-30.7159],[-60.5987,-30.7142],[-60.6081,-30.703],[-60.593,-30.6897],[-60.6018,-30.6881],[-60.5911,-30.6661],[-60.5971,-30.6711],[-60.5965,-30.6634],[-60.6144,-30.6611],[-60.6019,-30.6519],[-60.6187,-30.6511],[-60.6224,-30.6407],[-60.608,-30.6346],[-60.6244,-30.6317],[-60.6173,-30.6223],[-60.6277,-30.6182],[-60.6144,-30.6072],[-60.6196,-30.5945],[-60.6274,-30.6034],[-60.6288,-30.5948],[-60.6417,-30.5939],[-60.6361,-30.5881],[-60.6464,-30.5861],[-60.6394,-30.579],[-60.6492,-30.5826],[-60.647,-30.5748],[-60.6641,-30.5713],[-60.6536,-30.565],[-60.6695,-30.5551],[-60.6613,-30.5504],[-60.6693,-30.5437],[-60.6721,-30.5528],[-60.6897,-30.5429],[-60.6812,-30.5361],[-60.6843,-30.5249],[-60.6751,-30.5197],[-60.686,-30.5156],[-60.6854,-30.5064],[-60.6738,-30.5151],[-60.6664,-30.502],[-60.6559,-30.5122],[-60.6567,-30.5],[-60.6473,-30.501],[-60.6555,-30.4894],[-60.6509,-30.4762],[-60.6379,-30.4795],[-60.6541,-30.4594],[-60.6457,-30.452],[-60.659,-30.4308],[-60.6464,-30.4277],[-60.6639,-30.4235],[-60.6537,-30.4175],[-60.6552,-30.4067],[-60.6654,-30.4064],[-60.6661,-30.3998],[-60.6529,-30.3977],[-60.6655,-30.3886],[-60.6737,-30.3953],[-60.6798,-30.3904],[-60.6698,-30.3791],[-60.6877,-30.3786],[-60.6718,-30.3722],[-60.6772,-30.3716],[-60.6691,-30.3592],[-60.6792,-30.3621],[-60.6814,-30.3544],[-60.6708,-30.3495],[-60.6726,-30.3422],[-60.65,-30.3426],[-60.657,-30.3042],[-60.6404,-30.3001],[-60.6533,-30.2743],[-60.6496,-30.2656],[-60.6594,-30.2581],[-60.6799,-30.2645],[-60.6857,-30.2527],[-60.698,-30.2526],[-60.7029,-30.2364],[-60.719,-30.2354],[-60.7115,-30.2214],[-60.7342,-30.1973],[-60.7198,-30.1902],[-60.7238,-30.1813],[-60.7012,-30.1429],[-60.7265,-30.1231],[-60.7392,-30.0888],[-60.7498,-30.0909],[-60.7521,-30.0797],[-60.7446,-30.0716],[-60.7514,-30.0572],[-60.7364,-30.0463],[-60.7386,-30.0229],[-60.7329,-30.0205],[-60.7293,-30.029],[-60.7181,-30.009],[-60.7181,-29.9848],[-60.7263,-29.9814],[-60.6972,-29.9721],[-60.6931,-29.961],[-60.7048,-29.9564],[-60.6976,-29.9453],[-60.7123,-29.9366],[-60.7204,-29.9102],[-60.7137,-29.9064],[-60.7192,-29.9004],[-60.7073,-29.8944],[-60.7117,-29.8871],[-60.6983,-29.8868],[-60.6993,-29.8753],[-60.7052,-29.8762],[-60.7088,-29.8616],[-60.7192,-29.8673],[-60.7188,-29.8461],[-60.7284,-29.8438],[-60.7445,-29.8073],[-60.7665,-29.7901],[-60.7699,-29.767],[-60.7627,-29.7628],[-60.7723,-29.7457],[-60.7774,-29.7527],[-60.8031,-29.7465],[-60.8182,-29.7657],[-60.821,-29.7591],[-60.8275,-29.7613],[-60.8259,-29.7516],[-60.8353,-29.7493],[-60.8262,-29.7371],[-60.8452,-29.7213],[-60.8437,-29.7021],[-60.8778,-29.7008],[-60.882,-29.6907],[-60.901,-29.6862],[-60.8989,-29.6773],[-60.907,-29.6835],[-60.9113,-29.6733],[-60.9121,-29.6796],[-60.9252,-29.679],[-60.9505,-29.6705],[-60.9688,-29.6785],[-60.9695,-29.6688],[-60.9864,-29.6723],[-60.9999,-29.6601],[-61.0097,-29.6671],[-61.0404,-29.6646],[-61.0444,-29.6567],[-61.0382,-29.6531],[-61.05,-29.6568],[-61.0592,-29.6468],[-61.06,-29.6551],[-61.0669,-29.6543],[-61.0715,-29.6442],[-61.0748,-29.6514],[-61.0828,-29.6353]]]}},
{"type":"Feature","properties":{"name":"San Javier","georefId":"82098","provinciaGeorefId":"82","tipo":"Departamento"},"geometry":{"type":"Polygon","coordinates":[[[-60.0693,-29.3706],[-60.0849,-29.3862],[-60.0783,-29.4055],[-60.1002,-29.4312],[-60.0983,-29.4675],[-60.1053,-29.483],[-60.0899,-29.5153],[-60.093,-29.5299],[-60.0828,-29.5347],[-60.0881,-29.5398],[-60.0797,-29.5937],[-60.085,-29.6347],[-60.0615,-29.6567],[-60.0001,-29.6547],[-59.9937,-29.7036],[-60.0071,-29.7246],[-59.9946,-29.7536],[-59.9986,-29.773],[-59.9799,-29.7848],[-59.9705,-29.8127],[-59.948,-29.8003],[-59.9108,-29.8001],[-59.8768,-29.813],[-59.8746,-29.8331],[-59.8895,-29.8342],[-59.8936,-29.8579],[-59.915,-29.8804],[-59.9264,-29.9151],[-59.9414,-29.9093],[-59.9647,-29.9286],[-59.9606,-29.9361],[-59.9889,-29.9288],[-59.9994,-29.9443],[-60.0207,-29.9518],[-60.02,-29.9618],[-60.0278,-29.9643],[-60.0173,-29.9757],[-60.0244,-29.9881],[-60.0355,-29.9882],[-60.0324,-30.0094],[-60.0443,-30.0098],[-60.0453,-30.0273],[-60.0856,-30.0305],[-60.0994,-30.0419],[-60.095,-30.0573],[-60.1033,-30.0674],[-60.0977,-30.0701],[-60.1201,-30.0765],[-60.1286,-30.0871],[-60.129,-30.097],[-60.1143,-30.1036],[-60.1166,-30.1215],[-60.1353,-30.1129],[-60.1595,-30.1201],[-60.1364,-30.1274],[-60.1187,-30.1338],[-60.1186,-30.1486],[-60.1319,-30.1748],[-60.15,-30.1855],[-60.1512,-30.2088],[-60.1677,-30.2185],[-60.159,-30.2292],[-60.175,-30.2418],[-60.1604,-30.2539],[-60.1669,-30.2557],[-60.1666,-30.2676],[-60.1731,-30.2644],[-60.1726,-30.2721],[-60.1803,-30.2724],[-60.1762,-30.2819],[-60.183,-30.2936],[-60.1944,-30.2929],[-60.1933,-30.301],[-60.2079,-30.2948],[-60.216,-30.307],[-60.206,-30.3098],[-60.2171,-30.3157],[-60.2138,-30.3196],[-60.1999,-30.3246],[-60.1946,-30.3187],[-60.2024,-30.3379],[-60.214,-30.3449],[-60.1983,-30.3553],[-60.1984,-30.3674],[-60.2254,-30.374],[-60.2295,-30.3859],[-60.2453,-30.391],[-60.2425,-30.4105],[-60.2553,-30.423],[-60.2639,-30.4272],[-60.2761,-30.4213],[-60.2743,-30.4322],[-60.2885,-30.4344],[-60.2989,-30.4527],[-60.3326,-30.4749],[-60.3378,-30.4835],[-60.3258,-30.4828],[-60.3246,-30.4965],[-60.3508,-30.51],[-60.3378,-30.5458],[-60.3398,-30.5688],[-60.3508,-30.5795],[-60.3588,-30.5781],[-60.364,-30.5939],[-60.3828,-30.6084],[-60.367,-30.6246],[-60.3454,-30.6322],[-60.3484,-30.6381],[-60.3331,-30.6552],[-60.3389,-30.6693],[-60.2122,-30.6886],[-60.2049,-30.6507],[-59.6362,-30.7021],[-59.6681,-30.676],[-59.6784,-30.6469],[-59.6459,-30.597],[-59.6514,-30.511],[-59.6839,-30.4461],[-59.7117,-30.4303],[-59.7234,-30.4117],[-59.7192,-30.3992],[-59.6888,-30.3911],[-59.6714,-30.3763],[-59.6717,-30.3387],[-59.6668,-30.3272],[-59.703,-30.3017],[-59.7108,-30.2703],[-59.6635,-30.2567],[-59.6366,-30.2375],[-59.6259,-30.2115],[-59.6313,-30.168],[-59.6161,-30.113],[-59.5695,-30.019],[-59.5664,-30.0043],[-59.5889,-29.9763],[-59.6047,-29.9027],[-59.6197,-29.8786],[-59.6556,-29.8534],[-59.6599,-29.8372],[-59.6175,-29.7758],[-59.6106,-29.7266],[-59.614,-29.6688],[-59.5999,-29.5836],[-59.5902,-29.5698],[-59.5811,-29.4765],[-59.5811,-29.4756],[-59.5809,-29.4742],[-59.6618,-29.4466],[-59.6565,-29.4597],[-59.6709,-29.473],[-59.6889,-29.4725],[-59.7012,-29.4818],[-59.7071,-29.4779],[-59.7063,-29.4864],[-59.7198,-29.4879],[-59.715,-29.4709],[-59.721,-29.4608],[-59.7357,-29.4655],[-59.7404,-29.4553],[-59.7684,-29.4426],[-59.7788,-29.4152],[-60.0693,-29.3706]]]}},
{"type":"Feature","properties":{"name":"San Jerónimo","georefId":"82105","provinciaGeorefId":"82","tipo":"Departamento"},"geometry":{"type":"Polygon","coordinates":[[[-60.7227,-31.9722],[-60.7476,-31.9085],[-60.7313,-31.8657],[-60.7463,-31.8678],[-60.753,-31.8781],[-60.762,-31.8692],[-60.8194,-31.8821],[-60.8371,-31.8674],[-60.8409,-31.8535],[-60.8304,-31.8486],[-60.8281,-31.8377],[-60.8354,-31.812],[-60.82,-31.7913],[-60.8328,-31.7868],[-60.853,-31.8211],[-60.9782,-31.8003],[-60.9931,-31.8643],[-61.1702,-31.8314],[-61.1834,-31.8824],[-61.1959,-31.8518],[-61.3008,-31.8319],[-61.2983,-31.8402],[-61.3547,-31.8298],[-61.3634,-31.8411],[-61.39,-31.8467],[-61.3928,-31.858],[-61.3478,-31.8666],[-61.3655,-31.9385],[-61.3715,-31.9628],[-61.3781,-31.9891],[-61.3554,-32.0827],[-61.3693,-32.1354],[-61.3919,-32.2103],[-61.448,-32.2],[-61.4952,-32.3833],[-61.4377,-32.3938],[-61.1928,-32.4388],[-61.1909,-32.4314],[-60.8967,-32.4675],[-60.8676,-32.4516],[-60.8278,-32.4583],[-60.8017,-32.4421],[-60.7944,-32.4533],[-60.8013,-32.4696],[-60.795,-32.4975],[-60.7691,-32.4968],[-60.7238,-32.4561],[-60.7116,-32.3931],[-60.719,-32.334],[-60.7069,-32.3236],[-60.679,-32.3195],[-60.6828,-32.2865],[-60.6726,-32.2326],[-60.6971,-32.1824],[-60.7004,-32.1498],[-60.6913,-32.1217],[-60.656,-32.0671],[-60.6637,-32.0384],[-60.6844,-32.0121],[-60.7207,-31.9852],[-60.7227,-31.9722]]]}},
{"type":"Feature","properties":{"name":"San Justo","georefId":"82112","provinciaGeorefId":"82","tipo":"Departamento"},"geometry":{"type":"Polygon","coordinates":[[[-60.1364,-30.1274],[-60.1327,-30.1374],[-60.1541,-30.1634],[-60.182,-30.1622],[-60.1851,-30.1465],[-60.1607,-30.1336],[-60.1566,-30.1242],[-60.1983,-30.1221],[-60.2121,-30.0677],[-60.2897,-30.03],[-60.2796,-29.9789],[-60.7204,-29.9102],[-60.7123,-29.9366],[-60.6976,-29.9453],[-60.7048,-29.9564],[-60.6931,-29.961],[-60.6972,-29.9721],[-60.7263,-29.9814],[-60.7181,-29.9848],[-60.7181,-30.009],[-60.7293,-30.029],[-60.7329,-30.0205],[-60.7386,-30.0229],[-60.7364,-30.0463],[-60.7514,-30.0572],[-60.7446,-30.0716],[-60.7521,-30.0797],[-60.7498,-30.0909],[-60.7392,-30.0888],[-60.7265,-30.1231],[-60.7012,-30.1429],[-60.7238,-30.1813],[-60.7198,-30.1902],[-60.7342,-30.1973],[-60.7115,-30.2214],[-60.719,-30.2354],[-60.7029,-30.2364],[-60.698,-30.2526],[-60.6857,-30.2527],[-60.6799,-30.2645],[-60.6594,-30.2581],[-60.6496,-30.2656],[-60.6533,-30.2743],[-60.6404,-30.3001],[-60.657,-30.3042],[-60.65,-30.3426],[-60.6726,-30.3422],[-60.6708,-30.3495],[-60.6814,-30.3544],[-60.6792,-30.3621],[-60.6691,-30.3592],[-60.6772,-30.3716],[-60.6718,-30.3722],[-60.6877,-30.3786],[-60.6698,-30.3791],[-60.6798,-30.3904],[-60.6737,-30.3953],[-60.6655,-30.3886],[-60.6529,-30.3977],[-60.6661,-30.3998],[-60.6654,-30.4064],[-60.6552,-30.4067],[-60.6537,-30.4175],[-60.6639,-30.4235],[-60.6464,-30.4277],[-60.659,-30.4308],[-60.6457,-30.452],[-60.6541,-30.4594],[-60.6379,-30.4795],[-60.6509,-30.4762],[-60.6555,-30.4894],[-60.6473,-30.501],[-60.6567,-30.5],[-60.6559,-30.5122],[-60.6664,-30.502],[-60.6738,-30.5151],[-60.6854,-30.5064],[-60.686,-30.5156],[-60.6751,-30.5197],[-60.6843,-30.5249],[-60.6812,-30.5361],[-60.6897,-30.5429],[-60.6721,-30.5528],[-60.6693,-30.5437],[-60.6613,-30.5504],[-60.6695,-30.5551],[-60.6536,-30.565],[-60.6641,-30.5713],[-60.647,-30.5748],[-60.6492,-30.5826],[-60.6394,-30.579],[-60.6464,-30.5861],[-60.6361,-30.5881],[-60.6417,-30.5939],[-60.6288,-30.5948],[-60.6274,-30.6034],[-60.6196,-30.5945],[-60.6144,-30.6072],[-60.6277,-30.6182],[-60.6173,-30.6223],[-60.6244,-30.6317],[-60.608,-30.6346],[-60.6224,-30.6407],[-60.6187,-30.6511],[-60.6019,-30.6519],[-60.6144,-30.6611],[-60.5965,-30.6634],[-60.5971,-30.6711],[-60.5911,-30.6661],[-60.6018,-30.6881],[-60.593,-30.6897],[-60.6081,-30.703],[-60.5987,-30.7142],[-60.6115,-30.7159],[-60.6115,-30.7234],[-60.6257,-30.7312],[-60.6232,-30.7471],[-60.6465,-30.7552],[-60.6558,-30.7414],[-60.6625,-30.7484],[-60.679,-30.7447],[-60.688,-30.7583],[-60.6909,-30.7471],[-60.7131,-30.751],[-60.71,-30.7566],[-60.725,-30.7686],[-60.7108,-30.7725],[-60.7232,-30.7766],[-60.7177,-30.7862],[-60.7281,-30.7806],[-60.7302,-30.792],[-60.7458,-30.7937],[-60.7455,-30.8019],[-60.7602,-30.8079],[-60.7663,-30.8023],[-60.7721,-30.8083],[-60.7835,-30.7998],[-60.7834,-30.7863],[-60.7943,-30.7829],[-60.819,-30.801],[-60.8301,-30.8051],[-60.8236,-30.8182],[-60.8341,-30.8233],[-60.8236,-30.8207],[-60.8175,-30.8363],[-60.8042,-30.8351],[-60.8109,-30.8445],[-60.8027,-30.8429],[-60.7965,-30.8501],[-60.8046,-30.8539],[-60.7913,-30.8566],[-60.7927,-30.8684],[-60.7763,-30.8884],[-60.7882,-30.8927],[-60.8025,-30.8868],[-60.8053,-30.8935],[-60.8116,-30.8888],[-60.8133,-30.8978],[-60.833,-30.8868],[-60.8488,-30.8957],[-60.8531,-30.9016],[-60.8402,-30.9182],[-60.8219,-30.9183],[-60.8236,-30.9288],[-60.8304,-30.9277],[-60.8264,-30.9329],[-60.836,-30.9347],[-60.8303,-30.9481],[-60.8358,-30.9519],[-60.8259,-30.9549],[-60.8369,-30.9667],[-60.8323,-30.9636],[-60.8336,-30.9756],[-60.8259,-30.9804],[-60.8387,-30.9808],[-60.8333,-30.9899],[-60.8433,-30.9848],[-60.8438,-30.9987],[-60.8524,-30.9906],[-60.8599,-30.9984],[-60.8432,-31.0102],[-60.8358,-31.0064],[-60.8346,-31.0137],[-60.8142,-31.0151],[-60.6579,-31.0421],[-60.6703,-31.112],[-60.5493,-31.1323],[-60.5583,-31.1689],[-60.5738,-31.188],[-60.4495,-31.2131],[-60.4543,-31.204],[-60.4428,-31.1967],[-60.4411,-31.1674],[-60.4209,-31.1642],[-60.4199,-31.1542],[-60.4043,-31.152],[-60.3912,-31.1399],[-60.3734,-31.142],[-60.3712,-31.1309],[-60.3656,-31.1336],[-60.3569,-31.1244],[-60.3691,-31.1154],[-60.3597,-31.0916],[-60.3206,-31.042],[-60.3323,-31.0164],[-60.3131,-30.995],[-60.3188,-30.9859],[-60.2999,-30.9762],[-60.3036,-30.9283],[-60.2955,-30.9283],[-60.2857,-30.9143],[-60.2846,-30.8581],[-60.2766,-30.8497],[-60.2586,-30.8641],[-60.2503,-30.8645],[-60.2476,-30.8564],[-60.2473,-30.8262],[-60.2578,-30.8099],[-60.2475,-30.7931],[-60.256,-30.7689],[-60.2417,-30.7625],[-60.2477,-30.7417],[-60.2395,-30.7208],[-60.2279,-30.7171],[-60.2243,-30.6982],[-60.2122,-30.6886],[-60.3389,-30.6693],[-60.3331,-30.6552],[-60.3484,-30.6381],[-60.3454,-30.6322],[-60.367,-30.6246],[-60.3828,-30.6084],[-60.364,-30.5939],[-60.3588,-30.5781],[-60.3508,-30.5795],[-60.3398,-30.5688],[-60.3378,-30.5458],[-60.3508,-30.51],[-60.3246,-30.4965],[-60.3258,-30.4828],[-60.3378,-30.4835],[-60.3326,-30.4749],[-60.2989,-30.4527],[-60.2885,-30.4344],[-60.2743,-30.4322],[-60.2761,-30.4213],[-60.2639,-30.4272],[-60.2553,-30.423],[-60.2425,-30.4105],[-60.2453,-30.391],[-60.2295,-30.3859],[-60.2254,-30.374],[-60.1984,-30.3674],[-60.1983,-30.3553],[-60.214,-30.3449],[-60.2024,-30.3379],[-60.1946,-30.3187],[-60.1999,-30.3246],[-60.2138,-30.3196],[-60.2171,-30.3157],[-60.206,-30.3098],[-60.216,-30.307],[-60.2079,-30.2948],[-60.1933,-30.301],[-60.1944,-30.2929],[-60.183,-30.2936],[-60.1762,-30.2819],[-60.1803,-30.2724],[-60.1726,-30.2721],[-60.1731,-30.2644],[-60.1666,-30.2676],[-60.1669,-30.2557],[-60.1604,-30.2539],[-60.175,-30.2418],[-60.159,-30.2292],[-60.1677,-30.2185],[-60.1512,-30.2088],[-60.15,-30.1855],[-60.1319,-30.1748],[-60.1186,-30.1486],[-60.1187,-30.1338],[-60.1364,-30.1274]]]}},
{"type":"Feature","properties":{"name":"San Lorenzo","georefId":"82119","provinciaGeorefId":"82","tipo":"Departamento"},"geometry":{"type":"Polygon","coordinates":[[[-60.7691,-32.4968],[-60.795,-32.4975],[-60.8013,-32.4696],[-60.7944,-32.4533],[-60.8017,-32.4421],[-60.8278,-32.4583],[-60.8557,-32.4745],[-60.85,-32.4875],[-60.8602,-32.5021],[-60.8469,-32.5231],[-60.8529,-32.5336],[-60.846,-32.5386],[-60.8424,-32.5907],[-60.8191,-32.6175],[-60.8126,-32.6378],[-60.8403,-32.6482],[-60.8744,-32.6803],[-60.8886,-32.6689],[-60.9698,-32.6869],[-60.9834,-32.6961],[-60.9951,-32.6942],[-61.0341,-32.7521],[-61.0547,-32.77],[-61.0525,-32.7881],[-61.0625,-32.8025],[-61.171,-32.8524],[-61.1993,-32.878],[-61.1981,-32.8917],[-61.2072,-32.9027],[-61.0619,-33.09],[-61.1068,-33.1561],[-61.1548,-33.1647],[-61.1326,-33.2314],[-61.1686,-33.2439],[-61.0991,-33.3327],[-61.1296,-33.3493],[-61.075,-33.4191],[-61.0668,-33.4294],[-61.0457,-33.413],[-60.9897,-33.3946],[-60.9768,-33.378],[-60.9402,-33.3631],[-60.9241,-33.3397],[-60.9279,-33.3349],[-60.9485,-33.3087],[-60.9611,-33.2924],[-60.9662,-33.2859],[-61.0016,-33.2474],[-60.9821,-33.245],[-60.9958,-33.2324],[-60.9817,-33.1922],[-60.9459,-33.2011],[-60.9425,-33.1555],[-60.8803,-33.1238],[-60.9122,-33.0946],[-60.9053,-33.0907],[-60.9168,-33.0753],[-60.9016,-33.0668],[-60.9141,-33.0493],[-60.9607,-33.074],[-60.9913,-33.0333],[-60.9698,-33.0219],[-60.9733,-33.0175],[-60.9383,-33.0178],[-60.9583,-32.9913],[-60.9682,-32.9953],[-60.975,-32.9865],[-60.9678,-32.9827],[-61.0086,-32.9299],[-60.8779,-32.9533],[-60.8611,-32.8855],[-60.8456,-32.877],[-60.8739,-32.8402],[-60.8426,-32.8203],[-60.8186,-32.8347],[-60.8091,-32.8294],[-60.7818,-32.8328],[-60.7815,-32.8387],[-60.6589,-32.8339],[-60.6943,-32.8056],[-60.716,-32.7736],[-60.7259,-32.6637],[-60.7521,-32.6222],[-60.7451,-32.5647],[-60.7524,-32.5416],[-60.7747,-32.5144],[-60.7691,-32.4968]]]}},
{"type":"Feature","properties":{"name":"San Martín","georefId":"82126","provinciaGeorefId":"82","tipo":"Departamento"},"geometry":{"type":"Polygon","coordinates":[[[-61.5414,-31.7676],[-61.6132,-31.7545],[-61.6137,-31.7677],[-61.7127,-31.7496],[-61.7082,-31.731],[-61.9394,-31.69],[-61.9533,-31.6876],[-61.997,-31.6795],[-62.0303,-31.6736],[-62.0221,-31.64],[-62.1397,-31.6183],[-62.2417,-31.6997],[-62.2181,-31.7406],[-62.2235,-31.8839],[-62.1889,-31.9223],[-62.1678,-31.986],[-62.1821,-32.0637],[-62.1968,-32.1148],[-62.1789,-32.1594],[-62.1277,-32.2092],[-62.0394,-32.2612],[-62.0123,-32.3455],[-61.9037,-32.3275],[-61.9124,-32.3072],[-61.8326,-32.3217],[-61.8018,-32.3273],[-61.7746,-32.3322],[-61.7484,-32.337],[-61.4952,-32.3833],[-61.448,-32.2],[-61.3919,-32.2103],[-61.3693,-32.1354],[-61.3554,-32.0827],[-61.3781,-31.9891],[-61.3715,-31.9628],[-61.3655,-31.9385],[-61.3478,-31.8666],[-61.3928,-31.858],[-61.3976,-31.8784],[-61.5588,-31.8501],[-61.5414,-31.7676]]]}},
{"type":"Feature","properties":{"name":"Vera","georefId":"82133","provinciaGeorefId":"82","tipo":"Departamento"},"geometry":{"type":"Polygon","coordinates":[[[-60.2156,-28.0007],[-60.6364,-27.9998],[-60.6444,-27.9998],[-60.6446,-28.1002],[-60.7477,-28.0993],[-60.7486,-28.2217],[-60.8299,-28.2736],[-60.889,-28.5752],[-60.8984,-28.5821],[-60.9541,-28.9193],[-61.0814,-29.5742],[-61.0828,-29.6353],[-61.0748,-29.6514],[-61.0715,-29.6442],[-61.0669,-29.6543],[-61.06,-29.6551],[-61.0592,-29.6468],[-61.05,-29.6568],[-61.0382,-29.6531],[-61.0444,-29.6567],[-61.0404,-29.6646],[-61.0097,-29.6671],[-60.9999,-29.6601],[-60.9864,-29.6723],[-60.9695,-29.6688],[-60.9688,-29.6785],[-60.9505,-29.6705],[-60.9252,-29.679],[-60.9121,-29.6796],[-60.9113,-29.6733],[-60.907,-29.6835],[-60.8989,-29.6773],[-60.901,-29.6862],[-60.882,-29.6907],[-60.8778,-29.7008],[-60.8437,-29.7021],[-60.8452,-29.7213],[-60.8262,-29.7371],[-60.8353,-29.7493],[-60.8259,-29.7516],[-60.8275,-29.7613],[-60.821,-29.7591],[-60.8182,-29.7657],[-60.8031,-29.7465],[-60.7774,-29.7527],[-60.7723,-29.7457],[-60.7627,-29.7628],[-60.7699,-29.767],[-60.7665,-29.7901],[-60.7445,-29.8073],[-60.7284,-29.8438],[-60.7188,-29.8461],[-60.7192,-29.8673],[-60.7088,-29.8616],[-60.7052,-29.8762],[-60.6993,-29.8753],[-60.6983,-29.8868],[-60.7117,-29.8871],[-60.7073,-29.8944],[-60.7192,-29.9004],[-60.7137,-29.9064],[-60.7204,-29.9102],[-60.2796,-29.9789],[-60.2897,-30.03],[-60.2121,-30.0677],[-60.1983,-30.1221],[-60.1566,-30.1242],[-60.1607,-30.1336],[-60.1851,-30.1465],[-60.182,-30.1622],[-60.1541,-30.1634],[-60.1327,-30.1374],[-60.1364,-30.1274],[-60.1595,-30.1201],[-60.1353,-30.1129],[-60.1166,-30.1215],[-60.1143,-30.1036],[-60.129,-30.097],[-60.1286,-30.0871],[-60.1201,-30.0765],[-60.0977,-30.0701],[-60.1033,-30.0674],[-60.095,-30.0573],[-60.0994,-30.0419],[-60.0856,-30.0305],[-60.0453,-30.0273],[-60.0443,-30.0098],[-60.0324,-30.0094],[-60.0355,-29.9882],[-60.0244,-29.9881],[-60.0173,-29.9757],[-60.0278,-29.9643],[-60.02,-29.9618],[-60.0207,-29.9518],[-59.9994,-29.9443],[-59.9889,-29.9288],[-59.9606,-29.9361],[-59.9647,-29.9286],[-59.9414,-29.9093],[-59.9264,-29.9151],[-59.915,-29.8804],[-59.8936,-29.8579],[-59.8895,-29.8342],[-59.8746,-29.8331],[-59.8768,-29.813],[-59.9108,-29.8001],[-59.948,-29.8003],[-59.9705,-29.8127],[-59.9799,-29.7848],[-59.9986,-29.773],[-59.9946,-29.7536],[-60.0071,-29.7246],[-59.9937,-29.7036],[-60.0001,-29.6547],[-60.0615,-29.6567],[-60.085,-29.6347],[-60.0797,-29.5937],[-60.0881,-29.5398],[-60.0828,-29.5347],[-60.093,-29.5299],[-60.0899,-29.5153],[-60.1053,-29.483],[-60.0983,-29.4675],[-60.1002,-29.4312],[-60.0783,-29.4055],[-60.0849,-29.3862],[-60.0693,-29.3706],[-60.0409,-29.3362],[-60.0439,-29.3261],[-60.0144,-29.313],[-60.0108,-29.3026],[-60.0284,-29.2791],[-60.0173,-29.2427],[-60.0359,-29.226],[-60.0412,-29.1897],[-60.0623,-29.1694],[-60.0799,-29.1368],[-60.07,-29.0804],[-60.1093,-29.0485],[-60.0939,-29.0508],[-60.085,-29.0609],[-60.0052,-29.0727],[-60.0007,-29.0444],[-59.9902,-29.0459],[-59.988,-29.0325],[-60.001,-29.0305],[-59.9998,-29.0176],[-60.042,-29.0117],[-60.0197,-28.8861],[-59.9779,-28.8917],[-59.9618,-28.8075],[-59.7623,-28.8384],[-59.7535,-28.8258],[-59.7584,-28.8199],[-59.749,-28.8134],[-59.7566,-28.8137],[-59.7557,-28.7902],[-59.7713,-28.787],[-59.7735,-28.7686],[-59.7866,-28.7625],[-59.7955,-28.7665],[-59.7925,-28.7596],[-59.8046,-28.7577],[-59.7975,-28.7546],[-59.8012,-28.737],[-59.7834,-28.7293],[-59.7873,-28.7236],[-59.7786,-28.7173],[-59.7949,-28.7084],[-59.7851,-28.7013],[-59.7928,-28.6979],[-59.7728,-28.6794],[-59.7811,-28.677],[-59.7764,-28.6623],[-59.7835,-28.6624],[-59.796,-28.6438],[-59.8129,-28.6407],[-59.8172,-28.6245],[-59.8012,-28.6165],[-59.8126,-28.6009],[-59.8099,-28.5804],[-59.8182,-28.5632],[-59.8109,-28.528],[-59.7947,-28.5182],[-59.7889,-28.4866],[-59.7698,-28.4739],[-59.7651,-28.4558],[-59.7911,-28.4485],[-59.7985,-28.4338],[-59.7984,-28.3791],[-59.8583,-28.3786],[-59.8787,-28.3318],[-59.8763,-28.2516],[-59.7904,-28.2508],[-59.7902,-28.1045],[-59.811,-28.1046],[-59.8112,-28.0013],[-59.8167,-28.0013],[-60.2156,-28.0007]]]}},
{"type":"Feature","properties":{"name":"Aguirre","georefId":"86007","provinciaGeorefId":"86","tipo":"Departamento"},"geometry":{"type":"Polygon","coordinates":[[[-62.6447,-28.8655],[-62.6545,-28.8627],[-62.8946,-28.863],[-62.8945,-28.8917],[-63.0681,-28.8918],[-63.0681,-28.9701],[-62.9802,-28.9667],[-62.9807,-29.202],[-62.8915,-29.2021],[-62.8915,-29.2836],[-62.8022,-29.2843],[-62.8022,-29.3064],[-62.7527,-29.307],[-62.7526,-29.3634],[-62.6165,-29.3641],[-62.6171,-29.4425],[-62.4978,-29.4428],[-62.4978,-29.4822],[-62.558,-29.4824],[-62.5584,-29.5209],[-62.545,-29.5212],[-62.545,-29.5601],[-62.5338,-29.5601],[-62.5336,-29.5969],[-62.4378,-29.5968],[-62.4375,-29.6666],[-61.9917,-29.6616],[-61.9663,-29.5122],[-61.9499,-29.4158],[-61.9575,-29.4122],[-61.9627,-29.4224],[-61.9729,-29.4162],[-61.9767,-29.424],[-61.9919,-29.4254],[-62.0069,-29.4174],[-62.0036,-29.4097],[-62.0148,-29.4122],[-62.0259,-29.4048],[-62.0438,-29.3728],[-62.0812,-29.371],[-62.0864,-29.3606],[-62.1067,-29.3622],[-62.1103,-29.3546],[-62.1191,-29.3615],[-62.1298,-29.3584],[-62.1281,-29.3698],[-62.1353,-29.3661],[-62.1428,-29.3792],[-62.1465,-29.3704],[-62.1574,-29.3849],[-62.1685,-29.3729],[-62.1744,-29.3861],[-62.1819,-29.3703],[-62.2,-29.3726],[-62.1992,-29.3582],[-62.2469,-29.3616],[-62.2488,-29.3711],[-62.2605,-29.3517],[-62.2836,-29.3441],[-62.2889,-29.3316],[-62.3101,-29.3258],[-62.3018,-29.3178],[-62.3125,-29.314],[-62.3009,-29.3153],[-62.299,-29.3035],[-62.2916,-29.3013],[-62.2948,-29.2916],[-62.2855,-29.287],[-62.2947,-29.283],[-62.3032,-29.2927],[-62.3127,-29.2788],[-62.3212,-29.278],[-62.3219,-29.2626],[-62.3475,-29.2618],[-62.3443,-29.2527],[-62.3532,-29.2565],[-62.3529,-29.2503],[-62.3705,-29.2474],[-62.3586,-29.2438],[-62.3704,-29.2337],[-62.3678,-29.2254],[-62.3786,-29.2288],[-62.3826,-29.22],[-62.39,-29.2215],[-62.401,-29.201],[-62.4184,-29.2034],[-62.4138,-29.1845],[-62.4277,-29.1841],[-62.4272,-29.1754],[-62.416,-29.1789],[-62.4209,-29.1685],[-62.4369,-29.1654],[-62.4371,-29.1534],[-62.4465,-29.1571],[-62.4533,-29.1505],[-62.4616,-29.1587],[-62.4698,-29.1511],[-62.4797,-29.1573],[-62.4746,-29.1424],[-62.4908,-29.1446],[-62.4894,-29.1353],[-62.5002,-29.1443],[-62.5054,-29.1285],[-62.5354,-29.1371],[-62.5516,-29.123],[-62.5608,-29.1254],[-62.5566,-29.1149],[-62.5711,-29.1151],[-62.5703,-29.1048],[-62.5905,-29.1047],[-62.5898,-29.0966],[-62.6058,-29.0964],[-62.6085,-29.0889],[-62.62,-29.0956],[-62.6158,-29.0849],[-62.6204,-29.0819],[-62.6232,-29.0891],[-62.6318,-29.084],[-62.6273,-29.076],[-62.6409,-29.0659],[-62.6345,-29.0625],[-62.6418,-29.0489],[-62.6285,-29.0371],[-62.6429,-29.0315],[-62.6399,-29.0271],[-62.6516,-29.029],[-62.6469,-29.0218],[-62.6659,-29.004],[-62.6658,-28.9848],[-62.6748,-28.9861],[-62.6653,-28.9761],[-62.6736,-28.9719],[-62.6658,-28.965],[-62.6731,-28.9578],[-62.6648,-28.9511],[-62.6561,-28.9567],[-62.6537,-28.9489],[-62.6736,-28.9349],[-62.6683,-28.9259],[-62.6575,-28.928],[-62.6591,-28.91],[-62.6414,-28.9082],[-62.6511,-28.9092],[-62.6404,-28.8982],[-62.6491,-28.8844],[-62.6447,-28.8655]]]}},
{"type":"Feature","properties":{"name":"Alberdi","georefId":"86014","provinciaGeorefId":"86","tipo":"Departamento"},"geometry":{"type":"Polygon","coordinates":[[[-61.7122,-26.2345],[-62.8328,-26.2309],[-63.7613,-26.2143],[-63.7583,-26.2285],[-63.7681,-26.2372],[-63.7616,-26.2441],[-63.7737,-26.2646],[-63.7683,-26.2656],[-63.7616,-26.3184],[-63.7443,-26.3322],[-63.731,-26.3713],[-63.7207,-26.3763],[-63.7204,-26.4095],[-63.6989,-26.4433],[-63.6923,-26.4787],[-63.671,-26.4948],[-63.6656,-26.5124],[-63.6467,-26.5281],[-63.6561,-26.5603],[-63.6525,-26.597],[-63.669,-26.6169],[-63.6652,-26.6316],[-63.6735,-26.6438],[-63.6546,-26.6659],[-63.6526,-26.702],[-63.6603,-26.7162],[-63.6523,-26.7485],[-63.6693,-26.7723],[-63.6618,-26.789],[-63.6742,-26.7972],[-63.6729,-26.8309],[-63.6891,-26.8653],[-63.6821,-26.907],[-63.6572,-26.9251],[-63.5485,-26.9255],[-63.571,-26.8872],[-63.3784,-26.888],[-63.3784,-26.7641],[-63.2337,-26.7648],[-63.2336,-26.7942],[-62.9293,-26.7937],[-62.9285,-26.8203],[-62.7659,-26.8235],[-62.7651,-26.832],[-62.504,-26.8327],[-62.5042,-26.7872],[-62.0648,-26.7899],[-62.0647,-26.8094],[-61.7126,-26.8091],[-61.7125,-26.7551],[-61.7125,-26.6536],[-61.7122,-26.2345]]]}},
{"type":"Feature","properties":{"name":"Atamisqui","georefId":"86021","provinciaGeorefId":"86","tipo":"Departamento"},"geometry":{"type":"Polygon","coordinates":[[[-63.7865,-28.4357],[-63.7959,-28.4355],[-63.8162,-28.4155],[-63.817,-28.3956],[-63.8389,-28.4051],[-63.8396,-28.3964],[-63.8513,-28.3911],[-64.0197,-28.4881],[-64.0435,-28.5938],[-64.1553,-28.5775],[-64.1608,-28.6034],[-64.2063,-28.5962],[-64.2084,-28.6065],[-64.217,-28.6051],[-64.2344,-28.6824],[-64.194,-28.7596],[-64.1387,-28.7944],[-64.1075,-28.8348],[-64.0057,-28.8775],[-63.9563,-28.8713],[-63.9104,-28.8952],[-63.8988,-28.9089],[-63.8807,-28.9104],[-63.8593,-28.9123],[-63.8355,-28.8942],[-63.8161,-28.9142],[-63.7916,-28.924],[-63.767,-28.9244],[-63.7624,-28.9312],[-63.7394,-28.931],[-63.7318,-28.9435],[-63.7282,-28.9377],[-63.717,-28.9422],[-63.7098,-28.9376],[-63.7053,-28.9449],[-63.6828,-28.946],[-63.6759,-28.9383],[-63.6634,-28.9386],[-63.5929,-28.8762],[-63.6586,-28.7937],[-63.6383,-28.7818],[-63.6413,-28.7775],[-63.5526,-28.7288],[-63.5639,-28.7129],[-63.584,-28.7242],[-63.6225,-28.6732],[-63.5815,-28.6482],[-63.5811,-28.6416],[-63.5898,-28.6424],[-63.5877,-28.6304],[-63.5993,-28.6335],[-63.6014,-28.6265],[-63.6353,-28.6084],[-63.667,-28.5822],[-63.6814,-28.5547],[-63.6973,-28.5487],[-63.7012,-28.5324],[-63.6898,-28.5189],[-63.7148,-28.5298],[-63.7444,-28.496],[-63.7769,-28.4794],[-63.7697,-28.4595],[-63.7755,-28.454],[-63.767,-28.4461],[-63.7728,-28.4427],[-63.7818,-28.4506],[-63.7865,-28.4357]]]}},
{"type":"Feature","properties":{"name":"Avellaneda","georefId":"86028","provinciaGeorefId":"86","tipo":"Departamento"},"geometry":{"type":"Polygon","coordinates":[[[-63.1097,-28.3272],[-63.2283,-28.3273],[-63.2232,-28.3441],[-63.2309,-28.3493],[-63.3339,-28.3299],[-63.333,-28.3221],[-63.3616,-28.317],[-63.4597,-28.2124],[-63.4673,-28.2552],[-63.5129,-28.2566],[-63.5534,-28.2529],[-63.552,-28.2463],[-63.5786,-28.2421],[-63.5775,-28.2361],[-63.5861,-28.2346],[-63.5809,-28.205],[-63.6168,-28.199],[-63.6285,-28.2518],[-63.6115,-28.2546],[-63.6358,-28.3512],[-63.7099,-28.3484],[-63.7111,-28.3716],[-63.704,-28.3678],[-63.6941,-28.3795],[-63.7865,-28.4357],[-63.7818,-28.4506],[-63.7728,-28.4427],[-63.767,-28.4461],[-63.7755,-28.454],[-63.7697,-28.4595],[-63.7769,-28.4794],[-63.7444,-28.496],[-63.7148,-28.5298],[-63.6898,-28.5189],[-63.7012,-28.5324],[-63.6973,-28.5487],[-63.6814,-28.5547],[-63.667,-28.5822],[-63.6353,-28.6084],[-63.6014,-28.6265],[-63.5374,-28.5909],[-63.5308,-28.5951],[-63.5237,-28.5689],[-63.4751,-28.5764],[-63.467,-28.5425],[-63.3837,-28.5556],[-63.3926,-28.6046],[-63.3539,-28.5872],[-63.354,-28.607],[-63.3134,-28.6071],[-63.3134,-28.637],[-63.227,-28.6372],[-63.2424,-28.7406],[-63.1108,-28.7654],[-63.1108,-28.8117],[-63.0678,-28.8116],[-63.0681,-28.8918],[-62.8945,-28.8917],[-62.8946,-28.863],[-62.6545,-28.8627],[-62.6552,-28.8471],[-62.6662,-28.8467],[-62.6586,-28.8467],[-62.6599,-28.8324],[-62.676,-28.8199],[-62.6584,-28.8103],[-62.6823,-28.8157],[-62.6724,-28.8097],[-62.6838,-28.8051],[-62.6874,-28.7935],[-62.698,-28.7938],[-62.6966,-28.7617],[-62.7124,-28.7484],[-62.7142,-28.7091],[-62.7534,-28.6324],[-62.8517,-28.5755],[-62.8822,-28.5651],[-62.887,-28.5376],[-62.8789,-28.5073],[-62.8901,-28.5048],[-62.9144,-28.4605],[-63.0408,-28.4076],[-63.0485,-28.3883],[-63.0633,-28.3858],[-63.0792,-28.3572],[-63.1005,-28.3443],[-63.1097,-28.3272]]]}},
{"type":"Feature","properties":{"name":"Banda","georefId":"86035","provinciaGeorefId":"86","tipo":"Departamento"},"geometry":{"type":"Polygon","coordinates":[[[-63.99,-27.0303],[-64.021,-27.03],[-64.0205,-27.061],[-64.0848,-27.0619],[-64.0855,-27.1429],[-64.1134,-27.1427],[-64.113,-27.1091],[-64.1767,-27.1086],[-64.178,-27.1986],[-64.3043,-27.1869],[-64.3048,-27.1793],[-64.3238,-27.1757],[-64.3279,-27.1964],[-64.4452,-27.1748],[-64.4568,-27.2245],[-64.4503,-27.226],[-64.4405,-27.2646],[-64.4688,-27.2603],[-64.4675,-27.3035],[-64.4765,-27.302],[-64.4875,-27.3528],[-64.4975,-27.3553],[-64.5581,-27.3095],[-64.5704,-27.3385],[-64.6166,-27.4441],[-64.5744,-27.4714],[-64.5588,-27.4954],[-64.513,-27.4952],[-64.4639,-27.5496],[-64.4658,-27.5863],[-64.4382,-27.6043],[-64.4062,-27.6076],[-64.3955,-27.632],[-64.3682,-27.6374],[-64.3487,-27.6733],[-64.3201,-27.6876],[-64.3073,-27.736],[-64.2813,-27.7448],[-64.2638,-27.7692],[-64.2342,-27.7876],[-64.2269,-27.8074],[-64.2076,-27.8118],[-64.0854,-27.7399],[-64.0857,-27.755],[-63.9339,-27.7364],[-63.9342,-27.6975],[-63.9159,-27.6953],[-63.9158,-27.6747],[-63.8938,-27.6721],[-63.8959,-27.6666],[-63.8799,-27.6646],[-63.8798,-27.6558],[-63.88,-27.6448],[-63.916,-27.6555],[-63.9887,-27.5587],[-63.9636,-27.5331],[-63.9602,-27.5176],[-63.9882,-27.5128],[-63.9956,-27.5178],[-63.9645,-27.3962],[-64.0038,-27.3895],[-63.9903,-27.333],[-64.0008,-27.3312],[-63.9809,-27.2473],[-63.9434,-27.2455],[-63.9419,-27.2372],[-63.9268,-27.2377],[-63.9266,-27.1925],[-63.9757,-27.1915],[-63.9761,-27.1445],[-63.9403,-27.1449],[-63.9398,-27.0306],[-63.99,-27.0303]]]}},
{"type":"Feature","properties":{"name":"Belgrano","georefId":"86042","provinciaGeorefId":"86","tipo":"Departamento"},"geometry":{"type":"Polygon","coordinates":[[[-61.8572,-28.8664],[-62.6447,-28.8655],[-62.6491,-28.8844],[-62.6404,-28.8982],[-62.6511,-28.9092],[-62.6414,-28.9082],[-62.6591,-28.91],[-62.6575,-28.928],[-62.6683,-28.9259],[-62.6736,-28.9349],[-62.6537,-28.9489],[-62.6561,-28.9567],[-62.6648,-28.9511],[-62.6731,-28.9578],[-62.6658,-28.965],[-62.6736,-28.9719],[-62.6653,-28.9761],[-62.6748,-28.9861],[-62.6658,-28.9848],[-62.6659,-29.004],[-62.6469,-29.0218],[-62.6516,-29.029],[-62.6399,-29.0271],[-62.6429,-29.0315],[-62.6285,-29.0371],[-62.6418,-29.0489],[-62.6345,-29.0625],[-62.6409,-29.0659],[-62.6273,-29.076],[-62.6318,-29.084],[-62.6232,-29.0891],[-62.6204,-29.0819],[-62.6158,-29.0849],[-62.62,-29.0956],[-62.6085,-29.0889],[-62.6058,-29.0964],[-62.5898,-29.0966],[-62.5905,-29.1047],[-62.5703,-29.1048],[-62.5711,-29.1151],[-62.5566,-29.1149],[-62.5608,-29.1254],[-62.5516,-29.123],[-62.5354,-29.1371],[-62.5054,-29.1285],[-62.5002,-29.1443],[-62.4894,-29.1353],[-62.4908,-29.1446],[-62.4746,-29.1424],[-62.4797,-29.1573],[-62.4698,-29.1511],[-62.4616,-29.1587],[-62.4533,-29.1505],[-62.4465,-29.1571],[-62.4371,-29.1534],[-62.4369,-29.1654],[-62.4209,-29.1685],[-62.416,-29.1789],[-62.4272,-29.1754],[-62.4277,-29.1841],[-62.4138,-29.1845],[-62.4184,-29.2034],[-62.401,-29.201],[-62.39,-29.2215],[-62.3826,-29.22],[-62.3786,-29.2288],[-62.3678,-29.2254],[-62.3704,-29.2337],[-62.3586,-29.2438],[-62.3705,-29.2474],[-62.3529,-29.2503],[-62.3532,-29.2565],[-62.3443,-29.2527],[-62.3475,-29.2618],[-62.3219,-29.2626],[-62.3212,-29.278],[-62.3127,-29.2788],[-62.3032,-29.2927],[-62.2947,-29.283],[-62.2855,-29.287],[-62.2948,-29.2916],[-62.2916,-29.3013],[-62.299,-29.3035],[-62.3009,-29.3153],[-62.3125,-29.314],[-62.3018,-29.3178],[-62.3101,-29.3258],[-62.2889,-29.3316],[-62.2836,-29.3441],[-62.2605,-29.3517],[-62.2488,-29.3711],[-62.2469,-29.3616],[-62.1992,-29.3582],[-62.2,-29.3726],[-62.1819,-29.3703],[-62.1744,-29.3861],[-62.1685,-29.3729],[-62.1574,-29.3849],[-62.1465,-29.3704],[-62.1428,-29.3792],[-62.1353,-29.3661],[-62.1281,-29.3698],[-62.1298,-29.3584],[-62.1191,-29.3615],[-62.1103,-29.3546],[-62.1067,-29.3622],[-62.0864,-29.3606],[-62.0812,-29.371],[-62.0438,-29.3728],[-62.0259,-29.4048],[-62.0148,-29.4122],[-62.0036,-29.4097],[-62.0069,-29.4174],[-61.9919,-29.4254],[-61.9767,-29.424],[-61.9729,-29.4162],[-61.9627,-29.4224],[-61.9575,-29.4122],[-61.9499,-29.4158],[-61.8572,-28.8664]]]}},
{"type":"Feature","properties":{"name":"Capital","georefId":"86049","provinciaGeorefId":"86","tipo":"Departamento"},"geometry":{"type":"Polygon","coordinates":[[[-64.2076,-27.8118],[-64.2269,-27.8074],[-64.2342,-27.7876],[-64.2638,-27.7692],[-64.2813,-27.7448],[-64.3073,-27.736],[-64.3201,-27.6876],[-64.3487,-27.6733],[-64.3682,-27.6374],[-64.3955,-27.632],[-64.4062,-27.6076],[-64.4382,-27.6043],[-64.5229,-27.7059],[-64.5333,-27.6662],[-64.6233,-27.6499],[-64.6266,-27.6664],[-64.7037,-27.6565],[-64.7135,-27.776],[-64.6988,-27.7784],[-64.7094,-27.8258],[-64.6525,-27.836],[-64.6598,-27.8879],[-64.6136,-27.8944],[-64.6111,-27.8837],[-64.5579,-27.8924],[-64.5664,-27.9324],[-64.5459,-27.9361],[-64.5824,-28.0923],[-64.6043,-28.0886],[-64.621,-28.1659],[-64.4841,-28.1898],[-64.4515,-28.196],[-64.4349,-28.1161],[-64.4019,-28.1218],[-64.4144,-28.0625],[-64.2453,-28.0935],[-64.2218,-27.9908],[-64.1036,-27.9653],[-64.105,-27.9509],[-64.1189,-27.9398],[-64.1502,-27.9373],[-64.1535,-27.9292],[-64.1421,-27.9185],[-64.1548,-27.9134],[-64.1526,-27.8935],[-64.1647,-27.8784],[-64.1621,-27.8648],[-64.2076,-27.8118]]]}},
{"type":"Feature","properties":{"name":"Copo","georefId":"86056","provinciaGeorefId":"86","tipo":"Departamento"},"geometry":{"type":"Polygon","coordinates":[[[-61.7122,-26.2345],[-61.7118,-25.6547],[-62.5355,-25.6513],[-63.4224,-25.6492],[-63.4755,-25.71],[-63.5663,-25.7099],[-63.6605,-25.6854],[-63.9184,-25.6821],[-63.9074,-25.6845],[-63.9033,-25.7047],[-63.8926,-25.7151],[-63.8968,-25.7337],[-63.8814,-25.7498],[-63.8777,-25.7737],[-63.8691,-25.7803],[-63.8538,-25.7779],[-63.8387,-25.7897],[-63.8462,-25.8205],[-63.8304,-25.8318],[-63.8303,-25.8468],[-63.8173,-25.8469],[-63.8225,-25.8527],[-63.8121,-25.8611],[-63.8086,-25.8556],[-63.7856,-25.8802],[-63.7831,-25.889],[-63.7897,-25.8915],[-63.7787,-25.9019],[-63.7881,-25.9032],[-63.7916,-25.9299],[-63.7836,-25.9154],[-63.7737,-25.9214],[-63.7647,-25.9152],[-63.7687,-25.9251],[-63.7587,-25.9345],[-63.7519,-25.9297],[-63.7534,-25.9471],[-63.746,-25.9377],[-63.748,-25.9513],[-63.7349,-25.9556],[-63.7453,-25.9667],[-63.7276,-25.9684],[-63.7345,-25.9722],[-63.7227,-25.9954],[-63.7316,-26.0096],[-63.7117,-26.0136],[-63.7183,-26.018],[-63.7133,-26.0228],[-63.7141,-26.0182],[-63.6995,-26.0171],[-63.6902,-26.0341],[-63.7054,-26.0638],[-63.6935,-26.0684],[-63.6953,-26.0802],[-63.706,-26.0855],[-63.6991,-26.0845],[-63.702,-26.095],[-63.7095,-26.0967],[-63.7051,-26.1099],[-63.7292,-26.1352],[-63.7235,-26.1398],[-63.7339,-26.1518],[-63.7305,-26.1593],[-63.7626,-26.1943],[-63.7586,-26.2062],[-63.7671,-26.2091],[-63.7613,-26.2143],[-62.8328,-26.2309],[-61.7122,-26.2345]]]}},
{"type":"Feature","properties":{"name":"Choya","georefId":"86063","provinciaGeorefId":"86","tipo":"Departamento"},"geometry":{"type":"Polygon","coordinates":[[[-64.621,-28.1659],[-64.7574,-28.1418],[-64.7608,-28.1563],[-64.7833,-28.1517],[-64.7853,-28.1622],[-64.832,-28.1527],[-64.8545,-28.2473],[-64.9378,-28.2309],[-64.9483,-28.2731],[-65.1096,-28.2408],[-65.1052,-28.3222],[-65.0971,-28.4709],[-65.1259,-28.6115],[-65.1846,-28.6006],[-65.1882,-28.6184],[-65.1815,-28.6246],[-65.1706,-28.6184],[-65.1733,-28.6333],[-65.1365,-28.6469],[-65.1268,-28.7162],[-65.0166,-28.7378],[-64.9773,-28.7892],[-64.9386,-28.8057],[-64.9011,-28.8413],[-64.912,-28.8866],[-64.9017,-28.9143],[-64.9066,-28.9324],[-64.8598,-29.035],[-64.8545,-29.1974],[-64.8376,-29.2286],[-64.781,-29.2676],[-64.8247,-29.2738],[-64.8423,-29.3127],[-64.8381,-29.3425],[-64.786,-29.4055],[-64.7992,-29.4395],[-64.8207,-29.4572],[-64.8259,-29.4737],[-64.8312,-29.5124],[-64.8246,-29.5743],[-64.5887,-29.5418],[-64.5136,-29.0344],[-64.5118,-29.0241],[-64.559,-29.0158],[-64.5343,-28.8974],[-64.5449,-28.8957],[-64.523,-28.7832],[-64.4979,-28.7876],[-64.4938,-28.7693],[-64.5235,-28.7641],[-64.5133,-28.7171],[-64.5426,-28.7119],[-64.5347,-28.6785],[-64.5668,-28.6728],[-64.5493,-28.5673],[-64.5235,-28.5719],[-64.5125,-28.5243],[-64.5542,-28.5162],[-64.5459,-28.4776],[-64.6005,-28.4676],[-64.5896,-28.4198],[-64.5749,-28.4223],[-64.5576,-28.3858],[-64.4535,-28.4043],[-64.4486,-28.3835],[-64.4919,-28.376],[-64.4907,-28.3713],[-64.4816,-28.3312],[-64.5511,-28.3188],[-64.5494,-28.3103],[-64.5124,-28.3166],[-64.4841,-28.1898],[-64.621,-28.1659]]]}},
{"type":"Feature","properties":{"name":"Figueroa","georefId":"86070","provinciaGeorefId":"86","tipo":"Departamento"},"geometry":{"type":"Polygon","coordinates":[[[-63.2336,-26.7942],[-63.2337,-26.7648],[-63.3784,-26.7641],[-63.3784,-26.888],[-63.571,-26.8872],[-63.5485,-26.9255],[-63.6572,-26.9251],[-63.824,-26.9243],[-63.824,-26.9369],[-63.8795,-26.9367],[-63.8791,-26.9051],[-63.989,-26.9044],[-63.99,-27.0303],[-63.9398,-27.0306],[-63.9403,-27.1449],[-63.9761,-27.1445],[-63.9757,-27.1915],[-63.9266,-27.1925],[-63.9268,-27.2377],[-63.9419,-27.2372],[-63.9434,-27.2455],[-63.9809,-27.2473],[-64.0008,-27.3312],[-63.9903,-27.333],[-64.0038,-27.3895],[-63.9645,-27.3962],[-63.9956,-27.5178],[-63.9882,-27.5128],[-63.9602,-27.5176],[-63.9636,-27.5331],[-63.9887,-27.5587],[-63.916,-27.6555],[-63.88,-27.6448],[-63.8798,-27.6558],[-63.833,-27.6805],[-63.8333,-27.7333],[-63.7415,-27.7331],[-63.7416,-27.7405],[-63.6743,-27.7516],[-63.6605,-27.8176],[-63.5926,-27.8296],[-63.5809,-27.867],[-63.4815,-27.8358],[-63.4803,-27.8252],[-63.4955,-27.8241],[-63.4903,-27.7912],[-63.4993,-27.7814],[-63.3807,-27.7664],[-63.3452,-27.7709],[-63.3415,-27.7548],[-63.2752,-27.7661],[-63.2653,-27.7212],[-63.2235,-27.728],[-63.2195,-27.7106],[-63.2302,-27.7088],[-63.2285,-27.6999],[-63.2173,-27.702],[-63.1839,-27.5475],[-63.2416,-27.5365],[-63.2324,-27.5001],[-63.2629,-27.4968],[-63.2522,-27.4434],[-63.2241,-27.4467],[-63.2238,-27.4388],[-63.2025,-27.439],[-63.208,-27.3215],[-63.2552,-27.3121],[-63.2222,-27.1495],[-63.2572,-27.1496],[-63.257,-27.1086],[-63.2408,-27.1085],[-63.2412,-27.0307],[-63.2312,-27.0307],[-63.2311,-27.0066],[-63.2407,-27.0066],[-63.2341,-26.8781],[-63.2118,-26.8781],[-63.2119,-26.8418],[-63.2334,-26.8417],[-63.2336,-26.7942]]]}},
{"type":"Feature","properties":{"name":"General Taboada","georefId":"86077","provinciaGeorefId":"86","tipo":"Departamento"},"geometry":{"type":"Polygon","coordinates":[[[-61.772,-28.3571],[-61.871,-28.3577],[-61.8641,-28.3188],[-63.1107,-28.3166],[-63.1097,-28.3272],[-63.1005,-28.3443],[-63.0792,-28.3572],[-63.0633,-28.3858],[-63.0485,-28.3883],[-63.0408,-28.4076],[-62.9144,-28.4605],[-62.8901,-28.5048],[-62.8789,-28.5073],[-62.887,-28.5376],[-62.8822,-28.5651],[-62.8517,-28.5755],[-62.7534,-28.6324],[-62.7142,-28.7091],[-62.7124,-28.7484],[-62.6966,-28.7617],[-62.698,-28.7938],[-62.6874,-28.7935],[-62.6838,-28.8051],[-62.6724,-28.8097],[-62.6823,-28.8157],[-62.6584,-28.8103],[-62.676,-28.8199],[-62.6599,-28.8324],[-62.6586,-28.8467],[-62.6662,-28.8467],[-62.6552,-28.8471],[-62.6545,-28.8627],[-62.6447,-28.8655],[-61.8572,-28.8664],[-61.772,-28.3571]]]}},
{"type":"Feature","properties":{"name":"Guasayán","georefId":"86084","provinciaGeorefId":"86","tipo":"Departamento"},"geometry":{"type":"Polygon","coordinates":[[[-64.7037,-27.6565],[-64.7604,-27.6474],[-64.771,-27.7035],[-64.8197,-27.6949],[-64.8117,-27.6557],[-64.8628,-27.6831],[-64.8901,-27.7086],[-64.908,-27.709],[-64.9184,-27.6949],[-64.9713,-27.7104],[-64.9691,-27.718],[-64.991,-27.7241],[-64.986,-27.7416],[-65.0281,-27.7527],[-65.0163,-27.7924],[-65.039,-27.8793],[-65.1026,-27.8933],[-65.1596,-27.877],[-65.1695,-27.9177],[-65.1781,-27.9164],[-65.1708,-27.9465],[-65.1126,-28.1855],[-65.1096,-28.2408],[-64.9483,-28.2731],[-64.9378,-28.2309],[-64.8545,-28.2473],[-64.832,-28.1527],[-64.7853,-28.1622],[-64.7833,-28.1517],[-64.7608,-28.1563],[-64.7574,-28.1418],[-64.621,-28.1659],[-64.6043,-28.0886],[-64.5824,-28.0923],[-64.5459,-27.9361],[-64.5664,-27.9324],[-64.5579,-27.8924],[-64.6111,-27.8837],[-64.6136,-27.8944],[-64.6598,-27.8879],[-64.6525,-27.836],[-64.7094,-27.8258],[-64.6988,-27.7784],[-64.7135,-27.776],[-64.7037,-27.6565]]]}},
{"type":"Feature","properties":{"name":"Jiménez","georefId":"86091","provinciaGeorefId":"86","tipo":"Departamento"},"geometry":{"type":"Polygon","coordinates":[[[-63.6923,-26.4787],[-63.7682,-26.4783],[-63.8018,-26.6413],[-63.869,-26.645],[-63.8773,-26.7212],[-63.9805,-26.7213],[-64.1624,-26.6971],[-64.1561,-26.6522],[-64.2636,-26.6345],[-64.2638,-26.6061],[-64.282,-26.6059],[-64.2821,-26.5686],[-64.4171,-26.5659],[-64.4172,-26.554],[-64.5084,-26.554],[-64.4986,-26.6736],[-64.587,-26.6579],[-64.6179,-26.8027],[-64.6722,-26.7942],[-64.677,-26.821],[-64.7074,-26.82],[-64.7105,-26.8362],[-64.7426,-27.0044],[-64.7503,-27.003],[-64.7533,-27.0171],[-64.7669,-27.0148],[-64.7795,-27.0695],[-64.7811,-27.0763],[-64.7812,-27.0766],[-64.7813,-27.0769],[-64.7872,-27.1015],[-64.7985,-27.1508],[-64.7644,-27.1855],[-64.7487,-27.2319],[-64.681,-27.2337],[-64.5704,-27.3385],[-64.5581,-27.3095],[-64.4975,-27.3553],[-64.4875,-27.3528],[-64.4765,-27.302],[-64.4675,-27.3035],[-64.4688,-27.2603],[-64.4405,-27.2646],[-64.4503,-27.226],[-64.4568,-27.2245],[-64.4452,-27.1748],[-64.3279,-27.1964],[-64.3238,-27.1757],[-64.3048,-27.1793],[-64.3043,-27.1869],[-64.178,-27.1986],[-64.1767,-27.1086],[-64.113,-27.1091],[-64.1134,-27.1427],[-64.0855,-27.1429],[-64.0848,-27.0619],[-64.0205,-27.061],[-64.021,-27.03],[-63.99,-27.0303],[-63.989,-26.9044],[-63.8791,-26.9051],[-63.8795,-26.9367],[-63.824,-26.9369],[-63.824,-26.9243],[-63.6572,-26.9251],[-63.6821,-26.907],[-63.6891,-26.8653],[-63.6729,-26.8309],[-63.6742,-26.7972],[-63.6618,-26.789],[-63.6693,-26.7723],[-63.6523,-26.7485],[-63.6603,-26.7162],[-63.6526,-26.702],[-63.6546,-26.6659],[-63.6735,-26.6438],[-63.6652,-26.6316],[-63.669,-26.6169],[-63.6525,-26.597],[-63.6561,-26.5603],[-63.6467,-26.5281],[-63.6656,-26.5124],[-63.671,-26.4948],[-63.6923,-26.4787]]]}},
{"type":"Feature","properties":{"name":"Juan Felipe Ibarra","georefId":"86098","provinciaGeorefId":"86","tipo":"Departamento"},"geometry":{"type":"Polygon","coordinates":[[[-63.2235,-27.728],[-63.2653,-27.7212],[-63.2752,-27.7661],[-63.3415,-27.7548],[-63.3452,-27.7709],[-63.3807,-27.7664],[-63.4993,-27.7814],[-63.4903,-27.7912],[-63.4955,-27.8241],[-63.4803,-27.8252],[-63.4815,-27.8358],[-63.4725,-27.8656],[-63.4577,-27.8825],[-63.4576,-27.8985],[-63.467,-27.9072],[-63.4425,-27.9228],[-63.4482,-27.9348],[-63.438,-27.9435],[-63.445,-27.9534],[-63.4291,-27.9564],[-63.4197,-27.9716],[-63.4097,-27.9728],[-63.3944,-28.0125],[-63.398,-28.0285],[-63.3725,-28.0423],[-63.3616,-28.0389],[-63.3457,-28.054],[-63.328,-28.0543],[-63.3152,-28.0666],[-63.3176,-28.0807],[-63.2938,-28.0867],[-63.2797,-28.106],[-63.2749,-28.1263],[-63.2808,-28.1406],[-63.2688,-28.1499],[-63.2702,-28.1597],[-63.239,-28.1699],[-63.2003,-28.1659],[-63.1449,-28.2069],[-63.1336,-28.2434],[-63.0954,-28.2701],[-63.093,-28.2792],[-63.1154,-28.3077],[-63.1107,-28.3166],[-61.8641,-28.3188],[-61.871,-28.3577],[-61.772,-28.3571],[-61.712,-27.9986],[-61.7119,-27.7972],[-62.2314,-27.7905],[-62.232,-27.8199],[-62.5706,-27.8176],[-62.5703,-27.7993],[-62.6744,-27.7982],[-62.6742,-27.8203],[-62.8843,-27.8198],[-62.8843,-27.7776],[-62.9482,-27.7753],[-62.9486,-27.7515],[-63.0977,-27.7439],[-63.0962,-27.7377],[-63.1469,-27.7298],[-63.1491,-27.7407],[-63.2235,-27.728]]]}},
{"type":"Feature","properties":{"name":"Loreto","georefId":"86105","provinciaGeorefId":"86","tipo":"Departamento"},"geometry":{"type":"Polygon","coordinates":[[[-63.8513,-28.3911],[-63.8752,-28.3856],[-63.8759,-28.3765],[-63.8802,-28.3896],[-63.8894,-28.3787],[-63.9022,-28.3929],[-63.9039,-28.3807],[-63.9231,-28.379],[-63.9271,-28.3675],[-63.9341,-28.3812],[-63.9482,-28.3814],[-63.9572,-28.3614],[-63.9711,-28.3591],[-63.969,-28.3434],[-63.9862,-28.3473],[-64.0083,-28.3288],[-64.0187,-28.3377],[-64.0306,-28.3355],[-64.0308,-28.3243],[-64.0124,-28.3124],[-64.0171,-28.3077],[-64.0494,-28.3301],[-64.0595,-28.3156],[-64.055,-28.3045],[-64.082,-28.2782],[-64.0826,-28.2489],[-64.1781,-28.2826],[-64.1886,-28.3063],[-64.2631,-28.3408],[-64.4907,-28.3713],[-64.4919,-28.376],[-64.4486,-28.3835],[-64.4535,-28.4043],[-64.5576,-28.3858],[-64.5749,-28.4223],[-64.5896,-28.4198],[-64.6005,-28.4676],[-64.5459,-28.4776],[-64.5542,-28.5162],[-64.5125,-28.5243],[-64.5235,-28.5719],[-64.5493,-28.5673],[-64.5668,-28.6728],[-64.5347,-28.6785],[-64.5426,-28.7119],[-64.5133,-28.7171],[-64.5235,-28.7641],[-64.4938,-28.7693],[-64.4979,-28.7876],[-64.523,-28.7832],[-64.5449,-28.8957],[-64.5343,-28.8974],[-64.559,-29.0158],[-64.5118,-29.0241],[-64.5136,-29.0344],[-64.2661,-29.0373],[-64.194,-28.7596],[-64.2344,-28.6824],[-64.217,-28.6051],[-64.2084,-28.6065],[-64.2063,-28.5962],[-64.1608,-28.6034],[-64.1553,-28.5775],[-64.0435,-28.5938],[-64.0197,-28.4881],[-63.8513,-28.3911]]]}},
{"type":"Feature","properties":{"name":"Mitre","georefId":"86112","provinciaGeorefId":"86","tipo":"Departamento"},"geometry":{"type":"Polygon","coordinates":[[[-62.4375,-29.6666],[-62.4378,-29.5968],[-62.5336,-29.5969],[-62.5338,-29.5601],[-62.545,-29.5601],[-62.545,-29.5212],[-62.5584,-29.5209],[-62.558,-29.4824],[-62.4978,-29.4822],[-62.4978,-29.4428],[-62.6171,-29.4425],[-62.6165,-29.3641],[-62.7526,-29.3634],[-62.7527,-29.307],[-62.8022,-29.3064],[-62.8022,-29.2843],[-62.8915,-29.2836],[-62.8915,-29.2021],[-62.9807,-29.202],[-62.9959,-29.202],[-62.9942,-29.2186],[-63.1578,-29.3124],[-63.1335,-29.3178],[-63.1198,-29.3506],[-63.128,-29.4053],[-63.1096,-29.4034],[-63.0977,-29.4151],[-63.0846,-29.4417],[-63.0693,-29.4458],[-63.055,-29.4803],[-63.0314,-29.4817],[-63.0397,-29.5038],[-63.0124,-29.5195],[-62.9922,-29.5581],[-62.9653,-29.5626],[-62.96,-29.5756],[-62.9653,-29.5833],[-62.9356,-29.6111],[-62.9351,-29.6219],[-62.9053,-29.6384],[-62.8838,-29.6365],[-62.878,-29.6479],[-62.8618,-29.6518],[-62.8604,-29.6599],[-62.8449,-29.6684],[-62.8484,-29.709],[-62.8419,-29.7142],[-62.849,-29.7488],[-62.8058,-29.7819],[-62.8063,-29.8338],[-62.8292,-29.8416],[-62.8385,-29.8659],[-62.8366,-29.8735],[-62.825,-29.8759],[-62.8203,-29.9039],[-62.7996,-29.9088],[-62.7989,-29.9239],[-62.7858,-29.94],[-62.7919,-29.96],[-62.7536,-29.9664],[-62.7239,-29.9908],[-62.6995,-29.9888],[-62.6912,-29.9958],[-62.6638,-29.9983],[-62.655,-30.0073],[-62.6747,-30.0352],[-62.6638,-30.0487],[-62.6554,-30.0553],[-62.6085,-30.0565],[-62.4534,-29.9692],[-62.4453,-29.9496],[-62.4361,-29.9496],[-62.4375,-29.6666]]]}},
{"type":"Feature","properties":{"name":"Moreno","georefId":"86119","provinciaGeorefId":"86","tipo":"Departamento"},"geometry":{"type":"Polygon","coordinates":[[[-61.7126,-26.8091],[-62.0647,-26.8094],[-62.0648,-26.7899],[-62.5042,-26.7872],[-62.504,-26.8327],[-62.7651,-26.832],[-62.7659,-26.8235],[-62.9285,-26.8203],[-62.9293,-26.7937],[-63.2336,-26.7942],[-63.2334,-26.8417],[-63.2119,-26.8418],[-63.2118,-26.8781],[-63.2341,-26.8781],[-63.2407,-27.0066],[-63.2311,-27.0066],[-63.2312,-27.0307],[-63.2412,-27.0307],[-63.2408,-27.1085],[-63.257,-27.1086],[-63.2572,-27.1496],[-63.2222,-27.1495],[-63.2552,-27.3121],[-63.208,-27.3215],[-63.2025,-27.439],[-63.2238,-27.4388],[-63.2241,-27.4467],[-63.2522,-27.4434],[-63.2629,-27.4968],[-63.2324,-27.5001],[-63.2416,-27.5365],[-63.1839,-27.5475],[-63.2173,-27.702],[-63.2285,-27.6999],[-63.2302,-27.7088],[-63.2195,-27.7106],[-63.2235,-27.728],[-63.1491,-27.7407],[-63.1469,-27.7298],[-63.0962,-27.7377],[-63.0977,-27.7439],[-62.9486,-27.7515],[-62.9482,-27.7753],[-62.8843,-27.7776],[-62.8843,-27.8198],[-62.6742,-27.8203],[-62.6744,-27.7982],[-62.5703,-27.7993],[-62.5706,-27.8176],[-62.232,-27.8199],[-62.2314,-27.7905],[-61.7119,-27.7972],[-61.7119,-27.714],[-61.7127,-26.9282],[-61.7126,-26.8091]]]}},
{"type":"Feature","properties":{"name":"Ojo de Agua","georefId":"86126","provinciaGeorefId":"86","tipo":"Departamento"},"geometry":{"type":"Polygon","coordinates":[[[-63.8807,-28.9104],[-63.8988,-28.9089],[-63.9104,-28.8952],[-63.9563,-28.8713],[-64.0057,-28.8775],[-64.1075,-28.8348],[-64.1387,-28.7944],[-64.194,-28.7596],[-64.2661,-29.0373],[-64.5136,-29.0344],[-64.5887,-29.5418],[-64.4894,-29.5281],[-64.2755,-29.4987],[-64.0823,-29.5301],[-63.9808,-29.551],[-63.9578,-29.6235],[-63.8739,-29.6308],[-63.8419,-29.5808],[-63.7838,-29.5842],[-63.7961,-29.6144],[-63.7562,-29.6216],[-63.7484,-29.6533],[-63.719,-29.6662],[-63.6406,-29.6628],[-63.6386,-29.656],[-63.6316,-29.6605],[-63.6279,-29.655],[-63.5687,-29.6643],[-63.53,-29.6577],[-63.4654,-29.6645],[-63.4805,-29.7255],[-63.4597,-29.7255],[-63.4596,-29.7569],[-63.2705,-29.7792],[-63.2667,-29.7079],[-63.2708,-29.6842],[-63.2789,-29.6842],[-63.2785,-29.635],[-63.2981,-29.6315],[-63.2966,-29.6257],[-63.3253,-29.6259],[-63.3257,-29.6141],[-63.3446,-29.6143],[-63.3294,-29.5375],[-63.4624,-29.5105],[-63.4609,-29.5001],[-63.5327,-29.4833],[-63.5385,-29.519],[-63.5749,-29.5003],[-63.5809,-29.453],[-63.6422,-29.4396],[-63.6782,-29.4127],[-63.6532,-29.3925],[-63.6473,-29.3063],[-63.7002,-29.3388],[-63.7051,-29.3349],[-63.6706,-29.1819],[-63.7383,-29.1702],[-63.7504,-29.2255],[-63.7945,-29.2176],[-63.7741,-29.1011],[-63.7301,-29.1088],[-63.7188,-29.0592],[-63.8357,-29.0365],[-63.8312,-29.0168],[-63.8459,-29.0037],[-63.796,-28.9621],[-63.8075,-28.953],[-63.8194,-28.9625],[-63.8519,-28.9381],[-63.9194,-28.9377],[-63.8807,-28.9104]]]}},
{"type":"Feature","properties":{"name":"Pellegrini","georefId":"86133","provinciaGeorefId":"86","tipo":"Departamento"},"geometry":{"type":"Polygon","coordinates":[[[-63.9184,-25.6821],[-63.9191,-25.6821],[-63.9527,-25.6789],[-64.0078,-25.6738],[-64.0255,-25.7539],[-64.0829,-25.7452],[-64.1803,-25.7304],[-64.1963,-25.728],[-64.1975,-25.7095],[-64.268,-25.7006],[-64.2738,-25.7144],[-64.2765,-25.7206],[-64.413,-26.0405],[-64.4036,-26.0484],[-64.4167,-26.1143],[-64.4255,-26.1159],[-64.4949,-26.2195],[-64.5021,-26.2395],[-64.4818,-26.3076],[-64.5203,-26.3524],[-64.5348,-26.4101],[-64.5164,-26.4893],[-64.5214,-26.5467],[-64.5084,-26.554],[-64.4172,-26.554],[-64.4171,-26.5659],[-64.2821,-26.5686],[-64.282,-26.6059],[-64.2638,-26.6061],[-64.2636,-26.6345],[-64.1561,-26.6522],[-64.1624,-26.6971],[-63.9805,-26.7213],[-63.8773,-26.7212],[-63.869,-26.645],[-63.8018,-26.6413],[-63.7682,-26.4783],[-63.6923,-26.4787],[-63.6989,-26.4433],[-63.7204,-26.4095],[-63.7207,-26.3763],[-63.731,-26.3713],[-63.7443,-26.3322],[-63.7616,-26.3184],[-63.7683,-26.2656],[-63.7737,-26.2646],[-63.7616,-26.2441],[-63.7681,-26.2372],[-63.7583,-26.2285],[-63.7613,-26.2143],[-63.7671,-26.2091],[-63.7586,-26.2062],[-63.7626,-26.1943],[-63.7305,-26.1593],[-63.7339,-26.1518],[-63.7235,-26.1398],[-63.7292,-26.1352],[-63.7051,-26.1099],[-63.7095,-26.0967],[-63.702,-26.095],[-63.6991,-26.0845],[-63.706,-26.0855],[-63.6953,-26.0802],[-63.6935,-26.0684],[-63.7054,-26.0638],[-63.6902,-26.0341],[-63.6995,-26.0171],[-63.7141,-26.0182],[-63.7133,-26.0228],[-63.7183,-26.018],[-63.7117,-26.0136],[-63.7316,-26.0096],[-63.7227,-25.9954],[-63.7345,-25.9722],[-63.7276,-25.9684],[-63.7453,-25.9667],[-63.7349,-25.9556],[-63.748,-25.9513],[-63.746,-25.9377],[-63.7534,-25.9471],[-63.7519,-25.9297],[-63.7587,-25.9345],[-63.7687,-25.9251],[-63.7647,-25.9152],[-63.7737,-25.9214],[-63.7836,-25.9154],[-63.7916,-25.9299],[-63.7881,-25.9032],[-63.7787,-25.9019],[-63.7897,-25.8915],[-63.7831,-25.889],[-63.7856,-25.8802],[-63.8086,-25.8556],[-63.8121,-25.8611],[-63.8225,-25.8527],[-63.8173,-25.8469],[-63.8303,-25.8468],[-63.8304,-25.8318],[-63.8462,-25.8205],[-63.8387,-25.7897],[-63.8538,-25.7779],[-63.8691,-25.7803],[-63.8777,-25.7737],[-63.8814,-25.7498],[-63.8968,-25.7337],[-63.8926,-25.7151],[-63.9033,-25.7047],[-63.9074,-25.6845],[-63.9184,-25.6821]]]}},
{"type":"Feature","properties":{"name":"Quebrachos","georefId":"86140","provinciaGeorefId":"86","tipo":"Departamento"},"geometry":{"type":"Polygon","coordinates":[[[-63.6634,-28.9386],[-63.6759,-28.9383],[-63.6828,-28.946],[-63.7053,-28.9449],[-63.7098,-28.9376],[-63.717,-28.9422],[-63.7282,-28.9377],[-63.7318,-28.9435],[-63.7394,-28.931],[-63.7624,-28.9312],[-63.767,-28.9244],[-63.7916,-28.924],[-63.8161,-28.9142],[-63.8355,-28.8942],[-63.8593,-28.9123],[-63.8807,-28.9104],[-63.9194,-28.9377],[-63.8519,-28.9381],[-63.8194,-28.9625],[-63.8075,-28.953],[-63.796,-28.9621],[-63.8459,-29.0037],[-63.8312,-29.0168],[-63.8357,-29.0365],[-63.7188,-29.0592],[-63.7301,-29.1088],[-63.7741,-29.1011],[-63.7945,-29.2176],[-63.7504,-29.2255],[-63.7383,-29.1702],[-63.6706,-29.1819],[-63.7051,-29.3349],[-63.7002,-29.3388],[-63.6473,-29.3063],[-63.6532,-29.3925],[-63.6782,-29.4127],[-63.6422,-29.4396],[-63.5809,-29.453],[-63.5749,-29.5003],[-63.5385,-29.519],[-63.5327,-29.4833],[-63.4609,-29.5001],[-63.4624,-29.5105],[-63.3294,-29.5375],[-63.3446,-29.6143],[-63.3257,-29.6141],[-63.3253,-29.6259],[-63.2966,-29.6257],[-63.2981,-29.6315],[-63.2785,-29.635],[-63.2789,-29.6842],[-63.2708,-29.6842],[-63.2667,-29.7079],[-63.2705,-29.7792],[-62.8063,-29.8338],[-62.8058,-29.7819],[-62.849,-29.7488],[-62.8419,-29.7142],[-62.8484,-29.709],[-62.8449,-29.6684],[-62.8604,-29.6599],[-62.8618,-29.6518],[-62.878,-29.6479],[-62.8838,-29.6365],[-62.9053,-29.6384],[-62.9351,-29.6219],[-62.9356,-29.6111],[-62.9653,-29.5833],[-62.96,-29.5756],[-62.9653,-29.5626],[-62.9922,-29.5581],[-63.0124,-29.5195],[-63.0397,-29.5038],[-63.0314,-29.4817],[-63.055,-29.4803],[-63.0693,-29.4458],[-63.0846,-29.4417],[-63.0977,-29.4151],[-63.1096,-29.4034],[-63.128,-29.4053],[-63.1198,-29.3506],[-63.1335,-29.3178],[-63.1578,-29.3124],[-63.1581,-29.2913],[-63.1706,-29.2956],[-63.1852,-29.2874],[-63.2074,-29.2615],[-63.2142,-29.239],[-63.2639,-29.2201],[-63.2793,-29.2269],[-63.2956,-29.2102],[-63.3076,-29.1954],[-63.3029,-29.181],[-63.3138,-29.1739],[-63.322,-29.1394],[-63.354,-29.1366],[-63.362,-29.1284],[-63.3681,-29.1382],[-63.3815,-29.1367],[-63.3991,-29.0934],[-63.3955,-29.0846],[-63.4169,-29.0756],[-63.4147,-29.0696],[-63.4349,-29.0667],[-63.4419,-29.0543],[-63.449,-29.0592],[-63.447,-29.0489],[-63.4591,-29.038],[-63.474,-29.0373],[-63.4759,-29.027],[-63.4871,-29.0325],[-63.5117,-29.0275],[-63.5199,-29.017],[-63.5389,-29.0191],[-63.5423,-28.9691],[-63.5509,-28.9835],[-63.5659,-28.968],[-63.5789,-28.9782],[-63.599,-28.9582],[-63.5958,-28.9484],[-63.6067,-28.9455],[-63.6148,-28.9515],[-63.6201,-28.9427],[-63.6262,-28.9495],[-63.6332,-28.9356],[-63.6468,-28.9372],[-63.6499,-28.9297],[-63.6563,-28.9397],[-63.6634,-28.9386]]]}},
{"type":"Feature","properties":{"name":"Río Hondo","georefId":"86147","provinciaGeorefId":"86","tipo":"Departamento"},"geometry":{"type":"Polygon","coordinates":[[[-64.7985,-27.1508],[-64.8112,-27.1493],[-64.8543,-27.3183],[-64.934,-27.345],[-64.9371,-27.3581],[-64.9744,-27.3509],[-65.0089,-27.4837],[-65.0014,-27.4889],[-64.9784,-27.4947],[-64.9681,-27.5054],[-64.9655,-27.5477],[-64.9736,-27.5627],[-64.9917,-27.5713],[-65.0111,-27.5623],[-65.0117,-27.5642],[-65.012,-27.566],[-65.0271,-27.5871],[-64.991,-27.7241],[-64.9691,-27.718],[-64.9713,-27.7104],[-64.9184,-27.6949],[-64.908,-27.709],[-64.8901,-27.7086],[-64.8628,-27.6831],[-64.8117,-27.6557],[-64.8197,-27.6949],[-64.771,-27.7035],[-64.7604,-27.6474],[-64.7037,-27.6565],[-64.6266,-27.6664],[-64.6233,-27.6499],[-64.5333,-27.6662],[-64.5229,-27.7059],[-64.4382,-27.6043],[-64.4658,-27.5863],[-64.4639,-27.5496],[-64.513,-27.4952],[-64.5588,-27.4954],[-64.5744,-27.4714],[-64.6166,-27.4441],[-64.5704,-27.3385],[-64.681,-27.2337],[-64.7487,-27.2319],[-64.7644,-27.1855],[-64.7985,-27.1508]]]}},
{"type":"Feature","properties":{"name":"Rivadavia","georefId":"86154","provinciaGeorefId":"86","tipo":"Departamento"},"geometry":{"type":"Polygon","coordinates":[[[-61.9917,-29.6616],[-62.4375,-29.6666],[-62.4361,-29.9496],[-62.4453,-29.9496],[-62.4534,-29.9692],[-62.6085,-30.0565],[-62.5825,-30.0642],[-62.5565,-30.0628],[-62.5677,-30.1231],[-62.5968,-30.1657],[-62.5926,-30.1815],[-62.6013,-30.1909],[-62.599,-30.217],[-62.5902,-30.2286],[-62.5936,-30.2596],[-62.5345,-30.312],[-62.5201,-30.3419],[-62.1738,-30.3453],[-62.1576,-30.3962],[-62.1307,-30.4804],[-62.0525,-30.0196],[-62.0164,-29.8071],[-61.9948,-29.6802],[-61.9917,-29.6618],[-61.9917,-29.6616]]]}},
{"type":"Feature","properties":{"name":"Robles","georefId":"86161","provinciaGeorefId":"86","tipo":"Departamento"},"geometry":{"type":"Polygon","coordinates":[[[-63.6605,-27.8176],[-63.6743,-27.7516],[-63.7416,-27.7405],[-63.7415,-27.7331],[-63.8333,-27.7333],[-63.833,-27.6805],[-63.8798,-27.6558],[-63.8799,-27.6646],[-63.8959,-27.6666],[-63.8938,-27.6721],[-63.9158,-27.6747],[-63.9159,-27.6953],[-63.9342,-27.6975],[-63.9339,-27.7364],[-64.0857,-27.755],[-64.0854,-27.7399],[-64.2076,-27.8118],[-64.1621,-27.8648],[-64.1647,-27.8784],[-64.1526,-27.8935],[-64.1548,-27.9134],[-64.1421,-27.9185],[-64.1535,-27.9292],[-64.1502,-27.9373],[-64.1189,-27.9398],[-64.105,-27.9509],[-64.1036,-27.9653],[-64.1098,-27.9726],[-64.041,-27.9612],[-64.0464,-27.9854],[-63.9565,-28.0009],[-63.9634,-28.0298],[-63.9305,-28.0362],[-63.9236,-28.0067],[-63.9335,-28.0048],[-63.9238,-27.967],[-63.7346,-28.0031],[-63.7291,-27.9773],[-63.6892,-27.9839],[-63.6564,-27.8338],[-63.6635,-27.8327],[-63.6605,-27.8176]]]}},
{"type":"Feature","properties":{"name":"Salavina","georefId":"86168","provinciaGeorefId":"86","tipo":"Departamento"},"geometry":{"type":"Polygon","coordinates":[[[-63.0681,-28.8918],[-63.0678,-28.8116],[-63.1108,-28.8117],[-63.1108,-28.7654],[-63.2424,-28.7406],[-63.227,-28.6372],[-63.3134,-28.637],[-63.3134,-28.6071],[-63.354,-28.607],[-63.3539,-28.5872],[-63.3926,-28.6046],[-63.3837,-28.5556],[-63.467,-28.5425],[-63.4751,-28.5764],[-63.5237,-28.5689],[-63.5308,-28.5951],[-63.5374,-28.5909],[-63.6014,-28.6265],[-63.5993,-28.6335],[-63.5877,-28.6304],[-63.5898,-28.6424],[-63.5811,-28.6416],[-63.5815,-28.6482],[-63.6225,-28.6732],[-63.584,-28.7242],[-63.5639,-28.7129],[-63.5526,-28.7288],[-63.6413,-28.7775],[-63.6383,-28.7818],[-63.6586,-28.7937],[-63.5929,-28.8762],[-63.6634,-28.9386],[-63.6563,-28.9397],[-63.6499,-28.9297],[-63.6468,-28.9372],[-63.6332,-28.9356],[-63.6262,-28.9495],[-63.6201,-28.9427],[-63.6148,-28.9515],[-63.6067,-28.9455],[-63.5958,-28.9484],[-63.599,-28.9582],[-63.5789,-28.9782],[-63.5659,-28.968],[-63.5509,-28.9835],[-63.5423,-28.9691],[-63.5389,-29.0191],[-63.5199,-29.017],[-63.5117,-29.0275],[-63.4871,-29.0325],[-63.4759,-29.027],[-63.474,-29.0373],[-63.4591,-29.038],[-63.447,-29.0489],[-63.449,-29.0592],[-63.4419,-29.0543],[-63.4349,-29.0667],[-63.4147,-29.0696],[-63.4169,-29.0756],[-63.3955,-29.0846],[-63.3991,-29.0934],[-63.3815,-29.1367],[-63.3681,-29.1382],[-63.362,-29.1284],[-63.354,-29.1366],[-63.322,-29.1394],[-63.3138,-29.1739],[-63.3029,-29.181],[-63.3076,-29.1954],[-63.2956,-29.2102],[-63.2793,-29.2269],[-63.2639,-29.2201],[-63.2142,-29.239],[-63.2074,-29.2615],[-63.1852,-29.2874],[-63.1706,-29.2956],[-63.1581,-29.2913],[-63.1578,-29.3124],[-62.9942,-29.2186],[-62.9959,-29.202],[-62.9807,-29.202],[-62.9802,-28.9667],[-63.0681,-28.9701],[-63.0681,-28.8918]]]}},
{"type":"Feature","properties":{"name":"San Martín","georefId":"86175","provinciaGeorefId":"86","tipo":"Departamento"},"geometry":{"type":"Polygon","coordinates":[[[-63.7346,-28.0031],[-63.9238,-27.967],[-63.9335,-28.0048],[-63.9236,-28.0067],[-63.9305,-28.0362],[-63.9634,-28.0298],[-63.9565,-28.0009],[-64.0464,-27.9854],[-64.041,-27.9612],[-64.1098,-27.9726],[-64.1126,-27.9831],[-64.1033,-27.9893],[-64.1063,-27.997],[-64.0601,-28.0943],[-64.0625,-28.196],[-64.0737,-28.2111],[-64.069,-28.2388],[-64.0826,-28.2489],[-64.082,-28.2782],[-64.055,-28.3045],[-64.0595,-28.3156],[-64.0494,-28.3301],[-64.0171,-28.3077],[-64.0124,-28.3124],[-64.0308,-28.3243],[-64.0306,-28.3355],[-64.0187,-28.3377],[-64.0083,-28.3288],[-63.9862,-28.3473],[-63.969,-28.3434],[-63.9711,-28.3591],[-63.9572,-28.3614],[-63.9482,-28.3814],[-63.9341,-28.3812],[-63.9271,-28.3675],[-63.9231,-28.379],[-63.9039,-28.3807],[-63.9022,-28.3929],[-63.8894,-28.3787],[-63.8802,-28.3896],[-63.8759,-28.3765],[-63.8752,-28.3856],[-63.8513,-28.3911],[-63.8396,-28.3964],[-63.8389,-28.4051],[-63.817,-28.3956],[-63.8162,-28.4155],[-63.7959,-28.4355],[-63.7865,-28.4357],[-63.6941,-28.3795],[-63.704,-28.3678],[-63.7111,-28.3716],[-63.7099,-28.3484],[-63.6358,-28.3512],[-63.6115,-28.2546],[-63.6285,-28.2518],[-63.6168,-28.199],[-63.6064,-28.1497],[-63.6141,-28.1542],[-63.6539,-28.1475],[-63.6417,-28.0903],[-63.6535,-28.0878],[-63.6507,-28.0748],[-63.737,-28.0145],[-63.7346,-28.0031]]]}},
{"type":"Feature","properties":{"name":"Sarmiento","georefId":"86182","provinciaGeorefId":"86","tipo":"Departamento"},"geometry":{"type":"Polygon","coordinates":[[[-63.4815,-27.8358],[-63.5809,-27.867],[-63.5926,-27.8296],[-63.6605,-27.8176],[-63.6635,-27.8327],[-63.6564,-27.8338],[-63.6892,-27.9839],[-63.7291,-27.9773],[-63.7346,-28.0031],[-63.737,-28.0145],[-63.6507,-28.0748],[-63.6535,-28.0878],[-63.6417,-28.0903],[-63.6539,-28.1475],[-63.6141,-28.1542],[-63.6064,-28.1497],[-63.6168,-28.199],[-63.5809,-28.205],[-63.5861,-28.2346],[-63.5775,-28.2361],[-63.5786,-28.2421],[-63.552,-28.2463],[-63.5534,-28.2529],[-63.5129,-28.2566],[-63.4673,-28.2552],[-63.4597,-28.2124],[-63.3616,-28.317],[-63.333,-28.3221],[-63.3339,-28.3299],[-63.2309,-28.3493],[-63.2232,-28.3441],[-63.2283,-28.3273],[-63.1097,-28.3272],[-63.1107,-28.3166],[-63.1154,-28.3077],[-63.093,-28.2792],[-63.0954,-28.2701],[-63.1336,-28.2434],[-63.1449,-28.2069],[-63.2003,-28.1659],[-63.239,-28.1699],[-63.2702,-28.1597],[-63.2688,-28.1499],[-63.2808,-28.1406],[-63.2749,-28.1263],[-63.2797,-28.106],[-63.2938,-28.0867],[-63.3176,-28.0807],[-63.3152,-28.0666],[-63.328,-28.0543],[-63.3457,-28.054],[-63.3616,-28.0389],[-63.3725,-28.0423],[-63.398,-28.0285],[-63.3944,-28.0125],[-63.4097,-27.9728],[-63.4197,-27.9716],[-63.4291,-27.9564],[-63.445,-27.9534],[-63.438,-27.9435],[-63.4482,-27.9348],[-63.4425,-27.9228],[-63.467,-27.9072],[-63.4576,-27.8985],[-63.4577,-27.8825],[-63.4725,-27.8656],[-63.4815,-27.8358]]]}},
{"type":"Feature","properties":{"name":"Silípica","georefId":"86189","provinciaGeorefId":"86","tipo":"Departamento"},"geometry":{"type":"Polygon","coordinates":[[[-64.1098,-27.9726],[-64.1036,-27.9653],[-64.2218,-27.9908],[-64.2453,-28.0935],[-64.4144,-28.0625],[-64.4019,-28.1218],[-64.4349,-28.1161],[-64.4515,-28.196],[-64.4841,-28.1898],[-64.5124,-28.3166],[-64.5494,-28.3103],[-64.5511,-28.3188],[-64.4816,-28.3312],[-64.4907,-28.3713],[-64.2631,-28.3408],[-64.1886,-28.3063],[-64.1781,-28.2826],[-64.0826,-28.2489],[-64.069,-28.2388],[-64.0737,-28.2111],[-64.0625,-28.196],[-64.0601,-28.0943],[-64.1063,-27.997],[-64.1033,-27.9893],[-64.1126,-27.9831],[-64.1098,-27.9726]]]}},
{"type":"Feature","properties":{"name":"Burruyacú","georefId":"90007","provinciaGeorefId":"90","tipo":"Departamento"},"geometry":{"type":"Polygon","coordinates":[[[-64.4949,-26.2195],[-64.5109,-26.2145],[-64.5191,-26.2242],[-64.5416,-26.2194],[-64.5642,-26.2269],[-64.5796,-26.2182],[-64.5965,-26.2243],[-64.5967,-26.2244],[-64.6137,-26.2334],[-64.622,-26.2245],[-64.6334,-26.2348],[-64.6678,-26.2427],[-64.7123,-26.2356],[-64.7322,-26.2416],[-64.7482,-26.2379],[-64.7591,-26.224],[-64.7904,-26.2237],[-64.8159,-26.2313],[-64.8228,-26.2427],[-64.8459,-26.2389],[-64.8512,-26.2538],[-64.8581,-26.2527],[-64.8868,-26.2822],[-64.8872,-26.2824],[-64.897,-26.2788],[-64.9088,-26.2904],[-64.9416,-26.3022],[-64.9609,-26.304],[-64.9725,-26.2744],[-65.0378,-26.2903],[-65.0447,-26.3203],[-65.0678,-26.3417],[-65.0705,-26.3576],[-65.103,-26.4],[-65.1091,-26.461],[-65.1187,-26.4851],[-65.1144,-26.5087],[-65.1409,-26.5078],[-65.1673,-26.5536],[-65.1912,-26.5537],[-65.1914,-26.5807],[-65.1719,-26.5784],[-65.1654,-26.5994],[-65.1866,-26.618],[-65.1918,-26.641],[-65.1731,-26.6564],[-65.1765,-26.6852],[-65.162,-26.6998],[-65.1613,-26.7233],[-65.1545,-26.7267],[-65.1573,-26.7564],[-65.1299,-26.7441],[-65.1299,-26.7503],[-65.0999,-26.7557],[-65.1047,-26.7769],[-64.9479,-26.8067],[-64.9369,-26.7635],[-64.8797,-26.7739],[-64.894,-26.833],[-64.8521,-26.8409],[-64.846,-26.815],[-64.8052,-26.8225],[-64.8084,-26.8398],[-64.7783,-26.8443],[-64.7812,-26.8579],[-64.7524,-26.8636],[-64.7249,-26.8675],[-64.7198,-26.8346],[-64.7105,-26.8362],[-64.7074,-26.82],[-64.677,-26.821],[-64.6722,-26.7942],[-64.6179,-26.8027],[-64.587,-26.6579],[-64.4986,-26.6736],[-64.5084,-26.554],[-64.5214,-26.5467],[-64.5164,-26.4893],[-64.5348,-26.4101],[-64.5203,-26.3524],[-64.4818,-26.3076],[-64.5021,-26.2395],[-64.4949,-26.2195]]]}},
{"type":"Feature","properties":{"name":"Cruz Alta","georefId":"90014","provinciaGeorefId":"90","tipo":"Departamento"},"geometry":{"type":"Polygon","coordinates":[[[-64.7105,-26.8362],[-64.7198,-26.8346],[-64.7249,-26.8675],[-64.7524,-26.8636],[-64.7812,-26.8579],[-64.7783,-26.8443],[-64.8084,-26.8398],[-64.8052,-26.8225],[-64.846,-26.815],[-64.8521,-26.8409],[-64.894,-26.833],[-64.8797,-26.7739],[-64.9369,-26.7635],[-64.9479,-26.8067],[-65.1047,-26.7769],[-65.0999,-26.7557],[-65.1299,-26.7503],[-65.1299,-26.7441],[-65.1573,-26.7564],[-65.1643,-26.7944],[-65.1597,-26.8151],[-65.1792,-26.8555],[-65.1956,-26.8682],[-65.2014,-26.8901],[-65.2102,-26.8937],[-65.2064,-26.9097],[-65.2139,-26.9093],[-65.208,-26.9284],[-65.215,-26.9309],[-65.2144,-26.9407],[-65.2199,-26.9373],[-65.2147,-26.9511],[-65.2347,-26.9683],[-65.2328,-26.9795],[-65.2418,-26.977],[-65.246,-26.9975],[-65.1319,-27.0226],[-65.1284,-27.0233],[-65.1281,-27.0234],[-65.1267,-27.0237],[-65.1258,-27.0238],[-65.1233,-27.0244],[-65.123,-27.0244],[-65.1191,-27.0162],[-65.0497,-27.0294],[-65.0465,-27.0151],[-64.9542,-27.0333],[-64.9526,-27.0336],[-64.9524,-27.0337],[-64.9523,-27.0337],[-64.9507,-27.034],[-64.9466,-27.0348],[-64.9459,-27.035],[-64.9443,-27.0355],[-64.916,-27.0439],[-64.9094,-27.0451],[-64.8143,-27.0641],[-64.8156,-27.0702],[-64.788,-27.0753],[-64.7812,-27.0766],[-64.7811,-27.0763],[-64.7795,-27.0695],[-64.7669,-27.0148],[-64.7533,-27.0171],[-64.7503,-27.003],[-64.7426,-27.0044],[-64.7105,-26.8362]]]}},
{"type":"Feature","properties":{"name":"Chicligasta","georefId":"90021","provinciaGeorefId":"90","tipo":"Departamento"},"geometry":{"type":"Polygon","coordinates":[[[-65.4701,-27.3],[-65.4927,-27.2983],[-65.4955,-27.2923],[-65.5029,-27.2968],[-65.5095,-27.2886],[-65.5173,-27.2924],[-65.5329,-27.2758],[-65.5431,-27.2855],[-65.5821,-27.2773],[-65.5903,-27.2667],[-65.6836,-27.2265],[-65.6969,-27.2016],[-65.7438,-27.1961],[-65.7617,-27.2019],[-65.7789,-27.1936],[-65.7959,-27.1951],[-65.7976,-27.1641],[-65.8231,-27.1369],[-65.9229,-27.0957],[-65.9728,-27.054],[-65.9777,-27.0878],[-65.9897,-27.1048],[-66.0017,-27.1019],[-66.0053,-27.1085],[-66.0067,-27.1092],[-66.0203,-27.1178],[-66.0205,-27.1183],[-66.0545,-27.1449],[-66.0556,-27.1557],[-66.0579,-27.1565],[-66.07,-27.1891],[-66.0719,-27.19],[-66.0824,-27.1983],[-66.0826,-27.2112],[-66.0848,-27.2118],[-66.11,-27.2155],[-66.1342,-27.2485],[-66.1396,-27.2618],[-66.1329,-27.2662],[-66.1179,-27.2665],[-66.0663,-27.2922],[-66.0293,-27.2982],[-65.9731,-27.3316],[-65.965,-27.3605],[-65.9675,-27.3991],[-65.9344,-27.4032],[-65.9303,-27.3833],[-65.92,-27.3831],[-65.9005,-27.3672],[-65.8725,-27.371],[-65.8545,-27.3618],[-65.8363,-27.3643],[-65.8126,-27.357],[-65.728,-27.3553],[-65.6796,-27.3812],[-65.655,-27.4075],[-65.6456,-27.401],[-65.6421,-27.4135],[-65.6382,-27.4081],[-65.6222,-27.4171],[-65.6221,-27.4172],[-65.6153,-27.4164],[-65.6135,-27.4122],[-65.5897,-27.4172],[-65.5895,-27.4172],[-65.5749,-27.4224],[-65.5551,-27.4161],[-65.5489,-27.4308],[-65.5311,-27.4331],[-65.5276,-27.4255],[-65.5176,-27.433],[-65.4982,-27.4327],[-65.4872,-27.4046],[-65.4792,-27.4086],[-65.4824,-27.422],[-65.4715,-27.4217],[-65.4617,-27.3939],[-65.4697,-27.3962],[-65.4783,-27.3817],[-65.4609,-27.327],[-65.4699,-27.3236],[-65.4641,-27.3032],[-65.4701,-27.3]]]}},
{"type":"Feature","properties":{"name":"Famaillá","georefId":"90028","provinciaGeorefId":"90","tipo":"Departamento"},"geometry":{"type":"Polygon","coordinates":[[[-65.6143,-26.8391],[-65.6252,-26.8398],[-65.6255,-26.8401],[-65.627,-26.8415],[-65.6287,-26.8763],[-65.6415,-26.8952],[-65.6226,-26.9246],[-65.5855,-26.9063],[-65.5841,-26.925],[-65.5965,-26.9358],[-65.5823,-26.9351],[-65.5762,-26.9518],[-65.576,-26.9522],[-65.5594,-26.9581],[-65.5562,-26.9591],[-65.4854,-27.0318],[-65.4853,-27.0319],[-65.4767,-27.0604],[-65.4885,-27.0825],[-65.485,-27.0958],[-65.4667,-27.1018],[-65.4722,-27.108],[-65.4569,-27.1132],[-65.4627,-27.1156],[-65.4265,-27.1277],[-65.4219,-27.1121],[-65.4027,-27.1156],[-65.39,-27.0887],[-65.3528,-27.1092],[-65.3524,-27.1024],[-65.3441,-27.1045],[-65.3514,-27.0874],[-65.3346,-27.0553],[-65.3222,-27.0488],[-65.3242,-27.0331],[-65.3311,-27.0205],[-65.3462,-27.0211],[-65.3572,-27.0015],[-65.3648,-27.001],[-65.3627,-26.9863],[-65.3729,-26.9807],[-65.375,-26.9662],[-65.3977,-26.9524],[-65.4082,-26.956],[-65.4096,-26.9463],[-65.4278,-26.9374],[-65.4335,-26.9242],[-65.4418,-26.9289],[-65.4489,-26.9009],[-65.4662,-26.8825],[-65.4809,-26.8836],[-65.4979,-26.866],[-65.6132,-26.84],[-65.6143,-26.8391]]]}},
{"type":"Feature","properties":{"name":"Graneros","georefId":"90035","provinciaGeorefId":"90","tipo":"Departamento"},"geometry":{"type":"Polygon","coordinates":[[[-65.012,-27.566],[-65.0242,-27.5595],[-65.0307,-27.5822],[-65.0573,-27.5745],[-65.0711,-27.587],[-65.0955,-27.5815],[-65.0993,-27.5709],[-65.1151,-27.5682],[-65.1188,-27.5763],[-65.1524,-27.5878],[-65.1687,-27.5656],[-65.1949,-27.5676],[-65.2308,-27.5584],[-65.2598,-27.564],[-65.2819,-27.5461],[-65.3417,-27.5371],[-65.3481,-27.5243],[-65.4,-27.5327],[-65.4073,-27.5404],[-65.4531,-27.5366],[-65.4793,-27.5432],[-65.4835,-27.5389],[-65.4852,-27.5448],[-65.5168,-27.5432],[-65.5352,-27.6215],[-65.5113,-27.6141],[-65.5222,-27.6216],[-65.5126,-27.6274],[-65.5203,-27.6635],[-65.4994,-27.6672],[-65.5052,-27.6922],[-65.4941,-27.6943],[-65.5039,-27.7382],[-65.4803,-27.7426],[-65.4832,-27.7563],[-65.464,-27.7607],[-65.4728,-27.7883],[-65.4149,-27.7965],[-65.4362,-27.8865],[-65.4054,-27.8727],[-65.3941,-27.8569],[-65.3647,-27.8458],[-65.1708,-27.9465],[-65.1781,-27.9164],[-65.1695,-27.9177],[-65.1596,-27.877],[-65.1026,-27.8933],[-65.039,-27.8793],[-65.0163,-27.7924],[-65.0281,-27.7527],[-64.986,-27.7416],[-64.991,-27.7241],[-65.0271,-27.5871],[-65.012,-27.566]]]}},
{"type":"Feature","properties":{"name":"Juan Bautista Alberdi","georefId":"90042","provinciaGeorefId":"90","tipo":"Departamento"},"geometry":{"type":"Polygon","coordinates":[[[-65.8843,-27.5114],[-65.9146,-27.4934],[-65.9342,-27.4597],[-65.9749,-27.4553],[-65.9747,-27.4582],[-65.9757,-27.4935],[-65.9644,-27.5456],[-65.9637,-27.5461],[-65.9597,-27.5511],[-65.9581,-27.5535],[-65.9503,-27.5618],[-65.956,-27.5723],[-65.9553,-27.5743],[-65.9536,-27.5776],[-65.9516,-27.5788],[-65.9512,-27.5814],[-65.9507,-27.5832],[-65.9506,-27.5833],[-65.9499,-27.5851],[-65.9469,-27.5914],[-65.9452,-27.5936],[-65.943,-27.6013],[-65.9428,-27.6036],[-65.9422,-27.6046],[-65.94,-27.6122],[-65.9399,-27.6163],[-65.9394,-27.6176],[-65.9383,-27.6194],[-65.9379,-27.6198],[-65.9346,-27.6269],[-65.9347,-27.6287],[-65.9154,-27.6691],[-65.8759,-27.6724],[-65.8754,-27.6725],[-65.8743,-27.6758],[-65.8289,-27.8128],[-65.8323,-27.8509],[-65.8149,-27.8272],[-65.8207,-27.8204],[-65.8064,-27.8164],[-65.7946,-27.8071],[-65.7978,-27.7857],[-65.7554,-27.7707],[-65.7592,-27.7473],[-65.77,-27.7413],[-65.7625,-27.7372],[-65.7623,-27.7213],[-65.7415,-27.6793],[-65.7527,-27.657],[-65.7324,-27.6114],[-65.7102,-27.6097],[-65.6911,-27.631],[-65.6721,-27.6362],[-65.6187,-27.6322],[-65.598,-27.6243],[-65.5965,-27.6148],[-65.5857,-27.6233],[-65.5496,-27.609],[-65.5398,-27.6111],[-65.5352,-27.6215],[-65.5168,-27.5432],[-65.5451,-27.5415],[-65.5791,-27.5186],[-65.6014,-27.5158],[-65.6182,-27.5217],[-65.6438,-27.5177],[-65.6498,-27.5272],[-65.6628,-27.5272],[-65.6627,-27.5203],[-65.6838,-27.5358],[-65.7128,-27.535],[-65.7265,-27.5415],[-65.749,-27.5391],[-65.752,-27.528],[-65.7784,-27.5313],[-65.7787,-27.5314],[-65.7795,-27.5322],[-65.78,-27.5321],[-65.7845,-27.5313],[-65.7889,-27.5305],[-65.7965,-27.5292],[-65.8723,-27.5157],[-65.88,-27.5139],[-65.8811,-27.5132],[-65.8813,-27.5132],[-65.882,-27.5128],[-65.8843,-27.5114]]]}},
{"type":"Feature","properties":{"name":"La Cocha","georefId":"90049","provinciaGeorefId":"90","tipo":"Departamento"},"geometry":{"type":"Polygon","coordinates":[[[-65.5352,-27.6215],[-65.5398,-27.6111],[-65.5496,-27.609],[-65.5857,-27.6233],[-65.5965,-27.6148],[-65.598,-27.6243],[-65.6187,-27.6322],[-65.6721,-27.6362],[-65.6911,-27.631],[-65.7102,-27.6097],[-65.7324,-27.6114],[-65.7527,-27.657],[-65.7415,-27.6793],[-65.7623,-27.7213],[-65.7625,-27.7372],[-65.77,-27.7413],[-65.7592,-27.7473],[-65.7554,-27.7707],[-65.7226,-27.797],[-65.7193,-27.8163],[-65.7039,-27.8081],[-65.6989,-27.8896],[-65.6747,-27.9285],[-65.6663,-27.9732],[-65.6181,-27.9715],[-65.6126,-27.9913],[-65.5884,-27.999],[-65.5763,-28.0141],[-65.5609,-28.0064],[-65.5586,-27.9958],[-65.5462,-27.99],[-65.5444,-27.9758],[-65.5197,-27.9619],[-65.5232,-27.9493],[-65.5072,-27.9416],[-65.5001,-27.9241],[-65.4715,-27.9143],[-65.4362,-27.8865],[-65.4149,-27.7965],[-65.4728,-27.7883],[-65.464,-27.7607],[-65.4832,-27.7563],[-65.4803,-27.7426],[-65.5039,-27.7382],[-65.4941,-27.6943],[-65.5052,-27.6922],[-65.4994,-27.6672],[-65.5203,-27.6635],[-65.5126,-27.6274],[-65.5222,-27.6216],[-65.5113,-27.6141],[-65.5352,-27.6215]]]}},
{"type":"Feature","properties":{"name":"Leales","georefId":"90056","provinciaGeorefId":"90","tipo":"Departamento"},"geometry":{"type":"Polygon","coordinates":[[[-64.7812,-27.0766],[-64.788,-27.0753],[-64.8156,-27.0702],[-64.8143,-27.0641],[-64.9094,-27.0451],[-64.916,-27.0439],[-64.9443,-27.0355],[-64.9459,-27.035],[-64.9466,-27.0348],[-64.9507,-27.034],[-64.9523,-27.0337],[-64.9524,-27.0337],[-64.9526,-27.0336],[-64.9542,-27.0333],[-65.0465,-27.0151],[-65.0497,-27.0294],[-65.1191,-27.0162],[-65.123,-27.0244],[-65.1233,-27.0244],[-65.1258,-27.0238],[-65.1267,-27.0237],[-65.1281,-27.0234],[-65.1284,-27.0233],[-65.1319,-27.0226],[-65.246,-26.9975],[-65.2511,-27],[-65.2442,-27.0038],[-65.2605,-27.0156],[-65.2566,-27.0224],[-65.2698,-27.0205],[-65.2653,-27.0058],[-65.2572,-27.0074],[-65.265,-26.987],[-65.2511,-26.9733],[-65.2597,-26.9706],[-65.2606,-26.9529],[-65.2839,-26.9411],[-65.2948,-26.9213],[-65.3073,-26.9673],[-65.3036,-26.9792],[-65.314,-26.9865],[-65.2976,-26.9945],[-65.2948,-26.9841],[-65.2838,-26.9864],[-65.2929,-27.0078],[-65.3148,-27.01],[-65.3093,-27.0244],[-65.3242,-27.0331],[-65.3222,-27.0488],[-65.3346,-27.0553],[-65.3514,-27.0874],[-65.3441,-27.1045],[-65.3524,-27.1024],[-65.3528,-27.1092],[-65.39,-27.0887],[-65.4027,-27.1156],[-65.4219,-27.1121],[-65.4265,-27.1277],[-65.4094,-27.1375],[-65.4143,-27.1458],[-65.4052,-27.1449],[-65.3992,-27.1533],[-65.386,-27.1509],[-65.3904,-27.1533],[-65.3774,-27.1567],[-65.3773,-27.1636],[-65.3689,-27.1621],[-65.3717,-27.1719],[-65.3644,-27.18],[-65.3517,-27.1818],[-65.3348,-27.2022],[-65.3336,-27.205],[-65.3336,-27.2051],[-65.3328,-27.218],[-65.2998,-27.2259],[-65.3059,-27.2454],[-65.2979,-27.2565],[-65.3008,-27.2673],[-65.2521,-27.2938],[-65.2307,-27.3167],[-65.2176,-27.3151],[-65.2134,-27.3424],[-65.1899,-27.3639],[-65.1572,-27.372],[-65.1431,-27.3948],[-65.1177,-27.4087],[-65.1115,-27.4264],[-65.098,-27.4286],[-65.0927,-27.421],[-65.0886,-27.4386],[-65.1042,-27.4469],[-65.0633,-27.4616],[-65.0631,-27.4423],[-65.0404,-27.4777],[-65.0121,-27.4833],[-65.0058,-27.4939],[-65.0014,-27.4889],[-65.0089,-27.4837],[-64.9744,-27.3509],[-64.9371,-27.3581],[-64.934,-27.345],[-64.8543,-27.3183],[-64.8112,-27.1493],[-64.7985,-27.1508],[-64.7872,-27.1015],[-64.7813,-27.0769],[-64.7812,-27.0766]]]}},
{"type":"Feature","properties":{"name":"Lules","georefId":"90063","provinciaGeorefId":"90","tipo":"Departamento"},"geometry":{"type":"Polygon","coordinates":[[[-65.4443,-26.7998],[-65.46,-26.772],[-65.5158,-26.7481],[-65.5478,-26.7637],[-65.6103,-26.7284],[-65.6335,-26.7384],[-65.6418,-26.7531],[-65.6617,-26.8096],[-65.6338,-26.8113],[-65.6243,-26.8359],[-65.6244,-26.8391],[-65.6252,-26.8398],[-65.6143,-26.8391],[-65.6132,-26.84],[-65.4979,-26.866],[-65.4809,-26.8836],[-65.4662,-26.8825],[-65.4489,-26.9009],[-65.4418,-26.9289],[-65.4335,-26.9242],[-65.4278,-26.9374],[-65.4096,-26.9463],[-65.4082,-26.956],[-65.3977,-26.9524],[-65.375,-26.9662],[-65.3729,-26.9807],[-65.3627,-26.9863],[-65.3648,-27.001],[-65.3572,-27.0015],[-65.3462,-27.0211],[-65.3311,-27.0205],[-65.3242,-27.0331],[-65.3093,-27.0244],[-65.3148,-27.01],[-65.2929,-27.0078],[-65.2838,-26.9864],[-65.2948,-26.9841],[-65.2976,-26.9945],[-65.314,-26.9865],[-65.3036,-26.9792],[-65.3073,-26.9673],[-65.2948,-26.9213],[-65.2839,-26.9411],[-65.2606,-26.9529],[-65.2597,-26.9706],[-65.2511,-26.9733],[-65.265,-26.987],[-65.2572,-27.0074],[-65.2653,-27.0058],[-65.2698,-27.0205],[-65.2566,-27.0224],[-65.2605,-27.0156],[-65.2442,-27.0038],[-65.2511,-27],[-65.246,-26.9975],[-65.2418,-26.977],[-65.2328,-26.9795],[-65.2347,-26.9683],[-65.2147,-26.9511],[-65.2199,-26.9373],[-65.2144,-26.9407],[-65.215,-26.9309],[-65.208,-26.9284],[-65.2139,-26.9093],[-65.23,-26.8768],[-65.2713,-26.8667],[-65.2706,-26.8361],[-65.3067,-26.8333],[-65.308,-26.839],[-65.3167,-26.8289],[-65.3696,-26.8202],[-65.3805,-26.8399],[-65.4375,-26.827],[-65.4314,-26.8088],[-65.4443,-26.7998]]]}},
{"type":"Feature","properties":{"name":"Monteros","georefId":"90070","provinciaGeorefId":"90","tipo":"Departamento"},"geometry":{"type":"Polygon","coordinates":[[[-65.5762,-26.9518],[-65.5823,-26.9351],[-65.5965,-26.9358],[-65.5841,-26.925],[-65.5855,-26.9063],[-65.6226,-26.9246],[-65.6415,-26.8952],[-65.6522,-26.8908],[-65.6632,-26.9102],[-65.6532,-26.9452],[-65.6655,-26.954],[-65.6812,-26.9522],[-65.6906,-26.9655],[-65.7124,-26.9722],[-65.7425,-27.0198],[-65.7424,-27.0352],[-65.7801,-27.0472],[-65.7705,-27.0924],[-65.7811,-27.0997],[-65.7934,-27.0954],[-65.8026,-27.0631],[-65.8186,-27.0629],[-65.8229,-27.0397],[-65.8542,-27.0164],[-65.8607,-26.9841],[-65.8898,-26.9698],[-65.8901,-26.9704],[-65.8979,-26.9787],[-65.8989,-26.9791],[-65.8999,-26.9789],[-65.9006,-26.9788],[-65.9051,-26.9792],[-65.9065,-26.9796],[-65.909,-26.9803],[-65.9119,-26.9809],[-65.9138,-26.9826],[-65.9146,-26.9846],[-65.9148,-26.9852],[-65.915,-26.9856],[-65.9158,-26.9881],[-65.9161,-26.9891],[-65.9167,-26.9898],[-65.917,-26.9899],[-65.9176,-26.9903],[-65.918,-26.9912],[-65.9175,-26.9918],[-65.917,-26.9922],[-65.9166,-26.9925],[-65.9157,-26.9929],[-65.9152,-26.9941],[-65.9152,-26.9955],[-65.9152,-26.9965],[-65.9152,-26.9968],[-65.9159,-26.9978],[-65.9161,-26.9982],[-65.9162,-26.9984],[-65.9164,-26.9986],[-65.9167,-26.999],[-65.9167,-26.9997],[-65.9166,-27.0006],[-65.9162,-27.0027],[-65.9161,-27.0037],[-65.9145,-27.0051],[-65.9139,-27.0061],[-65.9135,-27.0068],[-65.9137,-27.0079],[-65.9141,-27.0086],[-65.9146,-27.0097],[-65.9153,-27.0123],[-65.9277,-27.0181],[-65.9288,-27.0179],[-65.93,-27.0177],[-65.9333,-27.018],[-65.9338,-27.0186],[-65.9371,-27.0192],[-65.9385,-27.0194],[-65.9435,-27.0217],[-65.9453,-27.0228],[-65.9464,-27.0234],[-65.9474,-27.0244],[-65.9527,-27.0287],[-65.9536,-27.03],[-65.9546,-27.0308],[-65.9643,-27.0331],[-65.964,-27.0487],[-65.9728,-27.054],[-65.9229,-27.0957],[-65.8231,-27.1369],[-65.7976,-27.1641],[-65.7959,-27.1951],[-65.7789,-27.1936],[-65.7617,-27.2019],[-65.7438,-27.1961],[-65.6969,-27.2016],[-65.6836,-27.2265],[-65.5903,-27.2667],[-65.5821,-27.2773],[-65.5431,-27.2855],[-65.5329,-27.2758],[-65.5173,-27.2924],[-65.5095,-27.2886],[-65.5029,-27.2968],[-65.4955,-27.2923],[-65.4927,-27.2983],[-65.4701,-27.3],[-65.4585,-27.2674],[-65.4643,-27.2609],[-65.4607,-27.246],[-65.446,-27.2169],[-65.4387,-27.2201],[-65.4363,-27.2093],[-65.4226,-27.2173],[-65.4001,-27.1746],[-65.3799,-27.1831],[-65.3644,-27.18],[-65.3717,-27.1719],[-65.3689,-27.1621],[-65.3773,-27.1636],[-65.3774,-27.1567],[-65.3904,-27.1533],[-65.386,-27.1509],[-65.3992,-27.1533],[-65.4052,-27.1449],[-65.4143,-27.1458],[-65.4094,-27.1375],[-65.4265,-27.1277],[-65.4627,-27.1156],[-65.4569,-27.1132],[-65.4722,-27.108],[-65.4667,-27.1018],[-65.485,-27.0958],[-65.4885,-27.0825],[-65.4767,-27.0604],[-65.4853,-27.0319],[-65.4854,-27.0318],[-65.5562,-26.9591],[-65.5594,-26.9581],[-65.576,-26.9522],[-65.5762,-26.9518]]]}},
{"type":"Feature","properties":{"name":"Río Chico","georefId":"90077","provinciaGeorefId":"90","tipo":"Departamento"},"geometry":{"type":"Polygon","coordinates":[[[-65.6222,-27.4171],[-65.6382,-27.4081],[-65.6421,-27.4135],[-65.6456,-27.401],[-65.655,-27.4075],[-65.6796,-27.3812],[-65.728,-27.3553],[-65.8126,-27.357],[-65.8363,-27.3643],[-65.8545,-27.3618],[-65.8725,-27.371],[-65.9005,-27.3672],[-65.92,-27.3831],[-65.9303,-27.3833],[-65.9344,-27.4032],[-65.9675,-27.3991],[-65.9681,-27.4021],[-65.9749,-27.4428],[-65.9741,-27.4489],[-65.975,-27.454],[-65.9749,-27.4553],[-65.9342,-27.4597],[-65.9146,-27.4934],[-65.8843,-27.5114],[-65.882,-27.5128],[-65.8813,-27.5132],[-65.8811,-27.5132],[-65.88,-27.5139],[-65.8723,-27.5157],[-65.7965,-27.5292],[-65.7889,-27.5305],[-65.7845,-27.5313],[-65.78,-27.5321],[-65.7795,-27.5322],[-65.7787,-27.5314],[-65.7784,-27.5313],[-65.752,-27.528],[-65.749,-27.5391],[-65.7265,-27.5415],[-65.7128,-27.535],[-65.6838,-27.5358],[-65.6627,-27.5203],[-65.6628,-27.5272],[-65.6498,-27.5272],[-65.6438,-27.5177],[-65.6182,-27.5217],[-65.6014,-27.5158],[-65.5791,-27.5186],[-65.5451,-27.5415],[-65.5322,-27.4849],[-65.5383,-27.4804],[-65.5408,-27.4907],[-65.5584,-27.48],[-65.5489,-27.4308],[-65.5551,-27.4161],[-65.5749,-27.4224],[-65.5895,-27.4172],[-65.5897,-27.4172],[-65.6135,-27.4122],[-65.6153,-27.4164],[-65.6221,-27.4172],[-65.6222,-27.4171]]]}},
{"type":"Feature","properties":{"name":"Capital","georefId":"90084","provinciaGeorefId":"90","tipo":"Departamento"},"geometry":{"type":"Polygon","coordinates":[[[-65.1643,-26.7944],[-65.2497,-26.7842],[-65.2706,-26.8361],[-65.2713,-26.8667],[-65.23,-26.8768],[-65.2139,-26.9093],[-65.2064,-26.9097],[-65.2102,-26.8937],[-65.2014,-26.8901],[-65.1956,-26.8682],[-65.1792,-26.8555],[-65.1597,-26.8151],[-65.1643,-26.7944]]]}},
{"type":"Feature","properties":{"name":"Simoca","georefId":"90091","provinciaGeorefId":"90","tipo":"Departamento"},"geometry":{"type":"Polygon","coordinates":[[[-65.3644,-27.18],[-65.3799,-27.1831],[-65.4001,-27.1746],[-65.4226,-27.2173],[-65.4363,-27.2093],[-65.4387,-27.2201],[-65.446,-27.2169],[-65.4607,-27.246],[-65.4643,-27.2609],[-65.4585,-27.2674],[-65.4701,-27.3],[-65.4641,-27.3032],[-65.4699,-27.3236],[-65.4609,-27.327],[-65.4783,-27.3817],[-65.4697,-27.3962],[-65.4617,-27.3939],[-65.4715,-27.4217],[-65.4824,-27.422],[-65.4792,-27.4086],[-65.4872,-27.4046],[-65.4982,-27.4327],[-65.5176,-27.433],[-65.5276,-27.4255],[-65.5311,-27.4331],[-65.5489,-27.4308],[-65.5584,-27.48],[-65.5408,-27.4907],[-65.5383,-27.4804],[-65.5322,-27.4849],[-65.5451,-27.5415],[-65.5168,-27.5432],[-65.4852,-27.5448],[-65.4835,-27.5389],[-65.4793,-27.5432],[-65.4531,-27.5366],[-65.4073,-27.5404],[-65.4,-27.5327],[-65.3481,-27.5243],[-65.3417,-27.5371],[-65.2819,-27.5461],[-65.2598,-27.564],[-65.2308,-27.5584],[-65.1949,-27.5676],[-65.1687,-27.5656],[-65.1524,-27.5878],[-65.1188,-27.5763],[-65.1151,-27.5682],[-65.0993,-27.5709],[-65.0955,-27.5815],[-65.0711,-27.587],[-65.0573,-27.5745],[-65.0307,-27.5822],[-65.0242,-27.5595],[-65.012,-27.566],[-65.0117,-27.5642],[-65.0111,-27.5623],[-64.9917,-27.5713],[-64.9736,-27.5627],[-64.9655,-27.5477],[-64.9681,-27.5054],[-64.9784,-27.4947],[-65.0014,-27.4889],[-65.0058,-27.4939],[-65.0121,-27.4833],[-65.0404,-27.4777],[-65.0631,-27.4423],[-65.0633,-27.4616],[-65.1042,-27.4469],[-65.0886,-27.4386],[-65.0927,-27.421],[-65.098,-27.4286],[-65.1115,-27.4264],[-65.1177,-27.4087],[-65.1431,-27.3948],[-65.1572,-27.372],[-65.1899,-27.3639],[-65.2134,-27.3424],[-65.2176,-27.3151],[-65.2307,-27.3167],[-65.2521,-27.2938],[-65.3008,-27.2673],[-65.2979,-27.2565],[-65.3059,-27.2454],[-65.2998,-27.2259],[-65.3328,-27.218],[-65.3336,-27.2051],[-65.3336,-27.205],[-65.3348,-27.2022],[-65.3517,-27.1818],[-65.3644,-27.18]]]}},
{"type":"Feature","properties":{"name":"Tafí del Valle","georefId":"90098","provinciaGeorefId":"90","tipo":"Departamento"},"geometry":{"type":"Polygon","coordinates":[[[-65.7708,-26.3365],[-66.0401,-26.2509],[-66.047,-26.2412],[-66.0714,-26.2387],[-66.0998,-26.2205],[-66.0941,-26.2486],[-66.1042,-26.2616],[-66.1176,-26.2651],[-66.1212,-26.2761],[-66.1242,-26.3082],[-66.1143,-26.3436],[-66.1191,-26.377],[-66.1265,-26.3891],[-66.1558,-26.3973],[-66.1608,-26.4167],[-66.1548,-26.4437],[-66.1765,-26.4694],[-66.1746,-26.4912],[-66.1639,-26.5018],[-66.1725,-26.5106],[-66.1639,-26.5383],[-66.1671,-26.5683],[-66.1761,-26.5778],[-66.1675,-26.6013],[-66.1723,-26.629],[-66.0422,-26.6004],[-65.8327,-26.7379],[-65.8318,-26.7499],[-65.8539,-26.7597],[-65.8659,-26.7955],[-65.8815,-26.8062],[-65.8744,-26.8182],[-65.8751,-26.8201],[-65.8923,-26.8386],[-65.8901,-26.8561],[-65.9005,-26.8638],[-65.8576,-26.9013],[-65.8578,-26.9292],[-65.8653,-26.933],[-65.8662,-26.9325],[-65.8678,-26.9316],[-65.8686,-26.9311],[-65.8826,-26.9479],[-65.883,-26.951],[-65.8898,-26.9698],[-65.8607,-26.9841],[-65.8542,-27.0164],[-65.8229,-27.0397],[-65.8186,-27.0629],[-65.8026,-27.0631],[-65.7934,-27.0954],[-65.7811,-27.0997],[-65.7705,-27.0924],[-65.7801,-27.0472],[-65.7424,-27.0352],[-65.7425,-27.0198],[-65.7124,-26.9722],[-65.6906,-26.9655],[-65.6812,-26.9522],[-65.6655,-26.954],[-65.6532,-26.9452],[-65.6632,-26.9102],[-65.6522,-26.8908],[-65.6415,-26.8952],[-65.6287,-26.8763],[-65.627,-26.8415],[-65.6255,-26.8401],[-65.6252,-26.8398],[-65.6244,-26.8391],[-65.6243,-26.8359],[-65.6338,-26.8113],[-65.6617,-26.8096],[-65.6418,-26.7531],[-65.6632,-26.7538],[-65.6747,-26.7415],[-65.6925,-26.7381],[-65.7037,-26.7223],[-65.6954,-26.7184],[-65.695,-26.7178],[-65.7109,-26.6911],[-65.7585,-26.6679],[-65.764,-26.6475],[-65.7757,-26.6399],[-65.7556,-26.6011],[-65.7483,-26.596],[-65.7317,-26.6078],[-65.7304,-26.6028],[-65.7215,-26.5424],[-65.7465,-26.5064],[-65.7223,-26.5214],[-65.7089,-26.5175],[-65.6996,-26.4832],[-65.7203,-26.4228],[-65.714,-26.4101],[-65.7253,-26.385],[-65.7109,-26.3565],[-65.719,-26.3527],[-65.7535,-26.342],[-65.7708,-26.3365]]]}},
{"type":"Feature","properties":{"name":"Tafí Viejo","georefId":"90105","provinciaGeorefId":"90","tipo":"Departamento"},"geometry":{"type":"Polygon","coordinates":[[[-65.7089,-26.5175],[-65.7223,-26.5214],[-65.7465,-26.5064],[-65.7215,-26.5424],[-65.7304,-26.6028],[-65.7317,-26.6078],[-65.7483,-26.596],[-65.7556,-26.6011],[-65.7757,-26.6399],[-65.764,-26.6475],[-65.7585,-26.6679],[-65.7109,-26.6911],[-65.695,-26.7178],[-65.6954,-26.7184],[-65.7037,-26.7223],[-65.6925,-26.7381],[-65.6747,-26.7415],[-65.6632,-26.7538],[-65.6418,-26.7531],[-65.6335,-26.7384],[-65.6103,-26.7284],[-65.5478,-26.7637],[-65.5158,-26.7481],[-65.46,-26.772],[-65.4443,-26.7998],[-65.4348,-26.7942],[-65.4272,-26.7676],[-65.4296,-26.7056],[-65.4238,-26.7303],[-65.4051,-26.7483],[-65.4059,-26.7695],[-65.3963,-26.7866],[-65.3555,-26.7635],[-65.3597,-26.7255],[-65.2701,-26.7436],[-65.2711,-26.7489],[-65.2586,-26.7514],[-65.2704,-26.7763],[-65.2497,-26.7842],[-65.1643,-26.7944],[-65.1573,-26.7564],[-65.1545,-26.7267],[-65.1613,-26.7233],[-65.162,-26.6998],[-65.1765,-26.6852],[-65.1731,-26.6564],[-65.1918,-26.641],[-65.1866,-26.618],[-65.1654,-26.5994],[-65.1719,-26.5784],[-65.1914,-26.5807],[-65.1912,-26.5537],[-65.192,-26.5374],[-65.2174,-26.5216],[-65.2156,-26.5401],[-65.2284,-26.5592],[-65.2212,-26.5714],[-65.234,-26.5794],[-65.2263,-26.6012],[-65.2376,-26.5974],[-65.262,-26.6108],[-65.2811,-26.6023],[-65.3027,-26.6125],[-65.3361,-26.6114],[-65.351,-26.6245],[-65.3795,-26.618],[-65.3842,-26.6227],[-65.4589,-26.5849],[-65.4734,-26.6033],[-65.4795,-26.5791],[-65.4958,-26.5663],[-65.4818,-26.5546],[-65.4879,-26.5507],[-65.4839,-26.5378],[-65.4659,-26.5192],[-65.4831,-26.5165],[-65.4873,-26.5268],[-65.4971,-26.5243],[-65.5026,-26.548],[-65.5599,-26.5348],[-65.5901,-26.549],[-65.6146,-26.5476],[-65.6218,-26.5551],[-65.651,-26.5245],[-65.6863,-26.527],[-65.7089,-26.5175]]]}},
{"type":"Feature","properties":{"name":"Trancas","georefId":"90112","provinciaGeorefId":"90","tipo":"Departamento"},"geometry":{"type":"Polygon","coordinates":[[[-65.318,-26.0794],[-65.3264,-26.0683],[-65.363,-26.0587],[-65.3888,-26.0846],[-65.4328,-26.1101],[-65.4585,-26.1031],[-65.4654,-26.0913],[-65.5216,-26.0953],[-65.5515,-26.0878],[-65.5516,-26.0878],[-65.5518,-26.0882],[-65.552,-26.0885],[-65.6017,-26.1207],[-65.6328,-26.1207],[-65.6332,-26.1207],[-65.6337,-26.1205],[-65.6342,-26.1204],[-65.6401,-26.111],[-65.6885,-26.1173],[-65.6959,-26.1405],[-65.6962,-26.1409],[-65.695,-26.1849],[-65.7119,-26.2084],[-65.7028,-26.2416],[-65.7228,-26.2798],[-65.7072,-26.2974],[-65.723,-26.3127],[-65.7115,-26.3287],[-65.719,-26.3527],[-65.7109,-26.3565],[-65.7253,-26.385],[-65.714,-26.4101],[-65.7203,-26.4228],[-65.6996,-26.4832],[-65.7089,-26.5175],[-65.6863,-26.527],[-65.651,-26.5245],[-65.6218,-26.5551],[-65.6146,-26.5476],[-65.5901,-26.549],[-65.5599,-26.5348],[-65.5026,-26.548],[-65.4971,-26.5243],[-65.4873,-26.5268],[-65.4831,-26.5165],[-65.4659,-26.5192],[-65.4839,-26.5378],[-65.4879,-26.5507],[-65.4818,-26.5546],[-65.4958,-26.5663],[-65.4795,-26.5791],[-65.4734,-26.6033],[-65.4589,-26.5849],[-65.3842,-26.6227],[-65.3795,-26.618],[-65.351,-26.6245],[-65.3361,-26.6114],[-65.3027,-26.6125],[-65.2811,-26.6023],[-65.262,-26.6108],[-65.2376,-26.5974],[-65.2263,-26.6012],[-65.234,-26.5794],[-65.2212,-26.5714],[-65.2284,-26.5592],[-65.2156,-26.5401],[-65.2174,-26.5216],[-65.192,-26.5374],[-65.1912,-26.5537],[-65.1673,-26.5536],[-65.1409,-26.5078],[-65.1144,-26.5087],[-65.1187,-26.4851],[-65.1091,-26.461],[-65.103,-26.4],[-65.0705,-26.3576],[-65.0678,-26.3417],[-65.0447,-26.3203],[-65.0378,-26.2903],[-65.0322,-26.2722],[-65.0453,-26.266],[-65.0472,-26.2558],[-65.0363,-26.2327],[-65.1516,-26.2054],[-65.1616,-26.2027],[-65.1675,-26.2011],[-65.2254,-26.1905],[-65.2227,-26.1844],[-65.2758,-26.1709],[-65.2806,-26.1634],[-65.2749,-26.1568],[-65.2938,-26.1268],[-65.2897,-26.1107],[-65.3009,-26.0908],[-65.2971,-26.0838],[-65.2974,-26.0829],[-65.3172,-26.081],[-65.318,-26.0794]]]}},
{"type":"Feature","properties":{"name":"Yerba Buena","georefId":"90119","provinciaGeorefId":"90","tipo":"Departamento"},"geometry":{"type":"Polygon","coordinates":[[[-65.2497,-26.7842],[-65.2704,-26.7763],[-65.2586,-26.7514],[-65.2711,-26.7489],[-65.2701,-26.7436],[-65.3597,-26.7255],[-65.3555,-26.7635],[-65.3963,-26.7866],[-65.4059,-26.7695],[-65.4051,-26.7483],[-65.4238,-26.7303],[-65.4296,-26.7056],[-65.4272,-26.7676],[-65.4348,-26.7942],[-65.4443,-26.7998],[-65.4314,-26.8088],[-65.4375,-26.827],[-65.3805,-26.8399],[-65.3696,-26.8202],[-65.3167,-26.8289],[-65.308,-26.839],[-65.3067,-26.8333],[-65.2706,-26.8361],[-65.2497,-26.7842]]]}},
{"type":"Feature","properties":{"name":"Río Grande","georefId":"94008","provinciaGeorefId":"94","tipo":"Departamento"},"geometry":{"type":"Polygon","coordinates":[[[-66.9491,-54.1885],[-67.0813,-54.132],[-67.1235,-54.1304],[-67.1567,-54.1157],[-67.1644,-54.1198],[-67.1588,-54.1116],[-67.251,-54.0811],[-67.2845,-54.058],[-67.3297,-54.0414],[-67.345,-54.0246],[-67.3346,-54.0169],[-67.4368,-53.9844],[-67.4873,-53.9439],[-67.5352,-53.9271],[-67.566,-53.8996],[-67.5793,-53.8728],[-67.5708,-53.8487],[-67.5424,-53.8478],[-67.5538,-53.8369],[-67.5966,-53.8271],[-67.6743,-53.7853],[-67.6836,-53.7879],[-67.6731,-53.7933],[-67.6814,-53.8062],[-67.7272,-53.8098],[-67.7784,-53.8338],[-67.7363,-53.8053],[-67.6817,-53.7972],[-67.7261,-53.7541],[-67.9113,-53.6527],[-67.9902,-53.5845],[-68.0442,-53.508],[-68.0829,-53.3897],[-68.1371,-53.3313],[-68.2066,-53.3067],[-68.3079,-53.3212],[-68.3871,-53.312],[-68.4637,-53.2937],[-68.5484,-53.2475],[-68.5561,-53.1956],[-68.5382,-53.1444],[-68.4939,-53.116],[-68.5013,-53.1053],[-68.466,-53.0993],[-68.4633,-53.0894],[-68.4461,-53.0918],[-68.4478,-53.0799],[-68.4165,-53.0639],[-68.4189,-53.0514],[-68.391,-53.0507],[-68.3903,-53.0372],[-68.3595,-53.0179],[-68.2854,-53.0085],[-68.2667,-53.0161],[-68.2687,-53.0425],[-68.2112,-53.1263],[-68.2138,-53.1533],[-68.2015,-53.142],[-68.2877,-52.9514],[-68.57,-52.7074],[-68.6062,-52.6583],[-68.6065,-53.4108],[-68.6079,-54.1885],[-67.3845,-54.19],[-67.0048,-54.1887],[-66.9964,-54.1887],[-66.9491,-54.1885]]]}},
{"type":"Feature","properties":{"name":"Tolhuin","georefId":"94011","provinciaGeorefId":"94","tipo":"Departamento"},"geometry":{"type":"Polygon","coordinates":[[[-67.3845,-54.19],[-68.6079,-54.1885],[-68.6089,-54.4265],[-68.6086,-54.4267],[-68.5445,-54.4284],[-68.5311,-54.4403],[-68.555,-54.4567],[-68.4765,-54.4529],[-68.4487,-54.4577],[-68.4025,-54.4453],[-68.3681,-54.4574],[-68.3681,-54.6198],[-67.3925,-54.6198],[-67.3878,-54.7442],[-67.3535,-54.7445],[-67.0063,-54.748],[-67.0026,-54.5984],[-66.6338,-54.5984],[-66.1405,-54.5984],[-66.0857,-54.5984],[-65.9776,-54.5984],[-66.147,-54.5589],[-66.3051,-54.5087],[-66.3665,-54.5009],[-66.385,-54.4868],[-66.4671,-54.4783],[-66.4905,-54.4619],[-66.4801,-54.4509],[-66.5499,-54.4227],[-66.5543,-54.4027],[-66.6634,-54.342],[-66.7013,-54.3032],[-66.7043,-54.2886],[-66.6929,-54.2823],[-66.7362,-54.2764],[-66.7442,-54.2645],[-66.7348,-54.2606],[-66.768,-54.2478],[-66.8988,-54.2183],[-66.9491,-54.1885],[-66.9964,-54.1887],[-67.0048,-54.1887],[-67.3845,-54.19]]]}},
{"type":"Feature","properties":{"name":"Ushuaia","georefId":"94015","provinciaGeorefId":"94","tipo":"Departamento"},"geometry":{"type":"MultiPolygon","coordinates":[[[[-68.6086,-54.4267],[-68.6089,-54.4265],[-68.5951,-54.7996],[-68.5964,-54.873],[-68.6094,-54.8936],[-68.5611,-54.8909],[-68.5625,-54.8834],[-68.4999,-54.8671],[-68.5539,-54.8631],[-68.5649,-54.8516],[-68.5415,-54.8499],[-68.511,-54.8591],[-68.4817,-54.8467],[-68.4618,-54.8595],[-68.4305,-54.8582],[-68.3815,-54.8508],[-68.3305,-54.8302],[-68.3118,-54.8344],[-68.3231,-54.8466],[-68.2746,-54.8446],[-68.259,-54.8395],[-68.3047,-54.8324],[-68.2993,-54.8161],[-68.3154,-54.8111],[-68.2941,-54.8113],[-68.3034,-54.808],[-68.249,-54.7946],[-68.198,-54.8171],[-68.105,-54.8272],[-68.0333,-54.8501],[-67.99,-54.8562],[-67.9586,-54.8515],[-67.8658,-54.8636],[-67.8297,-54.8598],[-67.7606,-54.88],[-67.6898,-54.8876],[-67.6041,-54.8811],[-67.5311,-54.867],[-67.5034,-54.8539],[-67.4941,-54.868],[-67.4506,-54.8656],[-67.4388,-54.872],[-67.442,-54.8818],[-67.4181,-54.8798],[-67.4089,-54.8892],[-67.361,-54.88],[-67.3415,-54.8829],[-67.3786,-54.8706],[-67.3609,-54.8703],[-67.3726,-54.866],[-67.353,-54.8704],[-67.3624,-54.8638],[-67.3236,-54.8846],[-67.334,-54.8711],[-67.2966,-54.8874],[-67.2874,-54.8786],[-67.2956,-54.8721],[-67.2791,-54.8668],[-67.271,-54.8795],[-67.2894,-54.8762],[-67.2749,-54.888],[-67.2821,-54.8796],[-67.2238,-54.8918],[-67.1544,-54.893],[-67.1008,-54.91],[-66.9997,-54.9241],[-66.9346,-54.9415],[-66.8752,-54.9414],[-66.7647,-54.9609],[-66.7184,-55.0047],[-66.5231,-55.0565],[-66.4677,-55.0499],[-66.4633,-55.0567],[-66.4411,-55.057],[-66.4373,-55.049],[-66.3721,-55.0393],[-66.3595,-55.0284],[-66.37,-55.0094],[-66.3124,-54.9928],[-66.1878,-54.9976],[-66.1679,-54.9886],[-66.1081,-54.9944],[-66.061,-54.9883],[-65.9922,-54.9659],[-65.971,-54.9686],[-65.9577,-54.9415],[-65.9624,-54.9312],[-65.9932,-54.9204],[-65.9819,-54.9027],[-65.9128,-54.9126],[-65.8901,-54.9001],[-65.8471,-54.9021],[-65.8245,-54.9162],[-65.8029,-54.9148],[-65.777,-54.9013],[-65.7661,-54.9092],[-65.7389,-54.9085],[-65.7285,-54.9283],[-65.7125,-54.9336],[-65.7182,-54.972],[-65.7014,-54.9665],[-65.6959,-54.9722],[-65.655,-54.9733],[-65.6404,-54.9637],[-65.6326,-54.9701],[-65.6259,-54.9525],[-65.6039,-54.9436],[-65.5619,-54.937],[-65.5575,-54.9489],[-65.5419,-54.9369],[-65.5117,-54.9355],[-65.4946,-54.9254],[-65.4984,-54.9012],[-65.4703,-54.8888],[-65.4323,-54.8924],[-65.4183,-54.9377],[-65.3827,-54.942],[-65.3284,-54.921],[-65.309,-54.9031],[-65.3136,-54.8739],[-65.2796,-54.8627],[-65.2653,-54.8419],[-65.2334,-54.8296],[-65.2233,-54.8169],[-65.25,-54.8117],[-65.2632,-54.7955],[-65.2041,-54.7799],[-65.2133,-54.7744],[-65.2004,-54.763],[-65.2174,-54.7454],[-65.1922,-54.7204],[-65.1938,-54.6962],[-65.176,-54.6815],[-65.1164,-54.6587],[-65.129,-54.6518],[-65.2042,-54.6476],[-65.2133,-54.6418],[-65.247,-54.6461],[-65.2336,-54.6373],[-65.2455,-54.6319],[-65.2332,-54.6182],[-65.3657,-54.6428],[-65.4052,-54.641],[-65.42,-54.6449],[-65.4301,-54.6634],[-65.4484,-54.6552],[-65.4318,-54.6419],[-65.4781,-54.656],[-65.5109,-54.6561],[-65.5209,-54.6782],[-65.5302,-54.6681],[-65.5223,-54.6644],[-65.5516,-54.6564],[-65.5522,-54.6476],[-65.6849,-54.6637],[-65.7509,-54.6556],[-65.7612,-54.6486],[-65.8015,-54.6518],[-65.9776,-54.5984],[-66.0857,-54.5984],[-66.1405,-54.5984],[-66.6338,-54.5984],[-67.0026,-54.5984],[-67.0063,-54.748],[-67.3535,-54.7445],[-67.3878,-54.7442],[-67.3925,-54.6198],[-68.3681,-54.6198],[-68.3681,-54.4574],[-68.4025,-54.4453],[-68.4487,-54.4577],[-68.4765,-54.4529],[-68.555,-54.4567],[-68.5311,-54.4403],[-68.5445,-54.4284],[-68.6086,-54.4267]]],[[[-67.4968,-54.8781],[-67.5093,-54.8789],[-67.5014,-54.8901],[-67.5118,-54.88],[-67.5349,-54.8881],[-67.5363,-54.8825],[-67.5237,-54.884],[-67.5396,-54.8795],[-67.5323,-54.9048],[-67.489,-54.918],[-67.4831,-54.9077],[-67.4647,-54.9081],[-67.4615,-54.9017],[-67.4141,-54.9122],[-67.4376,-54.9016],[-67.4172,-54.9057],[-67.421,-54.8989],[-67.408,-54.8998],[-67.4266,-54.8954],[-67.4128,-54.8949],[-67.4189,-54.8901],[-67.4361,-54.8934],[-67.4322,-54.8872],[-67.4482,-54.8791],[-67.4723,-54.8849],[-67.4968,-54.8781]]],[[[-67.4721,-54.8699],[-67.4691,-54.8802],[-67.4481,-54.8786],[-67.4721,-54.8699]]],[[[-64.3224,-54.7359],[-64.3389,-54.7291],[-64.3407,-54.7146],[-64.3495,-54.7411],[-64.3768,-54.7538],[-64.3595,-54.7781],[-64.3604,-54.8063],[-64.3702,-54.8112],[-64.367,-54.7841],[-64.3961,-54.7804],[-64.3902,-54.7497],[-64.4218,-54.7556],[-64.4031,-54.7644],[-64.4127,-54.7829],[-64.4112,-54.7746],[-64.4389,-54.7643],[-64.4322,-54.7611],[-64.4896,-54.7637],[-64.5274,-54.7299],[-64.5441,-54.7254],[-64.5418,-54.7684],[-64.5217,-54.7712],[-64.5267,-54.7884],[-64.5074,-54.7969],[-64.5286,-54.804],[-64.5528,-54.795],[-64.5674,-54.8133],[-64.5879,-54.8202],[-64.6402,-54.7981],[-64.6481,-54.7774],[-64.6595,-54.784],[-64.695,-54.782],[-64.6746,-54.8],[-64.6937,-54.8066],[-64.7079,-54.7958],[-64.7244,-54.8019],[-64.7471,-54.8271],[-64.7388,-54.8315],[-64.7565,-54.8368],[-64.7395,-54.8435],[-64.749,-54.8565],[-64.7391,-54.8594],[-64.6878,-54.8427],[-64.6664,-54.8476],[-64.6835,-54.8612],[-64.6443,-54.888],[-64.6527,-54.8967],[-64.7022,-54.9064],[-64.704,-54.9159],[-64.6742,-54.91],[-64.6552,-54.9145],[-64.6216,-54.9037],[-64.6075,-54.9097],[-64.5854,-54.9042],[-64.5656,-54.8856],[-64.5396,-54.8873],[-64.5194,-54.8546],[-64.4928,-54.8417],[-64.497,-54.8365],[-64.477,-54.8373],[-64.4665,-54.8238],[-64.4582,-54.8259],[-64.4714,-54.8351],[-64.4443,-54.8395],[-64.4856,-54.8475],[-64.4783,-54.8516],[-64.4927,-54.8559],[-64.4922,-54.8682],[-64.4843,-54.8758],[-64.4489,-54.8648],[-64.4475,-54.8742],[-64.4058,-54.855],[-64.3933,-54.8268],[-64.3561,-54.835],[-64.3246,-54.8256],[-64.299,-54.8063],[-64.3054,-54.7879],[-64.2779,-54.7963],[-64.2707,-54.7906],[-64.2636,-54.8046],[-64.2341,-54.783],[-64.227,-54.8204],[-64.2377,-54.8243],[-64.2392,-54.8404],[-64.223,-54.8416],[-64.2227,-54.8577],[-64.2004,-54.8284],[-64.1792,-54.8388],[-64.1727,-54.8236],[-64.1476,-54.8292],[-64.1216,-54.8146],[-64.1083,-54.8326],[-64.1011,-54.8168],[-64.0761,-54.8088],[-64.0713,-54.7947],[-64.0849,-54.7914],[-64.0578,-54.7792],[-64.0583,-54.7948],[-64.0341,-54.8079],[-64.0231,-54.7916],[-63.9913,-54.7865],[-63.9842,-54.7753],[-63.9551,-54.7671],[-63.9675,-54.7951],[-63.9457,-54.7959],[-63.9584,-54.8019],[-63.9508,-54.8131],[-63.883,-54.7799],[-63.8858,-54.7932],[-63.8463,-54.7892],[-63.8253,-54.7581],[-63.8002,-54.7505],[-63.8099,-54.7371],[-63.7957,-54.7266],[-63.8054,-54.729],[-63.8088,-54.7194],[-63.8262,-54.721],[-63.8311,-54.729],[-63.8436,-54.7284],[-63.8555,-54.7492],[-63.8772,-54.7554],[-63.8886,-54.7513],[-63.8549,-54.7315],[-63.8784,-54.7309],[-63.8762,-54.7168],[-63.9398,-54.7258],[-63.96,-54.7419],[-63.9656,-54.7348],[-63.9904,-54.7359],[-63.9923,-54.7446],[-64.011,-54.7432],[-64.0242,-54.7525],[-64.0444,-54.7781],[-64.051,-54.7745],[-64.031,-54.7511],[-64.0539,-54.7376],[-64.0475,-54.7306],[-64.0752,-54.7299],[-64.0841,-54.752],[-64.1085,-54.764],[-64.1085,-54.7561],[-64.126,-54.7574],[-64.106,-54.7499],[-64.1088,-54.7384],[-64.129,-54.7348],[-64.1272,-54.7281],[-64.1502,-54.7307],[-64.1518,-54.7404],[-64.1642,-54.7408],[-64.1455,-54.7449],[-64.1365,-54.7701],[-64.1654,-54.7632],[-64.1606,-54.7551],[-64.2158,-54.7339],[-64.2247,-54.7331],[-64.2233,-54.7438],[-64.2413,-54.7452],[-64.279,-54.7292],[-64.3224,-54.7359]]],[[[-64.257,-54.6732],[-64.2717,-54.6796],[-64.2565,-54.6886],[-64.2473,-54.6759],[-64.257,-54.6732]]],[[[-64.1316,-54.6444],[-64.1618,-54.6514],[-64.1409,-54.6678],[-64.1095,-54.6507],[-64.1316,-54.6444]]]]}},
{"type":"Feature","properties":{"name":"Islas del Atlántico Sur","georefId":"94021","provinciaGeorefId":"94","tipo":"Departamento"},"geometry":{"type":"MultiPolygon","coordinates":[[[[-58.9698,-51.2332],[-58.9638,-51.2493],[-58.9477,-51.256],[-58.9548,-51.2647],[-58.9644,-51.2625],[-58.9173,-51.2972],[-58.9183,-51.3134],[-58.859,-51.3539],[-58.8681,-51.3786],[-58.9,-51.3839],[-58.9227,-51.3789],[-58.9415,-51.3877],[-58.9742,-51.3813],[-59.0056,-51.3852],[-58.9985,-51.4079],[-59.0209,-51.4191],[-59.0069,-51.4248],[-58.9904,-51.4202],[-58.9697,-51.423],[-58.9616,-51.4448],[-58.9819,-51.4435],[-58.9799,-51.4265],[-59.0004,-51.428],[-59.013,-51.4234],[-59.0501,-51.433],[-59.0965,-51.41],[-59.1157,-51.4369],[-59.1395,-51.4432],[-59.1445,-51.4615],[-59.1149,-51.4791],[-59.095,-51.4678],[-59.0026,-51.5044],[-58.9517,-51.5081],[-58.9485,-51.5165],[-58.9251,-51.519],[-58.9202,-51.5275],[-58.92,-51.5217],[-58.8991,-51.5216],[-58.8796,-51.5304],[-58.8537,-51.5208],[-58.8575,-51.5104],[-58.8435,-51.5156],[-58.8562,-51.5112],[-58.8504,-51.5212],[-58.8782,-51.532],[-58.9164,-51.5244],[-58.935,-51.5456],[-58.9249,-51.5218],[-58.9503,-51.5213],[-58.9813,-51.5063],[-58.9941,-51.5124],[-59.0453,-51.505],[-59.0653,-51.5197],[-59.0551,-51.5399],[-59.0267,-51.5611],[-59.0454,-51.5601],[-59.0374,-51.5727],[-59.0503,-51.5745],[-59.0291,-51.5773],[-59.0249,-51.5831],[-59.036,-51.5834],[-59.0374,-51.5904],[-59.0143,-51.6059],[-59.0293,-51.5983],[-59.0418,-51.6009],[-59.0592,-51.5799],[-59.0774,-51.5882],[-59.0656,-51.5723],[-59.0798,-51.5681],[-59.0733,-51.5545],[-59.0868,-51.5291],[-59.1126,-51.5011],[-59.1283,-51.4962],[-59.1131,-51.5289],[-59.128,-51.5346],[-59.1588,-51.5775],[-59.1715,-51.5763],[-59.1789,-51.5844],[-59.1625,-51.5966],[-59.1083,-51.6129],[-59.1086,-51.6209],[-59.0847,-51.6267],[-59.0736,-51.644],[-59.0426,-51.6425],[-58.9772,-51.6707],[-58.9796,-51.676],[-59.0484,-51.6532],[-58.9981,-51.6761],[-58.9967,-51.6859],[-59.0249,-51.6719],[-59.0066,-51.6814],[-59.0052,-51.6892],[-59.017,-51.6779],[-59.0343,-51.677],[-59.0188,-51.6877],[-59.041,-51.6987],[-59.0241,-51.7272],[-59.0259,-51.712],[-59.0085,-51.7111],[-59.007,-51.7488],[-58.9961,-51.7487],[-59.0036,-51.7596],[-58.9982,-51.7557],[-58.9866,-51.7682],[-58.9929,-51.7722],[-59.002,-51.7627],[-59.0051,-51.7745],[-58.9853,-51.7837],[-58.9829,-51.7746],[-58.9788,-51.7846],[-58.9555,-51.7686],[-58.9494,-51.7739],[-58.9764,-51.7884],[-58.9843,-51.7851],[-58.9855,-51.8015],[-59.0021,-51.8162],[-59.0135,-51.8142],[-59.0092,-51.8239],[-59.0207,-51.8219],[-59.0218,-51.8122],[-59.0294,-51.8164],[-59.0337,-51.826],[-59.0202,-51.8286],[-59.0285,-51.8313],[-59.0498,-51.8265],[-59.042,-51.8084],[-59.0292,-51.8094],[-59.0473,-51.7939],[-59.0437,-51.7862],[-59.0713,-51.7847],[-59.0427,-51.7803],[-59.0454,-51.7734],[-59.0335,-51.7792],[-59.0251,-51.7746],[-59.0296,-51.7557],[-59.0524,-51.7533],[-59.0342,-51.7452],[-59.0531,-51.745],[-59.0403,-51.7418],[-59.0457,-51.7262],[-59.0587,-51.7238],[-59.0433,-51.7124],[-59.0558,-51.6904],[-59.0699,-51.6961],[-59.0871,-51.691],[-59.1051,-51.7056],[-59.1257,-51.6971],[-59.1566,-51.7064],[-59.1576,-51.7211],[-59.18,-51.7334],[-59.1727,-51.7451],[-59.1979,-51.722],[-59.2241,-51.7651],[-59.2106,-51.7212],[-59.2321,-51.7217],[-59.2535,-51.7476],[-59.239,-51.7523],[-59.2489,-51.7667],[-59.2625,-51.7662],[-59.2538,-51.7585],[-59.2595,-51.7488],[-59.2736,-51.7493],[-59.2693,-51.7433],[-59.2834,-51.7589],[-59.3053,-51.7604],[-59.3023,-51.7808],[-59.2915,-51.7766],[-59.2722,-51.7984],[-59.2925,-51.7964],[-59.3017,-51.8078],[-59.2905,-51.793],[-59.3035,-51.7908],[-59.3246,-51.8108],[-59.327,-51.7956],[-59.3414,-51.7977],[-59.3379,-51.7864],[-59.3515,-51.7892],[-59.3612,-51.8001],[-59.3537,-51.8273],[-59.3669,-51.8232],[-59.3772,-51.8333],[-59.3786,-51.8593],[-59.3836,-51.8509],[-59.3912,-51.8535],[-59.3863,-51.8443],[-59.3987,-51.8426],[-59.3931,-51.8333],[-59.4146,-51.8401],[-59.4035,-51.8247],[-59.4108,-51.8129],[-59.4555,-51.8473],[-59.4488,-51.8238],[-59.4662,-51.834],[-59.498,-51.8361],[-59.5047,-51.8446],[-59.4959,-51.849],[-59.5154,-51.8577],[-59.4882,-51.8609],[-59.4897,-51.8692],[-59.4586,-51.8657],[-59.4868,-51.8846],[-59.4504,-51.8845],[-59.4421,-51.8916],[-59.4599,-51.8874],[-59.4791,-51.8986],[-59.499,-51.8943],[-59.5088,-51.8895],[-59.5054,-51.88],[-59.5201,-51.883],[-59.5211,-51.8714],[-59.538,-51.882],[-59.527,-51.8845],[-59.5276,-51.9029],[-59.5132,-51.9127],[-59.4748,-51.9164],[-59.4701,-51.9284],[-59.5052,-51.9241],[-59.4977,-51.9376],[-59.5159,-51.9389],[-59.5284,-51.9231],[-59.5388,-51.9312],[-59.574,-51.9229],[-59.5711,-51.9134],[-59.5915,-51.9044],[-59.6096,-51.9166],[-59.6147,-51.9506],[-59.5866,-51.9511],[-59.5769,-51.9603],[-59.5619,-51.9514],[-59.5539,-51.9635],[-59.5182,-51.9625],[-59.5277,-51.9691],[-59.5195,-51.9728],[-59.5278,-51.973],[-59.5306,-51.9668],[-59.5453,-51.9776],[-59.5469,-51.9727],[-59.5643,-51.9744],[-59.595,-51.9854],[-59.6095,-51.9689],[-59.6367,-51.9598],[-59.6483,-51.9651],[-59.6327,-51.9726],[-59.6214,-51.9685],[-59.6236,-51.9796],[-59.6096,-51.9779],[-59.5886,-51.9994],[-59.5841,-51.9944],[-59.5456,-52.0052],[-59.5599,-52.0109],[-59.5706,-52.0039],[-59.5745,-52.0097],[-59.6083,-51.9983],[-59.6365,-52.0081],[-59.6384,-51.9992],[-59.6539,-52.0058],[-59.6455,-52.0182],[-59.5995,-52.023],[-59.5907,-52.0299],[-59.62,-52.0341],[-59.6118,-52.035],[-59.6137,-52.0486],[-59.5684,-52.0559],[-59.5714,-52.0657],[-59.5503,-52.0675],[-59.5759,-52.0847],[-59.5835,-52.0748],[-59.6039,-52.093],[-59.6162,-52.0912],[-59.6147,-52.0791],[-59.6247,-52.0838],[-59.6294,-52.077],[-59.6407,-52.084],[-59.6074,-52.122],[-59.6229,-52.1192],[-59.6222,-52.1263],[-59.6379,-52.1289],[-59.6404,-52.1117],[-59.6661,-52.1273],[-59.6799,-52.1243],[-59.664,-52.1086],[-59.6693,-52.0998],[-59.6852,-52.109],[-59.695,-52.0964],[-59.7316,-52.0971],[-59.7281,-52.1053],[-59.7071,-52.1076],[-59.7352,-52.126],[-59.7027,-52.1424],[-59.6913,-52.1368],[-59.679,-52.1463],[-59.6847,-52.1542],[-59.6615,-52.1693],[-59.6557,-52.1599],[-59.6435,-52.1597],[-59.6242,-52.1744],[-59.646,-52.1824],[-59.6138,-52.1884],[-59.6309,-52.2092],[-59.6048,-52.2151],[-59.5523,-52.205],[-59.5759,-52.2248],[-59.5753,-52.2366],[-59.5857,-52.2355],[-59.5943,-52.2447],[-59.5815,-52.2505],[-59.5838,-52.2599],[-59.5625,-52.2515],[-59.5465,-52.2599],[-59.5086,-52.2428],[-59.5148,-52.2549],[-59.4933,-52.257],[-59.4928,-52.2643],[-59.5109,-52.2737],[-59.4783,-52.2754],[-59.4977,-52.3119],[-59.4664,-52.3066],[-59.4149,-52.3103],[-59.407,-52.3259],[-59.4259,-52.3312],[-59.3735,-52.3341],[-59.3702,-52.3428],[-59.3918,-52.346],[-59.3672,-52.3485],[-59.3641,-52.3594],[-59.3239,-52.3469],[-59.3082,-52.3507],[-59.3132,-52.3449],[-59.2978,-52.3322],[-59.3157,-52.3298],[-59.3361,-52.3462],[-59.3354,-52.3352],[-59.3523,-52.3356],[-59.3844,-52.3185],[-59.3878,-52.3043],[-59.3747,-52.2927],[-59.3512,-52.295],[-59.336,-52.2835],[-59.348,-52.2679],[-59.397,-52.288],[-59.3993,-52.2818],[-59.4147,-52.284],[-59.4103,-52.2754],[-59.4057,-52.2802],[-59.383,-52.277],[-59.3418,-52.2537],[-59.3436,-52.2384],[-59.3665,-52.2388],[-59.3878,-52.2264],[-59.3296,-52.2122],[-59.3493,-52.2088],[-59.3636,-52.2145],[-59.3779,-52.2051],[-59.4186,-52.2392],[-59.4178,-52.2337],[-59.4356,-52.2436],[-59.417,-52.2208],[-59.4331,-52.2231],[-59.405,-52.2132],[-59.4067,-52.2065],[-59.4615,-52.2245],[-59.4298,-52.2083],[-59.436,-52.1996],[-59.4231,-52.1929],[-59.4379,-52.1889],[-59.4664,-52.1963],[-59.4219,-52.181],[-59.4062,-52.1872],[-59.3986,-52.1791],[-59.4534,-52.1611],[-59.4785,-52.1701],[-59.491,-52.1663],[-59.4764,-52.1672],[-59.464,-52.1517],[-59.4473,-52.1602],[-59.4356,-52.1526],[-59.4377,-52.1402],[-59.4543,-52.14],[-59.4414,-52.1346],[-59.4547,-52.1246],[-59.4151,-52.1416],[-59.4148,-52.1614],[-59.3825,-52.1581],[-59.4011,-52.1486],[-59.4113,-52.1161],[-59.3919,-52.129],[-59.3953,-52.1378],[-59.371,-52.1447],[-59.3678,-52.111],[-59.3505,-52.1604],[-59.2922,-52.1405],[-59.2983,-52.1598],[-59.3217,-52.1665],[-59.3256,-52.1795],[-59.3137,-52.1846],[-59.2981,-52.1627],[-59.2833,-52.1712],[-59.2677,-52.1636],[-59.266,-52.1762],[-59.2478,-52.1739],[-59.2462,-52.1884],[-59.2583,-52.1862],[-59.2594,-52.1913],[-59.2506,-52.1912],[-59.2363,-52.2113],[-59.2412,-52.219],[-59.2295,-52.2152],[-59.223,-52.2264],[-59.1998,-52.2033],[-59.1718,-52.2152],[-59.1575,-52.2102],[-59.1505,-52.2247],[-59.1285,-52.2222],[-59.1056,-52.2329],[-59.105,-52.242],[-59.0905,-52.232],[-59.064,-52.233],[-59.0682,-52.2437],[-59.0263,-52.2584],[-59.0114,-52.2556],[-59.0282,-52.2441],[-59.0543,-52.2425],[-59.0265,-52.2311],[-59.0506,-52.2355],[-59.0546,-52.2189],[-59.0231,-52.2045],[-59.0717,-52.1988],[-59.0923,-52.2147],[-59.0892,-52.1967],[-59.1039,-52.1982],[-59.0871,-52.1809],[-59.0596,-52.181],[-59.0735,-52.1691],[-59.041,-52.1666],[-59.0465,-52.1582],[-59.0255,-52.1561],[-59.0238,-52.1441],[-59.0734,-52.1371],[-59.0904,-52.1557],[-59.1187,-52.1651],[-59.1017,-52.149],[-59.1105,-52.1355],[-59.1241,-52.1502],[-59.1579,-52.1621],[-59.1435,-52.1437],[-59.1715,-52.1537],[-59.1614,-52.143],[-59.1801,-52.1451],[-59.1382,-52.1398],[-59.116,-52.1182],[-59.1022,-52.1262],[-59.0736,-52.1177],[-59.068,-52.103],[-59.0958,-52.0995],[-59.115,-52.1095],[-59.1149,-52.0993],[-59.1253,-52.1019],[-59.1333,-52.0941],[-59.1493,-52.1086],[-59.1567,-52.0952],[-59.1778,-52.1027],[-59.1774,-52.0914],[-59.1442,-52.094],[-59.1376,-52.0851],[-59.1002,-52.0817],[-59.1364,-52.0559],[-59.1429,-52.0635],[-59.1494,-52.0578],[-59.1489,-52.0478],[-59.1321,-52.0387],[-59.1452,-52.0367],[-59.166,-52.0524],[-59.1658,-52.0639],[-59.1696,-52.056],[-59.2127,-52.0808],[-59.1906,-52.0652],[-59.1988,-52.0526],[-59.2356,-52.0538],[-59.1907,-52.0442],[-59.1885,-52.0282],[-59.1994,-52.0283],[-59.2091,-52.0172],[-59.2242,-52.0237],[-59.226,-52.0166],[-59.2419,-52.0191],[-59.2482,-52.0094],[-59.2647,-52.0116],[-59.2658,-52.0068],[-59.2749,-52.0215],[-59.2815,-52.0236],[-59.2791,-52.0157],[-59.2946,-52.0293],[-59.286,-52.0136],[-59.3188,-52.0127],[-59.2815,-52.0118],[-59.27,-52.0035],[-59.2787,-51.9904],[-59.268,-51.9985],[-59.2463,-51.9983],[-59.2389,-52.011],[-59.1709,-52.0129],[-59.1575,-51.9994],[-59.1895,-51.9723],[-59.1545,-51.9963],[-59.1368,-51.9771],[-59.1382,-51.9974],[-59.1182,-51.998],[-59.1209,-52.0054],[-59.1104,-52.0018],[-59.1175,-52.0164],[-59.1008,-52.0304],[-59.0734,-52.0155],[-59.059,-52.0431],[-59.0156,-52.0203],[-59.0182,-52.0439],[-59.0005,-52.0391],[-58.9849,-52.0451],[-59.0046,-52.046],[-58.9886,-52.0975],[-58.9528,-52.0605],[-58.9496,-52.0862],[-58.9282,-52.1174],[-58.9095,-52.087],[-58.8904,-52.083],[-58.887,-52.0746],[-58.8598,-52.0846],[-58.8728,-52.0743],[-58.8678,-52.057],[-58.8828,-52.0439],[-58.8902,-52.0488],[-58.897,-52.0344],[-58.8783,-52.0466],[-58.8673,-52.0421],[-58.8573,-52.0533],[-58.8137,-52.0568],[-58.8226,-52.0239],[-58.8182,-52.0325],[-58.7804,-52.0475],[-58.765,-52.041],[-58.7729,-52.0483],[-58.7512,-52.0446],[-58.7362,-52.0501],[-58.7384,-52.0794],[-58.7205,-52.0638],[-58.7053,-52.0687],[-58.7015,-52.0877],[-58.6855,-52.0868],[-58.6747,-52.0959],[-58.6827,-52.1062],[-58.6882,-52.1024],[-58.6935,-52.123],[-58.6688,-52.1223],[-58.6596,-52.1415],[-58.6555,-52.1171],[-58.6391,-52.1109],[-58.6535,-52.1014],[-58.6447,-52.0912],[-58.6608,-52.0747],[-58.663,-52.0547],[-58.6359,-52.0511],[-58.646,-52.0361],[-58.6653,-52.031],[-58.6724,-52.041],[-58.6737,-52.0293],[-58.688,-52.0238],[-58.6457,-52.0272],[-58.6265,-52.017],[-58.615,-52.0227],[-58.5861,-52.015],[-58.5865,-52.0077],[-58.6027,-52.0124],[-58.6179,-52.0015],[-58.6315,-52.006],[-58.6273,-51.9958],[-58.6021,-51.9909],[-58.6229,-51.9892],[-58.6052,-51.9833],[-58.614,-51.975],[-58.6263,-51.9825],[-58.6262,-51.9655],[-58.6431,-51.9665],[-58.6484,-51.9754],[-58.6524,-51.9616],[-58.6765,-51.9596],[-58.6885,-51.9617],[-58.6931,-51.9735],[-58.6993,-51.9525],[-58.7256,-51.9515],[-58.7249,-51.9671],[-58.7309,-51.9526],[-58.7443,-51.9523],[-58.7412,-51.9599],[-58.7626,-51.962],[-58.7528,-51.9726],[-58.7674,-51.9875],[-58.7631,-51.9709],[-58.7802,-51.9619],[-58.7752,-51.9574],[-58.7671,-51.9634],[-58.7691,-51.9562],[-58.7954,-51.953],[-58.8065,-51.9634],[-58.801,-51.9552],[-58.816,-51.951],[-58.8014,-51.9534],[-58.8046,-51.9482],[-58.8329,-51.9343],[-58.8623,-51.9466],[-58.8416,-51.933],[-58.8942,-51.9268],[-58.8967,-51.918],[-58.883,-51.9083],[-58.8932,-51.9101],[-58.9146,-51.8975],[-58.8907,-51.9076],[-58.8828,-51.9063],[-58.8755,-51.9116],[-58.8871,-51.9191],[-58.8567,-51.9243],[-58.8583,-51.9186],[-58.8404,-51.9182],[-58.8323,-51.928],[-58.8278,-51.922],[-58.8209,-51.9354],[-58.7989,-51.9385],[-58.8022,-51.9448],[-58.7871,-51.9463],[-58.7876,-51.9362],[-58.7604,-51.9367],[-58.7996,-51.9304],[-58.8759,-51.9007],[-58.8942,-51.9019],[-58.9107,-51.8819],[-58.9561,-51.8747],[-58.9625,-51.8674],[-58.9496,-51.8658],[-58.9733,-51.8657],[-58.9748,-51.855],[-58.9886,-51.8737],[-58.9873,-51.8606],[-59.0033,-51.8578],[-59.0134,-51.8794],[-59.0165,-51.8752],[-59.0276,-51.8859],[-59.006,-51.8612],[-59.0211,-51.8532],[-59.0414,-51.8628],[-59.0922,-51.8586],[-59.1162,-51.8829],[-59.1225,-51.8754],[-59.1343,-51.8821],[-59.0921,-51.8548],[-59.1156,-51.8359],[-59.0827,-51.8443],[-59.0869,-51.8574],[-59.0486,-51.8604],[-59.0215,-51.8492],[-59.0068,-51.8568],[-58.9865,-51.8504],[-58.9859,-51.857],[-58.9681,-51.8381],[-58.9794,-51.8444],[-58.984,-51.8391],[-58.9748,-51.8288],[-58.9647,-51.831],[-58.9728,-51.8252],[-58.9563,-51.8067],[-58.9662,-51.8021],[-58.9533,-51.8033],[-58.9529,-51.7876],[-58.9422,-51.7882],[-58.9487,-51.8051],[-58.9379,-51.8203],[-58.9263,-51.8214],[-58.921,-51.8127],[-58.9264,-51.8235],[-58.9371,-51.8224],[-58.9327,-51.8416],[-58.8623,-51.864],[-58.8566,-51.8528],[-58.8671,-51.8452],[-58.877,-51.8504],[-58.8881,-51.8464],[-58.8767,-51.847],[-58.8809,-51.8408],[-58.8727,-51.8398],[-58.8825,-51.836],[-58.8715,-51.8391],[-58.8707,-51.8406],[-58.8771,-51.8411],[-58.8689,-51.8444],[-58.8495,-51.8484],[-58.8598,-51.8475],[-58.8385,-51.8567],[-58.8143,-51.8569],[-58.8364,-51.8587],[-58.8533,-51.8531],[-58.8555,-51.8653],[-58.8056,-51.8759],[-58.8109,-51.8674],[-58.7952,-51.881],[-58.8116,-51.8822],[-58.786,-51.8943],[-58.7787,-51.8901],[-58.7536,-51.8994],[-58.7565,-51.8871],[-58.735,-51.8878],[-58.7436,-51.8821],[-58.727,-51.8868],[-58.733,-51.8907],[-58.6916,-51.8941],[-58.6906,-51.8815],[-58.7182,-51.8726],[-58.6948,-51.8767],[-58.6958,-51.8783],[-58.6906,-51.8792],[-58.6869,-51.888],[-58.6686,-51.8915],[-58.6676,-51.8855],[-58.6303,-51.8833],[-58.6389,-51.8931],[-58.6853,-51.8917],[-58.6783,-51.9044],[-58.6414,-51.8944],[-58.6398,-51.9053],[-58.626,-51.9041],[-58.6246,-51.8951],[-58.616,-51.9012],[-58.5735,-51.8994],[-58.5696,-51.9078],[-58.5581,-51.9062],[-58.5663,-51.9025],[-58.557,-51.8975],[-58.5952,-51.8874],[-58.5214,-51.8955],[-58.5105,-51.8876],[-58.5485,-51.8819],[-58.5385,-51.8826],[-58.5388,-51.872],[-58.5521,-51.8629],[-58.5609,-51.8646],[-58.5537,-51.8599],[-58.5633,-51.8548],[-58.5545,-51.8521],[-58.5687,-51.85],[-58.5519,-51.8487],[-58.5641,-51.8477],[-58.5632,-51.8392],[-58.5798,-51.8314],[-58.5932,-51.8312],[-58.5659,-51.8296],[-58.5634,-51.8344],[-58.5695,-51.8361],[-58.5617,-51.8394],[-58.563,-51.8469],[-58.5487,-51.8475],[-58.5581,-51.857],[-58.5434,-51.8652],[-58.5186,-51.8601],[-58.5415,-51.8649],[-58.5364,-51.8686],[-58.5371,-51.8793],[-58.5077,-51.8852],[-58.504,-51.8952],[-58.4619,-51.8911],[-58.4865,-51.8983],[-58.4606,-51.9042],[-58.4036,-51.8999],[-58.4288,-51.9056],[-58.4047,-51.9095],[-58.4274,-51.9166],[-58.4707,-51.9061],[-58.467,-51.9219],[-58.4008,-51.9226],[-58.4082,-51.9164],[-58.3974,-51.9152],[-58.3943,-51.899],[-58.3752,-51.8873],[-58.3172,-51.8786],[-58.3026,-51.8854],[-58.2831,-51.879],[-58.2809,-51.8746],[-58.3056,-51.8734],[-58.2997,-51.8797],[-58.3101,-51.8815],[-58.3168,-51.8685],[-58.2788,-51.8642],[-58.274,-51.8605],[-58.2894,-51.8585],[-58.2701,-51.8571],[-58.2752,-51.85],[-58.2623,-51.8551],[-58.2442,-51.8444],[-58.2258,-51.8449],[-58.2261,-51.8568],[-58.2567,-51.868],[-58.2473,-51.8748],[-58.235,-51.8644],[-58.2243,-51.8671],[-58.2143,-51.846],[-58.2358,-51.8381],[-58.2343,-51.8281],[-58.1906,-51.827],[-58.1645,-51.816],[-58.254,-51.804],[-58.2554,-51.809],[-58.2817,-51.8069],[-58.2768,-51.8115],[-58.2927,-51.8146],[-58.2952,-51.8225],[-58.2871,-51.8284],[-58.322,-51.8337],[-58.3208,-51.8439],[-58.3355,-51.8438],[-58.3221,-51.8379],[-58.339,-51.8262],[-58.3701,-51.8319],[-58.3543,-51.8262],[-58.3872,-51.8244],[-58.3239,-51.8227],[-58.3331,-51.8176],[-58.3338,-51.8116],[-58.3299,-51.8182],[-58.2982,-51.8223],[-58.2864,-51.8005],[-58.2587,-51.8052],[-58.2611,-51.7982],[-58.2299,-51.7967],[-58.2392,-51.7902],[-58.2195,-51.7966],[-58.1878,-51.7921],[-58.1189,-51.7992],[-58.1352,-51.7911],[-58.1091,-51.7889],[-58.169,-51.7802],[-58.2074,-51.787],[-58.2321,-51.7831],[-58.201,-51.7773],[-58.2445,-51.7642],[-58.2347,-51.7577],[-58.2587,-51.7596],[-58.2915,-51.7485],[-58.3052,-51.7538],[-58.2975,-51.7474],[-58.2663,-51.7482],[-58.1935,-51.7666],[-58.1893,-51.7552],[-58.1771,-51.7567],[-58.1824,-51.7604],[-58.1636,-51.7566],[-58.1843,-51.7428],[-58.1743,-51.7472],[-58.1524,-51.7402],[-58.1654,-51.7532],[-58.1565,-51.7659],[-58.0647,-51.7716],[-58.0673,-51.7644],[-58.0462,-51.7507],[-58.0649,-51.7417],[-58.0847,-51.7421],[-58.0673,-51.7363],[-58.0451,-51.7372],[-58.0513,-51.7463],[-58.0441,-51.7507],[-58.0513,-51.7557],[-58.0356,-51.7588],[-57.9648,-51.7558],[-57.9708,-51.7499],[-57.9206,-51.743],[-57.8817,-51.7473],[-57.8566,-51.7389],[-58.0112,-51.7379],[-57.9543,-51.7332],[-57.9524,-51.7257],[-57.8936,-51.7242],[-57.911,-51.7183],[-57.8927,-51.7217],[-57.8933,-51.7287],[-57.8695,-51.7301],[-57.8496,-51.7174],[-57.8213,-51.7218],[-57.8047,-51.7045],[-57.7169,-51.6831],[-57.7681,-51.6814],[-57.7847,-51.673],[-57.7988,-51.6805],[-57.8076,-51.6739],[-57.8217,-51.6765],[-57.8265,-51.6839],[-57.8012,-51.686],[-57.808,-51.6928],[-57.7822,-51.6947],[-57.7856,-51.6991],[-57.9204,-51.6869],[-57.8309,-51.6824],[-57.9061,-51.6732],[-57.896,-51.6686],[-57.9114,-51.6628],[-57.9186,-51.6664],[-57.9291,-51.6505],[-57.9584,-51.6523],[-57.9251,-51.6495],[-57.9148,-51.6527],[-57.9172,-51.662],[-57.9093,-51.6618],[-57.8905,-51.6704],[-57.8729,-51.6711],[-57.8737,-51.668],[-57.8671,-51.6611],[-57.8724,-51.6701],[-57.8601,-51.6756],[-57.8439,-51.6656],[-57.8064,-51.6599],[-57.8129,-51.6491],[-57.8007,-51.6485],[-57.7866,-51.6615],[-57.7725,-51.659],[-57.7596,-51.6426],[-57.7238,-51.6447],[-57.742,-51.6339],[-57.7609,-51.6346],[-57.7682,-51.6215],[-57.7834,-51.6169],[-57.8874,-51.5994],[-57.9251,-51.5991],[-57.9757,-51.5868],[-58.0028,-51.5947],[-58.0585,-51.5921],[-58.0691,-51.5702],[-58.0852,-51.5649],[-58.1095,-51.5719],[-58.0733,-51.5782],[-58.0996,-51.5773],[-58.1058,-51.585],[-58.1024,-51.5773],[-58.1495,-51.5675],[-58.1105,-51.5695],[-58.119,-51.5664],[-58.106,-51.5625],[-58.165,-51.547],[-58.16,-51.5408],[-58.1203,-51.5371],[-58.1241,-51.5265],[-58.1169,-51.5369],[-58.0952,-51.5331],[-58.0925,-51.5256],[-58.115,-51.5117],[-58.0839,-51.5264],[-58.0175,-51.5355],[-58.0411,-51.5274],[-58.0528,-51.5026],[-58.0763,-51.4963],[-58.0616,-51.4936],[-58.0345,-51.5089],[-57.9937,-51.5063],[-57.9885,-51.5267],[-57.9542,-51.5404],[-57.8249,-51.5476],[-57.7641,-51.5404],[-57.7649,-51.5262],[-57.8026,-51.5154],[-57.8115,-51.5201],[-57.8096,-51.5097],[-57.8743,-51.5093],[-57.8819,-51.5],[-57.8967,-51.4985],[-57.8662,-51.4963],[-57.8436,-51.4749],[-57.8374,-51.4847],[-57.8604,-51.4945],[-57.8476,-51.5012],[-57.792,-51.5075],[-57.7968,-51.5121],[-57.7846,-51.518],[-57.7684,-51.5099],[-57.7389,-51.5127],[-57.787,-51.4892],[-57.8346,-51.4786],[-57.8398,-51.4484],[-57.8672,-51.4422],[-57.8708,-51.4344],[-57.8514,-51.4131],[-57.8886,-51.4018],[-57.9021,-51.3783],[-57.9445,-51.3666],[-57.9442,-51.3609],[-57.9623,-51.3718],[-57.9784,-51.3674],[-57.9793,-51.3766],[-57.9958,-51.374],[-58.0112,-51.3818],[-58.0332,-51.372],[-58.0399,-51.3793],[-58.0532,-51.3781],[-58.0528,-51.3698],[-58.0624,-51.3689],[-58.0956,-51.3826],[-58.1347,-51.3764],[-58.1353,-51.3855],[-58.1615,-51.3754],[-58.1601,-51.3847],[-58.1752,-51.3867],[-58.2129,-51.3893],[-58.2329,-51.382],[-58.2823,-51.3909],[-58.2761,-51.3976],[-58.2882,-51.4039],[-58.2973,-51.4391],[-58.3137,-51.4403],[-58.3172,-51.4564],[-58.3387,-51.4668],[-58.3277,-51.4756],[-58.3423,-51.47],[-58.3862,-51.4845],[-58.3758,-51.4916],[-58.3518,-51.486],[-58.3772,-51.5008],[-58.3697,-51.5089],[-58.378,-51.5127],[-58.3533,-51.5186],[-58.3373,-51.5101],[-58.3323,-51.5205],[-58.3169,-51.5146],[-58.3227,-51.5001],[-58.3029,-51.4999],[-58.298,-51.4871],[-58.2861,-51.4906],[-58.2837,-51.5026],[-58.2994,-51.5298],[-58.264,-51.5188],[-58.2769,-51.5327],[-58.2499,-51.5355],[-58.2015,-51.5244],[-58.2165,-51.5418],[-58.2386,-51.5423],[-58.2626,-51.5534],[-58.2393,-51.5645],[-58.2333,-51.5598],[-58.2212,-51.5642],[-58.2417,-51.5718],[-58.2251,-51.5795],[-58.1747,-51.5823],[-58.211,-51.5867],[-58.1455,-51.6119],[-58.1694,-51.6032],[-58.1952,-51.6071],[-58.2514,-51.5843],[-58.2456,-51.5939],[-58.2604,-51.6004],[-58.2408,-51.6068],[-58.2384,-51.62],[-58.2041,-51.6227],[-58.2282,-51.6263],[-58.2049,-51.6305],[-58.2172,-51.6331],[-58.2114,-51.6415],[-58.1827,-51.6398],[-58.1729,-51.6445],[-58.1899,-51.6478],[-58.1893,-51.6458],[-58.2127,-51.6429],[-58.225,-51.6371],[-58.1987,-51.6585],[-58.2121,-51.6493],[-58.2187,-51.6602],[-58.2224,-51.6475],[-58.2401,-51.6383],[-58.2367,-51.6256],[-58.2514,-51.6216],[-58.254,-51.6346],[-58.245,-51.6366],[-58.2535,-51.6362],[-58.2564,-51.6522],[-58.2411,-51.6542],[-58.2588,-51.6526],[-58.2651,-51.6617],[-58.2782,-51.6617],[-58.2633,-51.6554],[-58.2805,-51.6557],[-58.262,-51.6541],[-58.2682,-51.6503],[-58.2561,-51.646],[-58.2656,-51.6377],[-58.2556,-51.6217],[-58.2744,-51.6217],[-58.2514,-51.6144],[-58.2832,-51.5975],[-58.3085,-51.6151],[-58.2851,-51.5917],[-58.2635,-51.5945],[-58.2721,-51.5861],[-58.2642,-51.583],[-58.2832,-51.5721],[-58.2628,-51.5706],[-58.2683,-51.5622],[-58.2792,-51.5646],[-58.2757,-51.5556],[-58.2923,-51.5484],[-58.3082,-51.5564],[-58.309,-51.5435],[-58.326,-51.5376],[-58.3263,-51.5513],[-58.3454,-51.5548],[-58.3278,-51.5671],[-58.3529,-51.5714],[-58.3493,-51.5608],[-58.3583,-51.559],[-58.3828,-51.5656],[-58.3679,-51.5514],[-58.3699,-51.5456],[-58.3927,-51.5492],[-58.3771,-51.5301],[-58.3916,-51.5374],[-58.4039,-51.5278],[-58.417,-51.5629],[-58.4263,-51.5639],[-58.4442,-51.547],[-58.4605,-51.5474],[-58.4307,-51.5455],[-58.4208,-51.5344],[-58.4331,-51.5233],[-58.41,-51.5042],[-58.4092,-51.4903],[-58.4371,-51.5013],[-58.4227,-51.4918],[-58.4357,-51.4741],[-58.4246,-51.4684],[-58.4427,-51.4685],[-58.4728,-51.491],[-58.4665,-51.4774],[-58.4754,-51.4776],[-58.4759,-51.468],[-58.4914,-51.4683],[-58.5093,-51.4921],[-58.5202,-51.4861],[-58.5256,-51.4949],[-58.5122,-51.5006],[-58.5274,-51.5116],[-58.5378,-51.4895],[-58.5142,-51.4831],[-58.5177,-51.4752],[-58.5253,-51.4824],[-58.5422,-51.4735],[-58.5589,-51.4798],[-58.5518,-51.4693],[-58.523,-51.471],[-58.5243,-51.4577],[-58.5382,-51.4555],[-58.5208,-51.4547],[-58.5156,-51.4606],[-58.5027,-51.4535],[-58.5141,-51.449],[-58.5071,-51.4365],[-58.5413,-51.4445],[-58.52,-51.4389],[-58.517,-51.4289],[-58.5297,-51.4356],[-58.542,-51.4328],[-58.5583,-51.4395],[-58.5589,-51.4508],[-58.5809,-51.4469],[-58.5919,-51.4613],[-58.6264,-51.4674],[-58.5908,-51.4571],[-58.5827,-51.446],[-58.5669,-51.4479],[-58.56,-51.4382],[-58.5424,-51.4306],[-58.5231,-51.4292],[-58.5272,-51.4237],[-58.5961,-51.4393],[-58.5377,-51.4211],[-58.5438,-51.4163],[-58.5304,-51.4122],[-58.5549,-51.4052],[-58.5545,-51.4016],[-58.5379,-51.4089],[-58.5274,-51.405],[-58.5045,-51.3808],[-58.4893,-51.386],[-58.5204,-51.4071],[-58.5181,-51.4206],[-58.5061,-51.4243],[-58.495,-51.398],[-58.4829,-51.3986],[-58.4749,-51.4318],[-58.4559,-51.4555],[-58.3934,-51.4414],[-58.3778,-51.4461],[-58.3694,-51.4329],[-58.3725,-51.4495],[-58.3585,-51.4525],[-58.3653,-51.4652],[-58.35,-51.462],[-58.3305,-51.4384],[-58.3532,-51.4411],[-58.3572,-51.4333],[-58.3251,-51.4363],[-58.3184,-51.4291],[-58.3297,-51.4285],[-58.3274,-51.4228],[-58.3147,-51.4154],[-58.339,-51.3903],[-58.3722,-51.397],[-58.3776,-51.3923],[-58.3511,-51.3844],[-58.3456,-51.3905],[-58.3318,-51.3869],[-58.3471,-51.366],[-58.3407,-51.3536],[-58.3532,-51.3586],[-58.3814,-51.3473],[-58.376,-51.3325],[-58.3948,-51.3324],[-58.4126,-51.3152],[-58.4574,-51.3165],[-58.4651,-51.2979],[-58.4814,-51.3073],[-58.5071,-51.3091],[-58.5293,-51.2934],[-58.5462,-51.3032],[-58.582,-51.2984],[-58.5844,-51.3103],[-58.6104,-51.3213],[-58.6363,-51.313],[-58.6259,-51.3186],[-58.6206,-51.3375],[-58.6283,-51.3419],[-58.6176,-51.3507],[-58.585,-51.3423],[-58.5831,-51.3265],[-58.5682,-51.3231],[-58.5817,-51.34],[-58.5708,-51.3457],[-58.5723,-51.3602],[-58.5789,-51.3474],[-58.5952,-51.3603],[-58.596,-51.3483],[-58.6131,-51.3581],[-58.6244,-51.3543],[-58.641,-51.3229],[-58.6722,-51.3334],[-58.7236,-51.3243],[-58.7378,-51.3142],[-58.7433,-51.3227],[-58.7253,-51.3257],[-58.7205,-51.3411],[-58.7301,-51.3483],[-58.728,-51.337],[-58.7505,-51.323],[-58.7443,-51.3173],[-58.8137,-51.3045],[-58.8161,-51.2968],[-58.825,-51.2995],[-58.8501,-51.2838],[-58.8722,-51.2856],[-58.9046,-51.2755],[-58.9062,-51.2653],[-58.9698,-51.2332]]],[[[-59.3871,-51.3369],[-59.4169,-51.3418],[-59.4042,-51.355],[-59.4111,-51.358],[-59.3985,-51.3607],[-59.3983,-51.3677],[-59.4005,-51.362],[-59.4284,-51.361],[-59.4242,-51.358],[-59.4488,-51.3521],[-59.4541,-51.3552],[-59.4358,-51.3879],[-59.4768,-51.4047],[-59.4394,-51.4064],[-59.3991,-51.4211],[-59.3847,-51.4394],[-59.3969,-51.4355],[-59.4249,-51.449],[-59.4394,-51.4471],[-59.4675,-51.4646],[-59.4724,-51.4578],[-59.5086,-51.4596],[-59.5429,-51.4422],[-59.5204,-51.4808],[-59.544,-51.4644],[-59.5892,-51.4583],[-59.6068,-51.445],[-59.5419,-51.44],[-59.5166,-51.4226],[-59.4827,-51.4149],[-59.4953,-51.4047],[-59.491,-51.3954],[-59.5215,-51.3998],[-59.5319,-51.4144],[-59.5736,-51.4343],[-59.6189,-51.4348],[-59.6266,-51.4686],[-59.6349,-51.4371],[-59.6726,-51.4483],[-59.7085,-51.4494],[-59.7334,-51.4606],[-59.7606,-51.4569],[-59.7577,-51.4498],[-59.7698,-51.4587],[-59.7783,-51.4528],[-59.7928,-51.4598],[-59.8165,-51.4554],[-59.8136,-51.4435],[-59.8414,-51.4435],[-59.8055,-51.4389],[-59.8316,-51.4355],[-59.7783,-51.4306],[-59.7769,-51.4482],[-59.7705,-51.4308],[-59.7605,-51.4332],[-59.7517,-51.4245],[-59.7388,-51.4288],[-59.7306,-51.4204],[-59.7603,-51.4145],[-59.7577,-51.4056],[-59.7706,-51.4205],[-59.7952,-51.4199],[-59.7867,-51.4155],[-59.8173,-51.4094],[-59.8334,-51.4182],[-59.8751,-51.4137],[-59.8102,-51.3962],[-59.8208,-51.3952],[-59.8907,-51.4107],[-59.8989,-51.4235],[-59.8883,-51.407],[-59.9079,-51.4102],[-59.8992,-51.4058],[-59.9085,-51.4029],[-59.8735,-51.4006],[-59.9006,-51.3954],[-59.8599,-51.3915],[-59.8911,-51.3818],[-59.9163,-51.3838],[-59.9025,-51.3916],[-59.9162,-51.3966],[-59.9359,-51.39],[-59.9317,-51.3981],[-59.9481,-51.391],[-59.9487,-51.3984],[-59.9596,-51.3953],[-59.9647,-51.4111],[-59.9684,-51.4051],[-59.9837,-51.4105],[-59.9797,-51.4262],[-60.0022,-51.4216],[-60.0201,-51.4034],[-59.983,-51.3884],[-60.0078,-51.3877],[-60.0088,-51.3806],[-60.0516,-51.3882],[-60.0364,-51.3954],[-60.046,-51.3989],[-60.0319,-51.4029],[-60.0304,-51.416],[-60.0812,-51.408],[-60.0676,-51.421],[-60.08,-51.4249],[-60.0819,-51.4355],[-60.1,-51.4382],[-60.0914,-51.4509],[-60.0154,-51.4538],[-59.9724,-51.4756],[-60.0394,-51.4795],[-60.0524,-51.4935],[-60.066,-51.4835],[-60.0812,-51.4841],[-60.1065,-51.5047],[-60.1134,-51.497],[-60.1341,-51.495],[-60.1233,-51.4977],[-60.131,-51.5072],[-60.1292,-51.5023],[-60.1677,-51.5001],[-60.1714,-51.4901],[-60.1556,-51.487],[-60.1647,-51.483],[-60.2004,-51.4983],[-60.2444,-51.494],[-60.3579,-51.4543],[-60.4055,-51.4196],[-60.4461,-51.4032],[-60.4546,-51.4119],[-60.4511,-51.4017],[-60.5118,-51.3788],[-60.5149,-51.3855],[-60.5231,-51.3736],[-60.5327,-51.378],[-60.5259,-51.3729],[-60.5574,-51.3677],[-60.571,-51.3733],[-60.5648,-51.3653],[-60.6153,-51.3469],[-60.6643,-51.3402],[-60.6103,-51.3603],[-60.6326,-51.3645],[-60.6505,-51.3559],[-60.6648,-51.3608],[-60.6453,-51.3789],[-60.6313,-51.3764],[-60.6284,-51.4038],[-60.6504,-51.4145],[-60.6166,-51.42],[-60.6001,-51.4396],[-60.5207,-51.4517],[-60.4551,-51.4377],[-60.4483,-51.4539],[-60.421,-51.4566],[-60.3981,-51.4748],[-60.4017,-51.4814],[-60.3825,-51.4865],[-60.3872,-51.5049],[-60.4821,-51.4906],[-60.5086,-51.5001],[-60.515,-51.5097],[-60.5031,-51.5228],[-60.5137,-51.5267],[-60.495,-51.5401],[-60.4848,-51.5428],[-60.4874,-51.5322],[-60.4328,-51.5471],[-60.4325,-51.5415],[-60.406,-51.5621],[-60.3904,-51.544],[-60.398,-51.5676],[-60.3329,-51.5811],[-60.302,-51.5615],[-60.3123,-51.5552],[-60.3046,-51.5528],[-60.3498,-51.5444],[-60.326,-51.5416],[-60.3281,-51.5253],[-60.321,-51.5452],[-60.3091,-51.5439],[-60.2989,-51.5562],[-60.29,-51.5534],[-60.3138,-51.5774],[-60.2694,-51.5737],[-60.2588,-51.5606],[-60.2656,-51.5736],[-60.3082,-51.58],[-60.305,-51.5977],[-60.2739,-51.6101],[-60.2316,-51.6088],[-60.2223,-51.6208],[-60.2577,-51.6266],[-60.223,-51.6307],[-60.1835,-51.6654],[-60.1623,-51.6755],[-60.1553,-51.6694],[-60.1357,-51.6835],[-60.1057,-51.6703],[-60.0925,-51.6778],[-60.084,-51.6604],[-60.0857,-51.6719],[-60.0944,-51.6817],[-60.0894,-51.6914],[-60.0779,-51.6808],[-60.0755,-51.6951],[-60.0957,-51.6914],[-60.0943,-51.6984],[-60.0726,-51.7007],[-60.0708,-51.6887],[-60.0255,-51.6993],[-60.0426,-51.7052],[-60.0939,-51.6999],[-60.0863,-51.7136],[-60.0736,-51.7125],[-60.0602,-51.7258],[-60.0253,-51.727],[-60.0205,-51.7345],[-59.9897,-51.7323],[-59.9741,-51.7419],[-59.9916,-51.7338],[-60.025,-51.7355],[-60.0573,-51.7296],[-60.0819,-51.7178],[-60.0867,-51.7232],[-60.1003,-51.7067],[-60.1695,-51.692],[-60.2312,-51.6566],[-60.2441,-51.6573],[-60.2495,-51.6707],[-60.287,-51.6806],[-60.3206,-51.6819],[-60.3677,-51.6715],[-60.4378,-51.6971],[-60.4785,-51.7077],[-60.5184,-51.7053],[-60.5211,-51.7125],[-60.525,-51.7053],[-60.5477,-51.7059],[-60.6157,-51.676],[-60.6109,-51.6964],[-60.6178,-51.6814],[-60.6502,-51.6672],[-60.6632,-51.6847],[-60.6471,-51.7012],[-60.6412,-51.7283],[-60.5966,-51.7604],[-60.5916,-51.7753],[-60.5614,-51.7722],[-60.5711,-51.7993],[-60.5481,-51.8003],[-60.5397,-51.8075],[-60.5267,-51.8046],[-60.5246,-51.794],[-60.5368,-51.7884],[-60.5375,-51.7967],[-60.5529,-51.7978],[-60.5352,-51.7845],[-60.5503,-51.7784],[-60.5245,-51.7704],[-60.5217,-51.7607],[-60.4993,-51.77],[-60.4797,-51.7597],[-60.4759,-51.7747],[-60.4428,-51.7711],[-60.4083,-51.7519],[-60.4109,-51.7451],[-60.3923,-51.7445],[-60.3899,-51.7554],[-60.3735,-51.7593],[-60.3585,-51.7561],[-60.3759,-51.7433],[-60.3715,-51.7312],[-60.3885,-51.7314],[-60.3752,-51.7202],[-60.3823,-51.7174],[-60.3608,-51.7109],[-60.3427,-51.7171],[-60.3181,-51.6965],[-60.3108,-51.7152],[-60.2894,-51.7211],[-60.2676,-51.7145],[-60.2475,-51.6963],[-60.1935,-51.7012],[-60.1812,-51.7094],[-60.1899,-51.7202],[-60.185,-51.756],[-60.2142,-51.7809],[-60.2137,-51.7929],[-60.2275,-51.773],[-60.2585,-51.7878],[-60.2584,-51.7801],[-60.2695,-51.7786],[-60.2556,-51.7652],[-60.2808,-51.7717],[-60.2725,-51.7657],[-60.2845,-51.7607],[-60.2673,-51.749],[-60.3238,-51.7608],[-60.3314,-51.7797],[-60.3204,-51.7683],[-60.3187,-51.7793],[-60.2944,-51.7793],[-60.3285,-51.8047],[-60.2984,-51.8143],[-60.2952,-51.8305],[-60.2765,-51.8311],[-60.3,-51.8322],[-60.3042,-51.8404],[-60.3073,-51.8284],[-60.3191,-51.8323],[-60.3339,-51.8191],[-60.3273,-51.8327],[-60.344,-51.8546],[-60.327,-51.8653],[-60.3445,-51.8598],[-60.3379,-51.8691],[-60.3443,-51.8673],[-60.3438,-51.872],[-60.3539,-51.8703],[-60.3557,-51.8732],[-60.3623,-51.8752],[-60.3617,-51.8784],[-60.3686,-51.8904],[-60.3625,-51.8784],[-60.364,-51.876],[-60.3578,-51.8667],[-60.3505,-51.8667],[-60.3598,-51.8549],[-60.3662,-51.8606],[-60.373,-51.8526],[-60.3837,-51.8559],[-60.3833,-51.8458],[-60.4175,-51.8682],[-60.3974,-51.8455],[-60.4092,-51.8413],[-60.3863,-51.8415],[-60.3692,-51.8274],[-60.373,-51.8165],[-60.3567,-51.8153],[-60.3707,-51.7974],[-60.3911,-51.8115],[-60.4037,-51.808],[-60.3994,-51.799],[-60.4187,-51.8234],[-60.4178,-51.8024],[-60.3981,-51.798],[-60.3955,-51.7882],[-60.3879,-51.7971],[-60.3721,-51.786],[-60.3725,-51.7707],[-60.3826,-51.7813],[-60.3868,-51.7771],[-60.3727,-51.7657],[-60.3971,-51.7684],[-60.4031,-51.7807],[-60.4073,-51.7726],[-60.4206,-51.7928],[-60.4373,-51.7904],[-60.4157,-51.7702],[-60.449,-51.7784],[-60.4777,-51.8246],[-60.4456,-51.8479],[-60.4776,-51.8728],[-60.4536,-51.8705],[-60.45,-51.876],[-60.498,-51.9084],[-60.5007,-51.9139],[-60.4848,-51.9116],[-60.4992,-51.9315],[-60.5393,-51.935],[-60.5465,-51.9416],[-60.5518,-51.9343],[-60.5857,-51.9269],[-60.6035,-51.9299],[-60.6262,-51.9185],[-60.6478,-51.9257],[-60.6305,-51.9256],[-60.625,-51.9363],[-60.597,-51.9322],[-60.5629,-51.9382],[-60.5428,-51.9543],[-60.5249,-51.9481],[-60.502,-51.9537],[-60.4917,-51.9415],[-60.4745,-51.9407],[-60.4832,-51.9475],[-60.4703,-51.9467],[-60.4577,-51.935],[-60.421,-51.9305],[-60.4212,-51.9236],[-60.3975,-51.9256],[-60.4356,-51.967],[-60.4356,-51.9571],[-60.4612,-51.972],[-60.5225,-51.9811],[-60.5497,-51.9763],[-60.5512,-51.9841],[-60.5703,-51.9843],[-60.5191,-52.0035],[-60.5264,-52.0081],[-60.5042,-52.0232],[-60.5181,-52.022],[-60.5336,-52.0073],[-60.5308,-52.016],[-60.5427,-52.0151],[-60.545,-52.0273],[-60.5495,-52.0079],[-60.5366,-52.0027],[-60.5708,-51.9895],[-60.5809,-52.0059],[-60.5558,-52.0259],[-60.5854,-52.0093],[-60.5922,-52.0247],[-60.6079,-52.0265],[-60.5949,-52.0083],[-60.6074,-52.0048],[-60.588,-52.0055],[-60.5776,-51.9869],[-60.6021,-51.9799],[-60.616,-51.9788],[-60.6171,-51.9848],[-60.628,-51.9812],[-60.6344,-51.9994],[-60.6401,-51.994],[-60.6314,-51.9804],[-60.624,-51.9787],[-60.6452,-51.9769],[-60.6389,-51.97],[-60.6493,-51.9688],[-60.6733,-51.9753],[-60.6696,-52.004],[-60.6539,-52.009],[-60.6712,-52.0154],[-60.6537,-52.0226],[-60.6769,-52.0323],[-60.6714,-52.0384],[-60.6391,-52.0378],[-60.6862,-52.0405],[-60.6835,-52.047],[-60.6898,-52.0394],[-60.6754,-52.0372],[-60.6847,-52.0219],[-60.6968,-52.0202],[-60.6813,-52.0136],[-60.6797,-51.9845],[-60.6905,-51.97],[-60.7025,-51.9749],[-60.702,-51.9994],[-60.6918,-52.0041],[-60.7218,-52.0124],[-60.7123,-52.0051],[-60.7322,-52.0021],[-60.7118,-51.9983],[-60.7075,-51.9856],[-60.7284,-51.9856],[-60.7105,-51.9798],[-60.7043,-51.9642],[-60.7313,-51.9626],[-60.7552,-51.979],[-60.7453,-51.9617],[-60.7757,-51.9672],[-60.769,-51.9617],[-60.7778,-51.9577],[-60.846,-51.954],[-60.8565,-51.9646],[-60.8473,-51.9756],[-60.8284,-51.9761],[-60.8268,-51.9833],[-60.8386,-51.9846],[-60.821,-51.9872],[-60.8251,-52.0001],[-60.8135,-52.002],[-60.7912,-51.9898],[-60.7912,-52.0004],[-60.748,-52.0011],[-60.7456,-52.0182],[-60.8596,-52.042],[-60.8786,-52.0281],[-60.8971,-52.0325],[-60.8852,-52.0362],[-60.8861,-52.0544],[-60.8727,-52.0628],[-60.8827,-52.0652],[-60.8705,-52.0709],[-60.805,-52.0582],[-60.8583,-52.0786],[-60.8565,-52.0852],[-60.8767,-52.0734],[-60.9201,-52.0833],[-60.8823,-52.0733],[-60.8924,-52.0648],[-60.9054,-52.0713],[-60.9175,-52.0678],[-60.8933,-52.0588],[-60.8967,-52.0371],[-60.9305,-52.0365],[-60.9389,-52.047],[-60.9427,-52.0409],[-60.9476,-52.0482],[-60.9577,-52.042],[-60.9795,-52.0489],[-60.9786,-52.0417],[-61.0045,-52.04],[-61.0043,-52.0186],[-61.0241,-52.0076],[-61.0631,-52.0126],[-61.0678,-52.0073],[-61.0789,-52.0168],[-61.0431,-52.0136],[-61.0482,-52.0726],[-61.0305,-52.0705],[-61.0209,-52.0808],[-61.0131,-52.0757],[-61.0104,-52.0636],[-61.0304,-52.046],[-61.0228,-52.043],[-60.9987,-52.0573],[-60.9978,-52.0735],[-60.9736,-52.078],[-60.9786,-52.0874],[-60.947,-52.0902],[-60.9474,-52.1069],[-60.9337,-52.1167],[-60.8853,-52.115],[-60.872,-52.1276],[-60.8589,-52.1243],[-60.8594,-52.1461],[-60.8178,-52.1514],[-60.8116,-52.1627],[-60.8258,-52.1734],[-60.7953,-52.1899],[-60.7555,-52.1828],[-60.738,-52.1871],[-60.7393,-52.1815],[-60.7199,-52.1864],[-60.7312,-52.1813],[-60.7193,-52.1767],[-60.7326,-52.1803],[-60.7395,-52.1691],[-60.7698,-52.1678],[-60.7953,-52.1407],[-60.8108,-52.142],[-60.8446,-52.1275],[-60.8505,-52.1076],[-60.8365,-52.1082],[-60.8341,-52.0981],[-60.8147,-52.0979],[-60.811,-52.1123],[-60.7649,-52.11],[-60.7643,-52.1199],[-60.7473,-52.1247],[-60.7242,-52.1159],[-60.7258,-52.1069],[-60.7159,-52.1031],[-60.7234,-52.1076],[-60.7123,-52.1068],[-60.7128,-52.1179],[-60.6753,-52.1288],[-60.6634,-52.141],[-60.7157,-52.1298],[-60.7324,-52.1348],[-60.725,-52.1407],[-60.7469,-52.1441],[-60.7175,-52.1604],[-60.7016,-52.1417],[-60.711,-52.1649],[-60.7044,-52.1735],[-60.6614,-52.1543],[-60.6969,-52.1792],[-60.6721,-52.1924],[-60.6658,-52.1865],[-60.6293,-52.1754],[-60.6326,-52.1832],[-60.6382,-52.1799],[-60.6498,-52.1828],[-60.6651,-52.193],[-60.6313,-52.2049],[-60.6421,-52.2078],[-60.6319,-52.2146],[-60.6732,-52.1998],[-60.6964,-52.2131],[-60.6665,-52.2228],[-60.6814,-52.2355],[-60.6527,-52.2591],[-60.6185,-52.2594],[-60.6225,-52.2323],[-60.6044,-52.2515],[-60.595,-52.2349],[-60.5725,-52.2366],[-60.5035,-52.2034],[-60.5055,-52.1954],[-60.5377,-52.1959],[-60.551,-52.1842],[-60.5222,-52.1912],[-60.5058,-52.1879],[-60.5128,-52.1791],[-60.4951,-52.1858],[-60.49,-52.1806],[-60.4909,-52.172],[-60.5193,-52.1592],[-60.5351,-52.1672],[-60.5389,-52.1579],[-60.5306,-52.1618],[-60.5241,-52.1551],[-60.5447,-52.1365],[-60.5765,-52.1645],[-60.5776,-52.1539],[-60.5577,-52.138],[-60.5868,-52.1343],[-60.586,-52.1261],[-60.5499,-52.1208],[-60.5434,-52.1125],[-60.5435,-52.1308],[-60.5291,-52.132],[-60.5335,-52.1384],[-60.5084,-52.1581],[-60.4858,-52.1663],[-60.491,-52.1557],[-60.4734,-52.1497],[-60.4784,-52.1724],[-60.4663,-52.1786],[-60.4432,-52.1697],[-60.4608,-52.168],[-60.4652,-52.1598],[-60.4145,-52.1446],[-60.4072,-52.1732],[-60.3951,-52.1703],[-60.378,-52.1775],[-60.3656,-52.1661],[-60.3885,-52.1587],[-60.3841,-52.1433],[-60.4036,-52.1303],[-60.4046,-52.1249],[-60.5041,-52.1125],[-60.4583,-52.1028],[-60.4507,-52.1143],[-60.4086,-52.1202],[-60.3931,-52.1364],[-60.3817,-52.1277],[-60.3836,-52.1179],[-60.3809,-52.1125],[-60.4074,-52.0919],[-60.381,-52.1031],[-60.3279,-52.1014],[-60.3474,-52.1141],[-60.3766,-52.1075],[-60.3781,-52.1165],[-60.37,-52.1164],[-60.3755,-52.1189],[-60.3825,-52.1184],[-60.3792,-52.1278],[-60.3844,-52.1374],[-60.3762,-52.1418],[-60.3808,-52.1543],[-60.3673,-52.1598],[-60.3585,-52.153],[-60.355,-52.1621],[-60.3299,-52.1514],[-60.2878,-52.0992],[-60.2669,-52.0909],[-60.2565,-52.0286],[-60.2423,-52.0186],[-60.258,-52.0239],[-60.2696,-52.0789],[-60.2776,-52.0827],[-60.2798,-52.0744],[-60.2825,-52.082],[-60.2739,-52.0413],[-60.2779,-52.0489],[-60.2811,-52.0428],[-60.2887,-52.0464],[-60.2787,-52.0368],[-60.2845,-52.0176],[-60.2951,-52.0264],[-60.2922,-52.017],[-60.3115,-52.0085],[-60.2973,-52.01],[-60.328,-52.0001],[-60.3349,-51.9935],[-60.3576,-52.0074],[-60.3423,-51.995],[-60.3346,-51.9925],[-60.3307,-51.9943],[-60.3305,-51.9794],[-60.3267,-51.9974],[-60.2937,-52.0065],[-60.2905,-52.0151],[-60.2737,-52.0021],[-60.285,-51.9912],[-60.2666,-51.9981],[-60.2057,-51.9627],[-60.2422,-51.9937],[-60.2298,-51.9943],[-60.2088,-51.9797],[-60.2205,-51.9945],[-60.1592,-51.9648],[-60.2373,-52.0075],[-60.2391,-52.0168],[-60.1625,-52.0038],[-60.1001,-52.0083],[-60.0871,-51.9967],[-60.0998,-51.9851],[-60.0878,-51.9708],[-60.0997,-51.9615],[-60.1172,-51.9652],[-60.1034,-51.9595],[-60.0875,-51.9645],[-60.0792,-51.9381],[-60.0666,-51.9501],[-60.0525,-51.9418],[-60.0767,-51.9615],[-60.0672,-51.9581],[-60.0385,-51.9696],[-60.0158,-51.9598],[-59.9981,-51.9693],[-60.0177,-51.9675],[-60.0103,-51.9801],[-59.9967,-51.9818],[-60.0187,-52],[-60.0051,-52.0052],[-59.9572,-51.9925],[-59.9198,-51.9667],[-59.9036,-51.9698],[-59.9007,-51.9797],[-59.8604,-51.9643],[-59.8359,-51.8984],[-59.7859,-51.8637],[-59.7827,-51.8564],[-59.8072,-51.8722],[-59.7475,-51.8176],[-59.7539,-51.8097],[-59.7725,-51.8203],[-59.7655,-51.8125],[-59.7538,-51.8056],[-59.7473,-51.8113],[-59.7263,-51.8049],[-59.7265,-51.8135],[-59.6308,-51.7554],[-59.6199,-51.7436],[-59.6293,-51.7496],[-59.6404,-51.7385],[-59.6655,-51.7443],[-59.6368,-51.7319],[-59.6332,-51.7414],[-59.6075,-51.731],[-59.5848,-51.7022],[-59.592,-51.6981],[-59.5619,-51.6782],[-59.5441,-51.6457],[-59.6039,-51.6872],[-59.5913,-51.6609],[-59.5022,-51.6019],[-59.4995,-51.6088],[-59.5334,-51.633],[-59.5363,-51.6478],[-59.4415,-51.5853],[-59.4418,-51.5973],[-59.4585,-51.5983],[-59.4808,-51.6334],[-59.4403,-51.6341],[-59.3897,-51.6052],[-59.3858,-51.5796],[-59.3386,-51.5285],[-59.3464,-51.521],[-59.3874,-51.55],[-59.3681,-51.5276],[-59.4027,-51.5364],[-59.3714,-51.5213],[-59.3665,-51.526],[-59.3537,-51.5114],[-59.3649,-51.5125],[-59.375,-51.5026],[-59.4766,-51.5282],[-59.4833,-51.5258],[-59.4818,-51.5204],[-59.4966,-51.5202],[-59.4864,-51.5178],[-59.4807,-51.52],[-59.4793,-51.5265],[-59.3732,-51.4983],[-59.3538,-51.5077],[-59.3672,-51.4861],[-59.353,-51.496],[-59.3304,-51.493],[-59.344,-51.5184],[-59.3351,-51.5251],[-59.2867,-51.4835],[-59.2006,-51.4388],[-59.2011,-51.4342],[-59.2667,-51.4621],[-59.2929,-51.4645],[-59.2719,-51.4581],[-59.2894,-51.4503],[-59.2666,-51.4452],[-59.293,-51.4314],[-59.2233,-51.4161],[-59.1891,-51.3994],[-59.2284,-51.4021],[-59.2406,-51.3895],[-59.3101,-51.3764],[-59.314,-51.3681],[-59.3267,-51.3704],[-59.3712,-51.3532],[-59.3871,-51.3369]]],[[[-60.9005,-51.7623],[-60.8908,-51.7717],[-60.897,-51.7771],[-60.9105,-51.7719],[-60.9111,-51.79],[-60.891,-51.8116],[-60.881,-51.8018],[-60.8757,-51.8055],[-60.9055,-51.8309],[-60.9072,-51.8368],[-60.8998,-51.8307],[-60.8971,-51.8371],[-60.9027,-51.856],[-60.9192,-51.8316],[-60.9351,-51.8513],[-60.9501,-51.8428],[-60.9549,-51.8662],[-60.9673,-51.8601],[-60.9837,-51.8734],[-60.989,-51.8652],[-60.9923,-51.8719],[-61.0132,-51.8698],[-61.052,-51.8901],[-61.0287,-51.8723],[-61.0347,-51.8589],[-60.9641,-51.8284],[-60.9631,-51.8153],[-60.9421,-51.8202],[-60.9338,-51.8135],[-60.9533,-51.7985],[-60.9883,-51.8054],[-60.9751,-51.796],[-60.9836,-51.7855],[-60.9763,-51.7785],[-61.0023,-51.7861],[-61.0224,-51.7784],[-61.0381,-51.7842],[-61.0336,-51.7978],[-61.0446,-51.8033],[-61.0337,-51.8151],[-61.0485,-51.8101],[-61.0638,-51.8256],[-61.0574,-51.8336],[-61.0464,-51.8314],[-61.0536,-51.8382],[-61.0386,-51.8452],[-61.0916,-51.8243],[-61.1171,-51.837],[-61.0935,-51.8168],[-61.1011,-51.809],[-61.1132,-51.819],[-61.1407,-51.819],[-61.1314,-51.8251],[-61.1505,-51.8379],[-61.1663,-51.831],[-61.1606,-51.8525],[-61.1269,-51.8412],[-61.1366,-51.8521],[-61.0937,-51.848],[-61.0992,-51.8591],[-61.1143,-51.8526],[-61.1338,-51.8596],[-61.1364,-51.8809],[-61.1183,-51.8805],[-61.1375,-51.9041],[-61.1168,-51.9103],[-61.101,-51.901],[-61.1004,-51.9181],[-61.1104,-51.9235],[-61.0985,-51.9319],[-61.0802,-51.9157],[-61.0801,-51.931],[-61.0671,-51.9358],[-61.0389,-51.9256],[-61.0738,-51.9418],[-61.0572,-51.9436],[-61.0379,-51.9582],[-61.057,-51.9666],[-61.0313,-51.9655],[-61.0007,-51.9897],[-60.9752,-51.9838],[-60.9666,-51.9647],[-60.8968,-51.9518],[-60.9255,-51.9367],[-60.8911,-51.9372],[-60.8883,-51.9215],[-60.8705,-51.9168],[-60.8701,-51.9011],[-60.9094,-51.9112],[-60.9155,-51.8963],[-60.8719,-51.8902],[-60.8852,-51.8814],[-60.8977,-51.8835],[-60.8812,-51.8771],[-60.8816,-51.8222],[-60.8653,-51.8161],[-60.8605,-51.8051],[-60.8697,-51.8025],[-60.8568,-51.7897],[-60.8629,-51.7642],[-60.9005,-51.7623]]],[[[-60.3156,-51.2671],[-60.3258,-51.263],[-60.3209,-51.282],[-60.2856,-51.3043],[-60.241,-51.3079],[-60.2321,-51.3246],[-60.2005,-51.3436],[-60.1594,-51.3563],[-60.1465,-51.3523],[-60.1394,-51.3608],[-60.1511,-51.3637],[-60.1206,-51.3643],[-60.1311,-51.3689],[-60.1218,-51.3673],[-60.1283,-51.3876],[-60.1466,-51.3812],[-60.1384,-51.3915],[-60.1759,-51.3965],[-60.1842,-51.3834],[-60.1686,-51.381],[-60.1833,-51.3785],[-60.2059,-51.3491],[-60.2347,-51.3376],[-60.2406,-51.3596],[-60.2849,-51.3694],[-60.2751,-51.3971],[-60.3158,-51.3899],[-60.2578,-51.4142],[-60.2385,-51.4144],[-60.2004,-51.3962],[-60.1974,-51.4058],[-60.1713,-51.3981],[-60.1665,-51.4054],[-60.1083,-51.4044],[-60.1271,-51.3957],[-60.0989,-51.3845],[-60.1074,-51.3794],[-60.0797,-51.3823],[-60.0892,-51.3762],[-60.0882,-51.3706],[-60.076,-51.3722],[-60.0823,-51.3623],[-60.045,-51.3387],[-60.0465,-51.3331],[-60.0954,-51.328],[-60.0615,-51.3135],[-60.085,-51.3138],[-60.092,-51.3029],[-60.1558,-51.3161],[-60.1851,-51.3151],[-60.2481,-51.3005],[-60.2651,-51.2708],[-60.286,-51.2622],[-60.3156,-51.2671]]],[[[-59.7655,-51.2483],[-59.8236,-51.254],[-59.8239,-51.262],[-59.8379,-51.2644],[-59.8115,-51.2804],[-59.7692,-51.2838],[-59.7578,-51.2932],[-59.7324,-51.293],[-59.7275,-51.3005],[-59.7209,-51.2894],[-59.7181,-51.3025],[-59.6804,-51.2941],[-59.6195,-51.3051],[-59.5863,-51.3438],[-59.4856,-51.3433],[-59.4614,-51.3511],[-59.4853,-51.3326],[-59.4721,-51.3193],[-59.4793,-51.3027],[-59.4594,-51.3278],[-59.4244,-51.3381],[-59.4513,-51.3108],[-59.4712,-51.304],[-59.4737,-51.2841],[-59.4915,-51.2759],[-59.5178,-51.275],[-59.5171,-51.2859],[-59.5494,-51.2781],[-59.5386,-51.2861],[-59.5529,-51.2911],[-59.542,-51.2942],[-59.5463,-51.3023],[-59.5877,-51.3114],[-59.6005,-51.3053],[-59.5883,-51.2826],[-59.5951,-51.2907],[-59.6033,-51.2849],[-59.5875,-51.2698],[-59.6032,-51.2613],[-59.6174,-51.2682],[-59.6533,-51.2641],[-59.6961,-51.2727],[-59.7257,-51.2684],[-59.7265,-51.257],[-59.7437,-51.2649],[-59.7502,-51.2513],[-59.7655,-51.2483]]],[[[-58.4847,-51.9897],[-58.4888,-51.9949],[-58.4698,-52.0031],[-58.4906,-51.9967],[-58.4935,-52.0058],[-58.5225,-52.0081],[-58.5123,-52.016],[-58.5335,-52.0103],[-58.5363,-52.0206],[-58.5506,-52.0193],[-58.5539,-52.028],[-58.5248,-52.0362],[-58.5133,-52.0555],[-58.5293,-52.0589],[-58.481,-52.0707],[-58.4744,-52.0848],[-58.4503,-52.0835],[-58.4642,-52.0795],[-58.4462,-52.0754],[-58.4443,-52.087],[-58.4669,-52.0944],[-58.4293,-52.1028],[-58.4271,-52.0965],[-58.4138,-52.0971],[-58.4338,-52.0881],[-58.4255,-52.0669],[-58.4377,-52.0646],[-58.4307,-52.06],[-58.4421,-52.0476],[-58.423,-52.0266],[-58.4348,-52.0233],[-58.4463,-52.041],[-58.4483,-52.0363],[-58.4656,-52.0402],[-58.4591,-52.0338],[-58.4702,-52.0272],[-58.4458,-52.0334],[-58.44,-52.0277],[-58.4596,-52.0174],[-58.4458,-52.0146],[-58.4587,-52.0092],[-58.4243,-52.0139],[-58.4204,-52.0243],[-58.4033,-52.0046],[-58.4249,-51.9931],[-58.4176,-52.003],[-58.4465,-52.0055],[-58.4493,-51.9952],[-58.4847,-51.9897]]],[[[-59.778,-52.1489],[-59.7794,-52.1396],[-59.8083,-52.1686],[-59.7916,-52.1705],[-59.7863,-52.1853],[-59.7613,-52.1791],[-59.7417,-52.1913],[-59.7397,-52.2228],[-59.754,-52.2291],[-59.7396,-52.2448],[-59.7523,-52.2529],[-59.7607,-52.2498],[-59.7621,-52.2667],[-59.7471,-52.296],[-59.736,-52.2927],[-59.7305,-52.2617],[-59.7176,-52.2667],[-59.6832,-52.2458],[-59.6895,-52.2291],[-59.6702,-52.2221],[-59.6938,-52.2177],[-59.6846,-52.1886],[-59.6975,-52.1683],[-59.768,-52.1739],[-59.778,-52.1489]]],[[[-61.2342,-51.7952],[-61.2445,-51.8025],[-61.2389,-51.8139],[-61.2658,-51.8087],[-61.2555,-51.8195],[-61.2615,-51.8308],[-61.2908,-51.8179],[-61.3063,-51.8001],[-61.3142,-51.8075],[-61.2976,-51.8306],[-61.3082,-51.8179],[-61.3125,-51.8218],[-61.3251,-51.8194],[-61.3473,-51.8243],[-61.3491,-51.8347],[-61.3216,-51.8387],[-61.3,-51.8601],[-61.2415,-51.8788],[-61.204,-51.8504],[-61.2239,-51.8465],[-61.2214,-51.851],[-61.2402,-51.8539],[-61.2355,-51.8619],[-61.2452,-51.8552],[-61.2645,-51.8615],[-61.2297,-51.843],[-61.2386,-51.8358],[-61.2559,-51.839],[-61.25,-51.8275],[-61.2396,-51.8206],[-61.2104,-51.8301],[-61.1955,-51.8218],[-61.211,-51.8195],[-61.2225,-51.7973],[-61.2342,-51.7952]]],[[[-59.9554,-51.2822],[-59.9754,-51.2928],[-59.99,-51.2857],[-59.9965,-51.2999],[-60.0254,-51.2987],[-60.0452,-51.3055],[-59.9887,-51.3452],[-59.9407,-51.3576],[-59.9288,-51.3559],[-59.9203,-51.3368],[-59.9457,-51.3298],[-59.9294,-51.3228],[-59.9497,-51.3172],[-59.93,-51.3162],[-59.9165,-51.3265],[-59.8997,-51.3124],[-59.9228,-51.3151],[-59.9554,-51.2822]]],[[[-59.6835,-52.3015],[-59.7403,-52.3174],[-59.7489,-52.3175],[-59.7434,-52.3067],[-59.7511,-52.3087],[-59.7644,-52.3178],[-59.7636,-52.3438],[-59.7846,-52.3406],[-59.8165,-52.3614],[-59.7866,-52.3637],[-59.7868,-52.3772],[-59.76,-52.3833],[-59.7356,-52.3596],[-59.7538,-52.3486],[-59.7215,-52.3359],[-59.717,-52.316],[-59.6896,-52.3153],[-59.6835,-52.3015]]],[[[-58.8253,-52.1557],[-58.8262,-52.1331],[-58.8632,-52.1775],[-58.8542,-52.1864],[-58.8566,-52.2142],[-58.8749,-52.2117],[-58.885,-52.2219],[-58.9147,-52.2138],[-58.9366,-52.2349],[-58.949,-52.2243],[-58.969,-52.2364],[-58.9753,-52.2243],[-58.9902,-52.2227],[-59.0038,-52.2483],[-58.9878,-52.2407],[-58.9358,-52.2432],[-58.879,-52.2236],[-58.8663,-52.2261],[-58.8504,-52.2099],[-58.8354,-52.2107],[-58.8263,-52.1992],[-58.8503,-52.1705],[-58.8253,-52.1557]]],[[[-61.2602,-51.6766],[-61.2696,-51.6781],[-61.2623,-51.6896],[-61.2762,-51.6954],[-61.3126,-51.6994],[-61.3187,-51.691],[-61.333,-51.6923],[-61.3096,-51.7225],[-61.3162,-51.7468],[-61.2957,-51.7643],[-61.2784,-51.7581],[-61.2857,-51.7531],[-61.2752,-51.7453],[-61.3047,-51.7398],[-61.2922,-51.7277],[-61.3002,-51.7215],[-61.2797,-51.7215],[-61.2935,-51.7065],[-61.2699,-51.6985],[-61.24,-51.718],[-61.255,-51.699],[-61.2108,-51.7018],[-61.212,-51.6899],[-61.2236,-51.6964],[-61.2496,-51.6906],[-61.2602,-51.6766]]],[[[-59.7504,-51.3202],[-59.7518,-51.3335],[-59.7816,-51.3222],[-59.7707,-51.3414],[-59.7496,-51.3482],[-59.7812,-51.3438],[-59.7957,-51.3475],[-59.79,-51.3528],[-59.8131,-51.351],[-59.8319,-51.3594],[-59.8072,-51.3645],[-59.8004,-51.3741],[-59.795,-51.3624],[-59.8149,-51.3603],[-59.7825,-51.3576],[-59.783,-51.3521],[-59.773,-51.3613],[-59.744,-51.3641],[-59.7663,-51.3657],[-59.7656,-51.3726],[-59.7462,-51.3712],[-59.7447,-51.3819],[-59.737,-51.3612],[-59.7223,-51.3566],[-59.6843,-51.3707],[-59.6603,-51.3706],[-59.6963,-51.3627],[-59.7335,-51.3425],[-59.7329,-51.3356],[-59.745,-51.3363],[-59.7504,-51.3202]]],[[[-60.5974,-51.2472],[-60.6017,-51.2424],[-60.5949,-51.2514],[-60.6062,-51.2705],[-60.5786,-51.2936],[-60.534,-51.2977],[-60.5286,-51.3066],[-60.5373,-51.3083],[-60.5217,-51.3189],[-60.5212,-51.3091],[-60.5096,-51.3056],[-60.5238,-51.2867],[-60.5974,-51.2472]]],[[[-60.8712,-51.9676],[-60.8826,-51.9636],[-60.8869,-51.9845],[-60.903,-51.9789],[-60.9087,-51.9896],[-60.9225,-51.9858],[-60.9503,-51.9971],[-60.9259,-51.9944],[-60.9056,-52.0077],[-60.8902,-52.0041],[-60.852,-52.0138],[-60.8473,-52.0039],[-60.8623,-52.0072],[-60.8599,-51.9999],[-60.8706,-52.0008],[-60.8723,-51.9942],[-60.8537,-51.9934],[-60.8632,-51.9903],[-60.8574,-51.9805],[-60.8666,-51.9827],[-60.8573,-51.972],[-60.8712,-51.9676]]],[[[-61.1249,-51.0222],[-61.1337,-51.0272],[-61.1094,-51.0491],[-61.1373,-51.0617],[-61.1263,-51.062],[-61.1269,-51.0724],[-61.1089,-51.0668],[-61.0908,-51.0776],[-61.0678,-51.0803],[-61.0653,-51.0751],[-61.0471,-51.0821],[-61.0941,-51.0431],[-61.0909,-51.0345],[-61.1249,-51.0222]]],[[[-59.5571,-51.7804],[-59.5359,-51.7567],[-59.5789,-51.7833],[-59.5881,-51.779],[-59.5968,-51.7878],[-59.6074,-51.7839],[-59.6258,-51.7902],[-59.6213,-51.8124],[-59.5907,-51.802],[-59.5592,-51.8061],[-59.5571,-51.7804]]],[[[-60.7313,-51.326],[-60.7357,-51.3361],[-60.714,-51.3508],[-60.7175,-51.3694],[-60.7033,-51.381],[-60.6637,-51.3514],[-60.6827,-51.354],[-60.6822,-51.3423],[-60.7313,-51.326]]],[[[-59.6919,-51.9359],[-59.7149,-51.942],[-59.709,-51.9649],[-59.7244,-51.975],[-59.6987,-51.9799],[-59.6977,-51.9918],[-59.672,-51.9839],[-59.6665,-51.9733],[-59.7014,-51.9598],[-59.6812,-51.9452],[-59.6919,-51.9359]]],[[[-59.6641,-52.3561],[-59.6577,-52.35],[-59.6832,-52.3617],[-59.666,-52.3607],[-59.6928,-52.376],[-59.7067,-52.3757],[-59.6987,-52.3669],[-59.7207,-52.3698],[-59.7205,-52.3796],[-59.7322,-52.3733],[-59.7444,-52.3834],[-59.7289,-52.3978],[-59.7208,-52.392],[-59.6986,-52.3966],[-59.6854,-52.3764],[-59.6483,-52.3705],[-59.6641,-52.3561]]],[[[-59.0766,-52.4214],[-59.1045,-52.4222],[-59.1523,-52.4386],[-59.1237,-52.4495],[-59.1081,-52.4385],[-59.0907,-52.4404],[-59.0733,-52.4313],[-59.0364,-52.4321],[-59.0766,-52.4214]]],[[[-61.2575,-51.0105],[-61.248,-51.0299],[-61.2238,-51.0397],[-61.2135,-51.036],[-61.1935,-51.0563],[-61.1651,-51.0559],[-61.1811,-51.0423],[-61.2104,-51.0357],[-61.2268,-51.0184],[-61.2575,-51.0105]]],[[[-59.7187,-51.3895],[-59.7289,-51.3919],[-59.7231,-51.3997],[-59.7354,-51.3947],[-59.7401,-51.4067],[-59.7222,-51.4227],[-59.6835,-51.4065],[-59.6849,-51.3983],[-59.6966,-51.3989],[-59.6876,-51.3903],[-59.7187,-51.3895]]],[[[-60.7009,-51.6045],[-60.6845,-51.6253],[-60.6941,-51.6675],[-60.6828,-51.6762],[-60.6568,-51.6592],[-60.675,-51.6465],[-60.6819,-51.6157],[-60.7009,-51.6045]]],[[[-60.8093,-51.5673],[-60.819,-51.5742],[-60.8034,-51.5829],[-60.7315,-51.5875],[-60.7613,-51.5713],[-60.7854,-51.5743],[-60.8093,-51.5673]]],[[[-59.7283,-52.0905],[-59.7182,-52.0444],[-59.7491,-52.079],[-59.7455,-52.0913],[-59.7283,-52.0905]]],[[[-59.6464,-51.3686],[-59.6723,-51.3742],[-59.6684,-51.3847],[-59.5947,-51.3791],[-59.6175,-51.3772],[-59.5901,-51.3716],[-59.6464,-51.3686]]],[[[-59.7062,-51.3326],[-59.7144,-51.3365],[-59.7004,-51.3524],[-59.6654,-51.3576],[-59.6778,-51.3497],[-59.6509,-51.3441],[-59.6521,-51.3582],[-59.6398,-51.3567],[-59.6339,-51.3483],[-59.6448,-51.3385],[-59.6608,-51.3436],[-59.6759,-51.3358],[-59.6816,-51.3502],[-59.6931,-51.3501],[-59.6959,-51.3427],[-59.7062,-51.3442],[-59.6972,-51.3322],[-59.7062,-51.3326]]],[[[-61.1701,-51.8753],[-61.1895,-51.8755],[-61.2159,-51.9109],[-61.1723,-51.8876],[-61.1626,-51.8761],[-61.1701,-51.8753]]],[[[-60.5017,-51.8261],[-60.4997,-51.8199],[-60.5106,-51.8358],[-60.4929,-51.8585],[-60.4709,-51.8517],[-60.4786,-51.8424],[-60.4691,-51.8361],[-60.4781,-51.827],[-60.4864,-51.8348],[-60.5017,-51.8261]]],[[[-59.8908,-51.2374],[-59.9018,-51.24],[-59.8886,-51.2581],[-59.841,-51.2631],[-59.8908,-51.2374]]],[[[-59.6049,-51.4046],[-59.6383,-51.4091],[-59.642,-51.4191],[-59.6233,-51.416],[-59.5941,-51.4261],[-59.6049,-51.4046]]],[[[-60.8505,-51.1939],[-60.9413,-51.2147],[-60.8801,-51.2092],[-60.8404,-51.1943],[-60.8505,-51.1939]]],[[[-60.902,-51.088],[-60.9202,-51.0883],[-60.8637,-51.1245],[-60.8592,-51.1135],[-60.8796,-51.1094],[-60.902,-51.088]]],[[[-61.1654,-51.9047],[-61.1644,-51.8911],[-61.1943,-51.9098],[-61.1799,-51.9141],[-61.1584,-51.9087],[-61.1476,-51.8946],[-61.1654,-51.9047]]],[[[-60.4575,-51.6049],[-60.4609,-51.6099],[-60.4381,-51.6216],[-60.4449,-51.6241],[-60.4187,-51.6283],[-60.435,-51.6167],[-60.4332,-51.6057],[-60.4474,-51.6104],[-60.4575,-51.6049]]],[[[-60.3957,-51.1429],[-60.4457,-51.1511],[-60.3947,-51.1545],[-60.3744,-51.1459],[-60.3957,-51.1429]]],[[[-58.6181,-52.1273],[-58.6146,-52.1172],[-58.6247,-52.1127],[-58.6285,-52.1309],[-58.6091,-52.1404],[-58.6122,-52.1515],[-58.5964,-52.1417],[-58.6181,-52.1273]]],[[[-58.0806,-51.5499],[-58.0955,-51.553],[-58.0907,-51.5587],[-58.04,-51.5634],[-58.0806,-51.5499]]],[[[-60.8393,-51.1492],[-60.8561,-51.152],[-60.8628,-51.1682],[-60.8793,-51.1712],[-60.8551,-51.1696],[-60.8294,-51.1607],[-60.8393,-51.1492]]],[[[-58.4896,-51.9714],[-58.4983,-51.9764],[-58.4694,-51.9851],[-58.4314,-51.9847],[-58.4399,-51.9774],[-58.4536,-51.9822],[-58.4896,-51.9714]]],[[[-59.6257,-51.7686],[-59.6647,-51.7906],[-59.6636,-51.7992],[-59.6355,-51.7848],[-59.6257,-51.7686]]],[[[-59.8342,-51.3663],[-59.8676,-51.3678],[-59.8704,-51.3757],[-59.8466,-51.3724],[-59.8342,-51.3792],[-59.8377,-51.373],[-59.824,-51.37],[-59.8342,-51.3663]]],[[[-61.1855,-51.8488],[-61.1906,-51.8442],[-61.2059,-51.8662],[-61.1679,-51.8559],[-61.1855,-51.8488]]],[[[-60.407,-51.3554],[-60.388,-51.3707],[-60.3703,-51.3728],[-60.3835,-51.3597],[-60.407,-51.3554]]],[[[-59.5911,-51.863],[-59.5878,-51.8567],[-59.5992,-51.8631],[-59.6075,-51.8591],[-59.6227,-51.8689],[-59.6111,-51.869],[-59.6082,-51.8779],[-59.5911,-51.863]]],[[[-59.675,-51.3774],[-59.7542,-51.3881],[-59.6778,-51.3867],[-59.675,-51.3774]]],[[[-60.7303,-51.4634],[-60.7258,-51.4729],[-60.6971,-51.4828],[-60.6928,-51.4747],[-60.7303,-51.4634]]],[[[-58.5441,-51.8962],[-58.5544,-51.8979],[-58.5253,-51.9134],[-58.5098,-51.9126],[-58.5068,-51.9071],[-58.5367,-51.9006],[-58.5167,-51.8989],[-58.5441,-51.8962]]],[[[-60.4892,-51.5477],[-60.5072,-51.5558],[-60.4914,-51.5699],[-60.4817,-51.5535],[-60.4892,-51.5477]]],[[[-61.0398,-51.7769],[-61.0723,-51.782],[-61.0692,-51.7948],[-61.0398,-51.7769]]],[[[-60.4213,-52.2046],[-60.4146,-52.2],[-60.4366,-52.2107],[-60.4588,-52.2055],[-60.4579,-52.2192],[-60.4337,-52.2156],[-60.4213,-52.2046]]],[[[-58.3895,-51.9948],[-58.3694,-52.009],[-58.3482,-52.0045],[-58.3546,-51.9968],[-58.3676,-52.0012],[-58.3895,-51.9948]]],[[[-58.7131,-52.1258],[-58.7345,-52.1291],[-58.7206,-52.1395],[-58.7028,-52.1321],[-58.7131,-52.1258]]],[[[-59.187,-52.9064],[-59.1873,-52.8918],[-59.1956,-52.92],[-59.187,-52.9064]]],[[[-59.561,-52.2631],[-59.5483,-52.2824],[-59.5305,-52.2751],[-59.561,-52.2631]]],[[[-61.1474,-51.7845],[-61.1624,-51.7852],[-61.1633,-51.7938],[-61.1466,-51.7922],[-61.146,-51.7985],[-61.1374,-51.7845],[-61.1474,-51.7845]]],[[[-58.1866,-51.8022],[-58.2259,-51.8049],[-58.1736,-51.8065],[-58.1866,-51.8022]]],[[[-60.3402,-51.6421],[-60.3425,-51.631],[-60.3613,-51.6357],[-60.3402,-51.6421]]],[[[-60.8894,-51.556],[-60.8753,-51.5681],[-60.8556,-51.5642],[-60.8894,-51.556]]],[[[-59.9139,-51.2136],[-59.9213,-51.2087],[-59.9364,-51.2164],[-59.8994,-51.2245],[-59.9139,-51.2136]]],[[[-58.9933,-52.137],[-59.0146,-52.1437],[-59.0137,-52.1505],[-58.9992,-52.1484],[-58.9933,-52.137]]],[[[-58.7342,-51.9222],[-58.7247,-51.9294],[-58.7359,-51.9329],[-58.7208,-51.9354],[-58.7092,-51.9361],[-58.7209,-51.9307],[-58.7009,-51.9263],[-58.7342,-51.9222]]],[[[-58.4576,-51.9506],[-58.4934,-51.9547],[-58.4643,-51.9621],[-58.4576,-51.9506]]],[[[-59.6699,-51.8869],[-59.6865,-51.8972],[-59.6669,-51.897],[-59.6625,-51.886],[-59.6699,-51.8869]]],[[[-59.6501,-51.9152],[-59.6579,-51.923],[-59.6392,-51.9302],[-59.6501,-51.9152]]],[[[-60.1556,-51.4133],[-60.1065,-51.4278],[-60.1251,-51.414],[-60.1556,-51.4133]]],[[[-59.6807,-52.0165],[-59.6841,-52.0279],[-59.6687,-52.0273],[-59.6662,-52.0188],[-59.6807,-52.0165]]],[[[-60.2214,-51.7574],[-60.2292,-51.7678],[-60.2147,-51.7797],[-60.2214,-51.7574]]],[[[-60.9904,-52.015],[-60.9965,-52.0047],[-61.0052,-52.013],[-60.9981,-52.0243],[-60.9904,-52.015]]],[[[-58.0757,-51.7864],[-58.0871,-51.7882],[-58.0609,-51.7944],[-58.0476,-51.7885],[-58.0757,-51.7864]]],[[[-60.524,-51.4881],[-60.533,-51.4918],[-60.528,-51.5009],[-60.5127,-51.4944],[-60.524,-51.4881]]],[[[-60.9204,-52.1674],[-60.924,-52.1619],[-60.94,-52.1691],[-60.9096,-52.1706],[-60.9204,-52.1674]]],[[[-61.1002,-51.7831],[-61.1097,-51.7802],[-61.1,-51.7941],[-61.0906,-51.7882],[-61.1002,-51.7831]]],[[[-59.6428,-51.3887],[-59.6704,-51.3893],[-59.6733,-51.4064],[-59.6676,-51.3916],[-59.6428,-51.3887]]],[[[-59.8419,-51.3441],[-59.855,-51.3492],[-59.8375,-51.3569],[-59.8303,-51.3526],[-59.8419,-51.3441]]],[[[-60.7632,-52.1468],[-60.771,-52.1349],[-60.7806,-52.1418],[-60.7632,-52.1468]]],[[[-59.6601,-51.9872],[-59.6636,-51.998],[-59.6448,-51.9943],[-59.647,-51.9875],[-59.6601,-51.9872]]],[[[-59.3123,-52.2452],[-59.3108,-52.2365],[-59.3258,-52.2532],[-59.3123,-52.2452]]],[[[-58.3807,-52.0112],[-58.3761,-52.018],[-58.3508,-52.0174],[-58.3807,-52.0112]]],[[[-59.8906,-51.3659],[-59.9071,-51.3732],[-59.8972,-51.3786],[-59.8845,-51.3703],[-59.8906,-51.3659]]]]}}
]}
